facility_name,city,state,county,lat,long,status,mw,operator_name,n_llm_events,earliest_llm_event_date,latest_llm_event_date,llm_event_types,timeline_summary
Project Marvel,Bessemer,AL,Jefferson,33.342,-87.0341,Proposed,1200,Logistic Land Investments LLC,7,2025,2026-02,court_ruling|lawsuit_filed|rezoning_applied|rezoning_council_decision|rezoning_planning_commission_recommendation,2025(year): rezoning_applied=filed by Logistic Land Investments LLC; 2025-04-14(day): lawsuit_filed=filed by Bessemer residents; 2025-04-14(day): court_ruling=granted by Court; 2025-04-23(day): court_ruling=vacated by Court; 2025-11-18(day): rezoning_council_decision=approved by Bessemer City Council; 2026-01(month): rezoning_applied=filed by Logistic Land Investments LLC; 2026-02(month): rezoning_planning_commission_recommendation=in_progress by Bessemer Planning and Zoning Commission
DC Blox,Birmingham,AL,Jefferson,33.50051,-86.821,Operating,,,0,,,,
Google Data Center,Bridgeport,AL,Jackson,34.92019,-85.7446,Operating,,Google,3,2015-06,2018-04,construction_started|other|project_announced,2015-06(month): project_announced=n_a by Google; 2018-04(month): construction_started=n_a by Google; 2018-04(month): other=n_a by Tennessee Valley Authority (TVA)
Western Hospitality Partners Data Center,Childersburg,AL,Talladega,33.340885,-86.336205,Proposed,500,,1,2025,2025,project_announced,2025(year): project_announced=planned by Western Hospitality Partners
DC Blox,Huntsville,AL,Madison,34.71003,-86.693,Operating,,,0,,,,
Meta Data Center,Huntsville,AL,Madison,34.84065,-86.6295,Operating,,Meta,3,2024-05,2026,construction_started|fully_operational|project_announced,2024-05(month): project_announced=n_a by Meta; 2024-05(month): construction_started=in_progress by Meta; 2026(year): fully_operational=planned by Meta
Meta Data Center,Montgomery,AL,Montgomery,32.27604,-86.3287,Approved/Permitted/Under construction,100-200,Meta,3,2024-05,2026,construction_started|fully_operational|project_announced,2024-05(month): project_announced=n_a by Meta; 2024-05(month): construction_started=in_progress by Meta; 2026(year): fully_operational=planned by Meta
Clarksville Data Center,Clarksville,AR,Johnson,35.454384,-93.44725,Proposed,,Serverfarm,4,2025,2025-11-27,land_purchased|project_announced|site_plan_applied|site_plan_approved,2025(year): land_purchased=n_a by Serverfarm / SF ARK1 LLC; 2025-11(month): site_plan_applied=filed by Serverfarm; 2025-11(month): site_plan_approved=approved by Clarksville Planning and Zoning Commission; 2025-11-27(day): project_announced=n_a by Serverfarm
Data center,Harrison,AR,Boone,36.21472,-93.0786,Operating,,Windstream,1,<UNKNOWN>,<UNKNOWN>,fully_operational,<UNKNOWN>(year): fully_operational=n_a by Windstream
Avaio Digital Leo,Little Rock,AR,Pulaski,34.618,-92.26808,Proposed,"150-1,000",Avaio Digital,5,2026,2027-06,construction_started|fully_operational|other|power_purchase_agreement_signed|project_announced,2026(year): construction_started=planned by Avaio Digital Partners; 2026-01(month): power_purchase_agreement_signed=approved by Entergy Arkansas; 2026-01(month): other=n_a by Avaio Digital Partners; 2026-01-12(day): project_announced=n_a by Avaio Digital Partners; 2027-06(month): fully_operational=planned by Avaio Digital Partners
Data center,Little Rock,AR,Pulaski,34.71681,-92.1737,Proposed,,Willowbend Capital LLC,3,2025-05-02,2025-05-02,other|project_announced,2025-05-02(day): project_announced=n_a by Willowbend Capital LLC; 2025-05-02(day): other=approved by Little Rock Board of Directors; 2025-05-02(day): other=approved by Little Rock Board of Directors
Brightspeed Data Center,Russellville,AR,Pope,35.27746,-93.1372,Operating,,,3,2000,2025-04-09,fully_operational|other,2000(year): fully_operational=n_a by Brightspeed; 2021(year): other=n_a by Apollo Global Management / Brightspeed; 2025-04-09(day): other=in_progress by Cushman & Wakefield / Sage Partners
Groot LLC/ Google,West Memphis/Proctor,AR,Crittenden,35.11835,-90.2123,Approved/Permitted/Under construction,,Google,3,2025-05,2025-05-20,other|project_announced|rezoning_council_decision,2025-05(month): rezoning_council_decision=approved by West Memphis City Council; 2025-05(month): other=approved by City of West Memphis; 2025-05-20(day): project_announced=n_a by City of West Memphis / Mayor Marco McClendon
Prime Data Center,Avondale,AZ,Maricopa,33.40756,-112.311,Approved/Permitted/Under construction,210,Prime Data Centers,3,2023-04,2025,land_purchased|other|project_announced,2023-04(month): land_purchased=n_a by Prime Data Centers; 2023-05-04(day): project_announced=n_a by Prime Data Centers; 2025(year): other=planned by Prime Data Centers
H5 Data Center,Chandler,AZ,Maricopa,33.27716,-111.886,Operating,32,H5 Data Centers,2,2023-06-30,2023-06-30,other|project_announced,2023-06-30(day): project_announced=n_a by H5 Data Centers; 2023-06-30(day): other=n_a by H5 Data Centers
Compass Data Center,Goodyear,AZ,Maricopa,33.44123,-112.377,Approved/Permitted/Under construction,,Compass Data Centers,4,2019-01,2019-07-10,construction_started|land_purchased|project_announced|rezoning_council_decision,2019-01(month): land_purchased=n_a by Compass Datacenters; 2019-03(month): rezoning_council_decision=approved by City of Goodyear; 2019-07(month): construction_started=n_a by Compass Datacenters; 2019-07-10(day): project_announced=n_a by Compass Datacenters
Microsoft Data Center,Goodyear,AZ,Maricopa,33.410748,-112.36683,Operating,,Microsoft,0,,,,
Stream Data Center,Goodyear,AZ,Maricopa,33.41965,-112.35942,Approved/Permitted/Under construction,200,Stream Data Centers,7,2019,2023-07,land_purchased|partial_operational|project_announced|rezoning_applied|rezoning_council_decision|rezoning_planning_commission_recommendation|site_plan_approved,2019(year): land_purchased=n_a by Stream Data Centers; 2020(year): project_announced=n_a by Stream Data Centers; 2023(year): site_plan_approved=approved by Maricopa County; 2023-07(month): rezoning_applied=filed by Stream Data Centers; 2023-07(month): rezoning_planning_commission_recommendation=recommended_approval by Goodyear Planning and Zoning Commission; 2023-07(month): rezoning_council_decision=planned by Goodyear City Council; 2023-07(month): partial_operational=n_a by Stream Data Centers
Vantage Data Center,Goodyear,AZ,Maricopa,33.44718,-112.373,Approved/Permitted/Under construction,176,Vantage Data Centers,7,2019,2024,construction_started|land_purchased|other|partial_operational,2019(year): land_purchased=n_a by Vantage Data Centers; 2019(year): construction_started=n_a by Vantage Data Centers; 2021-11-24(day): other=n_a by Vantage Data Centers; 2022(year): partial_operational=planned by Vantage Data Centers; 2023(year): other=granted by OSHA; 2023-07-06(day): other=n_a by Vantage Data Centers; 2024(year): partial_operational=planned by Vantage Data Centers
Project Blue (version 2),Marana,AZ,Pima,32.4929,-111.28652,Proposed,250-600,Beale Infrastructure,10,2024,2025-01-07,land_purchased|lawsuit_filed|other|public_hearing_held|rezoning_council_decision|rezoning_planning_commission_recommendation,2024(year): other=approved by Marana Town Council; 2024-08(month): other=denied by Tucson City Council; 2024-12(month): rezoning_planning_commission_recommendation=recommended_approval by Marana Planning and Zoning Commission; 2024-12(month): other=approved by Arizona Corporation Commission; 2024-12-24(day): land_purchased=approved by Humphrey's Peak Properties LLC / Beale Infrastructure; 2024-12-24(day): rezoning_council_decision=approved by Pima County Board of Supervisors; 2024-12-24(day): land_purchased=approved by Pima County Board of Supervisors; 2025-01(month): lawsuit_filed=filed by Arizona Attorney General Kris Mayes; 2025-01-07(day): public_hearing_held=n_a by Marana Town Council; 2025-01-07(day): rezoning_council_decision=approved by Marana Town Council
Amazon Data Center,Mesa,AZ,Maricopa,33.29757,-111.607,Proposed,,Amazon,2,2021-12,2023-09-27,land_purchased|project_announced,2021-12(month): land_purchased=n_a by Amazon; 2023-09-27(day): project_announced=filed by Amazon
Amazon Data Center,Mesa,AZ,Maricopa,33.34263,-111.604,Proposed,,Amazon,2,2021-12,2023-09-27,land_purchased|project_announced,2021-12(month): land_purchased=n_a by Amazon; 2023-09-27(day): project_announced=filed by Amazon
Apple Data Center,Mesa,AZ,Maricopa,33.3471,-111.604,Operating,,,1,2023-09-27,2023-09-27,fully_operational,2023-09-27(day): fully_operational=n_a by Apple
Meta Data Center,Mesa,AZ,Maricopa,33.35076,-111.67,Approved/Permitted/Under construction,,Meta,0,,,,
NTT Data Center,Mesa,AZ,Maricopa,33.35061,-111.61,Operating,240,,8,2020-08,2026-01,fully_operational|land_purchased|other|project_announced,2020-08(month): project_announced=n_a by NTT Global Data Centers; 2021-07(month): other=n_a by NTT Global Data Centers; 2023-11(month): project_announced=planned by NTT Global Data Centers; 2024-09(month): other=approved by Mesa City Council; 2025(year): fully_operational=n_a by NTT Global Data Centers; 2025(year): other=planned by NTT Global Data Centers; 2025-03-28(day): land_purchased=n_a by NTT Global Data Centers; 2026-01(month): other=filed by NTT Global Data Centers
NTT Data Center,Mesa,AZ,Maricopa,33.29556,-111.614,Approved/Permitted/Under construction,200,NTT Global Data Centers,8,2020-08,2026-01,fully_operational|land_purchased|other|project_announced,2020-08(month): project_announced=n_a by NTT Global Data Centers; 2021-07(month): other=n_a by NTT Global Data Centers; 2023-11(month): project_announced=planned by NTT Global Data Centers; 2024-09(month): other=approved by Mesa City Council; 2025(year): fully_operational=n_a by NTT Global Data Centers; 2025(year): other=planned by NTT Global Data Centers; 2025-03-28(day): land_purchased=n_a by NTT Global Data Centers; 2026-01(month): other=filed by NTT Global Data Centers
Page Data Center,Page,AZ,Coconino,36.898376,-111.483154,Proposed,,Huntley LLC,5,2025-09,2025-11,land_purchased|other|project_announced|public_hearing_held|rezoning_council_decision,2025-09(month): project_announced=n_a by Huntley LLC / Rooskey; 2025-09(month): public_hearing_held=n_a by Page City Council; 2025-10(month): rezoning_council_decision=approved by Page City Council; 2025-10(month): land_purchased=in_progress by Huntley LLC; 2025-11(month): other=in_progress by Page residents
Aligned,Phoenix,AZ,Maricopa,33.65898,-112.111,Operating,180,,5,2017,2022-10-12,construction_started|fully_operational|land_purchased|project_announced,2017(year): fully_operational=n_a by Aligned Data Centers; 2018(year): construction_started=n_a by Aligned Data Centers; 2022-03(month): project_announced=planned by Aligned Data Centers; 2022-10(month): land_purchased=n_a by Aligned Data Centers; 2022-10-12(day): project_announced=planned by Aligned Data Centers
Expedient Data Center,Phoenix,AZ,Maricopa,33.56452,-112.112,Operating,2.4,Expedient,2,2021-10,2021-11-02,fully_operational|land_purchased,2021-10(month): land_purchased=approved by Five 9s Digital; 2021-11-02(day): fully_operational=n_a by Expedient
PHX1,Phoenix,AZ,Maricopa,33.56456,-112.112,Operating,3.6,,1,2025,2025,fully_operational,2025(year): fully_operational=n_a by Expedient
QTS,Phoenix,AZ,Maricopa,33.45193,-112.072,Operating,32,QTS Data Centers,4,2022,2023-05-18,construction_started|fully_operational|land_purchased|project_announced,2022(year): land_purchased=n_a by QTS Realty Trust; 2023-03-21(day): construction_started=n_a by QTS Data Centers; 2023-05-18(day): project_announced=n_a by QTS Data Centers; 2023-05-18(day): fully_operational=n_a by QTS Data Centers
QTS,Phoenix,AZ,Maricopa,33.46237,-111.996,Operating,42,QTS Data Centers,4,2022,2023-05-18,construction_started|fully_operational|land_purchased|project_announced,2022(year): land_purchased=n_a by QTS Realty Trust; 2023-03-21(day): construction_started=n_a by QTS Data Centers; 2023-05-18(day): project_announced=n_a by QTS Data Centers; 2023-05-18(day): fully_operational=n_a by QTS Data Centers
Tract Phoenix Data Center,Phoenix,AZ,Maricopa,33.41019,-112.713,Approved/Permitted/Under construction,,Tract Data Centers,3,2024-08-28,2024-08-28,land_purchased|other|project_announced,2024-08-28(day): project_announced=n_a by Tract Data Centers; 2024-08-28(day): land_purchased=n_a by Tract Data Centers; 2024-08-28(day): other=in_progress by Tract Data Centers / local utility
Vermaland Data Center,Red Rock,AZ,Pinal,32.55145,-111.452,Proposed,">3,000",Vermaland LLC,1,2025-07-30,2025-07-30,project_announced,2025-07-30(day): project_announced=n_a by Vermaland LLC
Arizona Land Consulting Co.,Tonopah,AZ,Maricopa,33.49648,-112.775,Proposed,1500,,3,2025-03,2025-05-27,land_purchased|other|project_announced,2025-03(month): other=n_a by Arizona Land Consulting; 2025-05(month): land_purchased=n_a by Arizona Land Consulting; 2025-05-27(day): project_announced=n_a by Arizona Land Consulting
Project Blue (version 1),Tucson,AZ,Pima,32.05091,-110.783,Cancelled,,Beale Infrastructure,8,2025,2026,construction_started|land_purchased|other|project_announced|project_cancelled|rezoning_applied|rezoning_council_decision,2025(year): rezoning_applied=filed by Beale Infrastructure; 2025(year): rezoning_council_decision=denied by Tucson City Council; 2025(year): project_cancelled=halted by Tucson City Council; 2025-06(month): land_purchased=approved by Beale Infrastructure; 2025-06-18(day): rezoning_council_decision=approved by Pima County Board of Supervisors; 2025-06-19(day): project_announced=n_a by Beale Infrastructure; 2025-12(month): other=approved by Arizona Corporation Commission; 2026(year): construction_started=planned by Beale Infrastructure
Data center: Davis-Monthan Air Force Base,Tucson,AZ,Pima,32.164318,-110.86484,Proposed,,,4,2025-03,2026-01-26,other|project_announced,2025-03(month): other=filed by US Department of the Air Force; 2025-10-15(day): other=filed by US Department of the Air Force; 2025-10-16(day): project_announced=n_a by US Department of the Air Force; 2026-01-26(day): other=n_a by US Energy Information Administration
"Aligned: PHX-13, PHX-12, PHX-14. PHX-07",Waddell,AZ,Maricopa,33.56351,-112.388,Approved/Permitted/Under construction,,Aligned Data Centers,5,2024-10,2025-04-17,construction_started|land_purchased|other|project_announced,2024-10(month): land_purchased=approved by Aligned Data Centers; 2024-12(month): land_purchased=approved by Aligned Data Centers; 2025(year): other=planned by Aligned Data Centers; 2025-04-17(day): construction_started=n_a by Aligned Data Centers; 2025-04-17(day): project_announced=n_a by Aligned Data Centers
"Takanock Data Center ""Project Baccara""",Waddell,AZ,Maricopa,33.56755,-112.37177,Proposed,700,DigitalBridge,8,2026,2026-05,air_permit_applied|construction_started|other|project_announced|public_hearing_held|rezoning_council_decision|rezoning_planning_commission_recommendation|special_use_permit_applied,2026(year): construction_started=planned by Takanock; 2026-01-19(day): project_announced=n_a by Takanock / DigitalBridge; 2026-01-19(day): other=filed by Takanock; 2026-01-19(day): air_permit_applied=filed by Takanock; 2026-04-09(day): public_hearing_held=n_a by Maricopa County Planning and Zoning Commission; 2026-04-09(day): rezoning_planning_commission_recommendation=recommended_approval by Maricopa County Planning and Zoning Commission; 2026-04-13(day): special_use_permit_applied=in_progress by Takanock; 2026-05(month): rezoning_council_decision=planned by Maricopa County Board of Supervisors
Guadalupe Quarry Redevelopment Project Data Center,Brisbane,CA,San Mateo,37.68586,-122.416,Proposed,,,6,2021-07,2025-07-25,other|project_announced|public_hearing_held|state_environmental_review_decision|state_environmental_review_initiated,2021-07(month): project_announced=filed by Orchard Partners LLC; 2021-07(month): state_environmental_review_initiated=in_progress by City of Brisbane; 2025-01(month): public_hearing_held=n_a by City of Brisbane; 2025-04-23(day): public_hearing_held=n_a by Orchard Partners LLC; 2025-07-25(day): other=n_a by Orchard Partners LLC; 2025-07-25(day): state_environmental_review_decision=in_progress by City of Brisbane
Data center: Edwards Air Force Base (7 sites),Edwards,CA,Kern,34.912052,-117.93109,Proposed,,,2,2025-10-15,2025-11-14,other,2025-10-15(day): other=filed by US Department of the Air Force; 2025-11-14(day): other=planned by US Department of the Air Force
Imperial Data Center Project,Imperial,CA,Imperial,32.81923,-115.56083,Approved/Permitted/Under construction,330,"Imperial Valley Computer Manufacturing, LLC",11,2025,2027-01,lawsuit_filed|other|project_announced|public_hearing_held|rezoning_planning_commission_recommendation,"2025(year): project_announced=n_a by Imperial Valley Computer Manufacturing, LLC; 2025(year): other=filed by Imperial Valley Computer Manufacturing, LLC; 2025(year): rezoning_planning_commission_recommendation=recommended_denial by Imperial County Planning Commission; 2025-12(month): other=denied by Imperial County; 2026(year): other=n_a by Imperial Valley Computer Manufacturing, LLC; 2026-01(month): lawsuit_filed=filed by City of Imperial; 2026-01(month): public_hearing_held=n_a by Imperial County; 2026-01-12(day): other=filed by Imperial Valley Computer Manufacturing, LLC; 2026-01-21(day): other=in_progress by Imperial County; 2026-04-07(day): other=approved by Imperial County Board of Supervisors; 2027-01(month): other=planned by Imperial Irrigation District"
AWS Gilroy,Gilroy,CA,Santa Clara,37.018684,-121.56053,Approved/Permitted/Under construction,49-98,Amazon,4,2020,2025-12-11,building_permit_issued|land_purchased|other|project_announced,2020(year): land_purchased=n_a by Amazon Data Services; 2022(year): project_announced=n_a by Amazon Data Services; 2025-07-03(day): other=approved by Gilroy Community Development Director (Sharon Goei); 2025-12-11(day): building_permit_issued=approved by City of Gilroy
Buena Vista Biomass Power site Data Center,Ione,CA,Amador,38.277733,-120.91554,Proposed,41,,4,2025,2026-02,land_purchased|other|power_purchase_agreement_signed|project_announced,2025(year): power_purchase_agreement_signed=approved by NewYork GreenCloud / Atlas Cloud AI; 2026-01-19(day): land_purchased=approved by NewYork GreenCloud; 2026-01-19(day): project_announced=n_a by NewYork GreenCloud; 2026-02(month): other=planned by NewYork GreenCloud
ECL,Mountain View,CA,Santa Clara,37.39589,-122.047,Operating,,,1,<UNKNOWN>,<UNKNOWN>,fully_operational,<UNKNOWN>(year): fully_operational=n_a by unknown
Sacramento EdgeConneX Edge Data Center (EDC) (SAC01),Rancho Cordoba,CA,Sacramento,38.59231,-121.277,Operating,1.5-3,,1,2025,2025,fully_operational,2025(year): fully_operational=n_a by EdgeConneX
Equinix,San Jose,CA,Santa Clara,37.23319,-121.78072,Approved/Permitted/Under construction,40,Equinix,3,2024-04,2026-01-22,fully_operational|other|project_announced,2024-04(month): project_announced=n_a by Equinix; 2025(year): other=approved by PG&E / City of San Jose; 2026-01-22(day): fully_operational=n_a by Equinix
LBA Realty Data Center,San Jose,CA,Santa Clara,37.381,-121.935,Proposed,,,3,2025-07-08,2025-07-08,other|project_announced|site_plan_applied,2025-07-08(day): project_announced=planned by LBA Realty; 2025-07-08(day): site_plan_applied=filed by LBA Realty; 2025-07-08(day): other=planned by PG&E
Prologis,San Jose,CA,Santa Clara,37.423885,-121.94313,Proposed,396,Prologis,3,2025-11,2025-11-21,other|project_announced|rezoning_council_decision,2025-11(month): rezoning_council_decision=approved by San Jose City Council; 2025-11(month): other=recommended_approval by San Jose City Staff; 2025-11-21(day): project_announced=n_a by Prologis
Colovore,Santa Clara,CA,Santa Clara,37.37668,-121.953,Operating,,,7,2014,other_info,fully_operational|other|project_announced,2014(year): project_announced=n_a by Colovore; 2014(year): fully_operational=n_a by Colovore; 2022-02(month): other=n_a by Colovore; 2022-11(month): project_announced=n_a by Colovore; 2024(year): other=n_a by Colovore; 2024-12(month): fully_operational=planned by Colovore; other_info(year): other=n_a by Colovore
Colovore,Santa Clara,CA,Santa Clara,37.37739,-121.953,Operating,,,7,2014,other_info,fully_operational|other|project_announced,2014(year): project_announced=n_a by Colovore; 2014(year): fully_operational=n_a by Colovore; 2022-02(month): other=n_a by Colovore; 2022-11(month): project_announced=n_a by Colovore; 2024(year): other=n_a by Colovore; 2024-12(month): fully_operational=planned by Colovore; other_info(year): other=n_a by Colovore
CoreSite SV9,Santa Clara,CA,Santa Clara,37.37492,-121.969,Proposed,34,,3,2022-03,2025-07,construction_started|fully_operational|rezoning_council_decision,2022-03(month): rezoning_council_decision=approved by City of Santa Clara; 2023(year): construction_started=n_a by CoreSite; 2025-07(month): fully_operational=n_a by CoreSite
Digital Realty SJC14,Santa Clara,CA,Santa Clara,37.37578,-121.95516,Proposed,9,Digital Realty,0,,,,
Digital Realty SJC37 Data Center,Santa Clara,CA,Santa Clara,37.371067,-121.94693,Approved/Permitted/Under construction,100,Digital Realty,1,<UNKNOWN>,<UNKNOWN>,fully_operational,<UNKNOWN>(year): fully_operational=n_a by Digital Realty
EdgeCore Data Center,Santa Clara,CA,Santa Clara,37.38413,-121.965744,Operating,72,EdgeCore,2,2023-01,2025-09,construction_started|fully_operational,2023-01(month): construction_started=n_a by EdgeCore; 2025-09(month): fully_operational=n_a by EdgeCore
Santa Clara EdgeConneX Edge Data Center (EDC) - SVC01,Santa Clara,CA,Santa Clara,37.36431,-121.959,Operating,,,2,2025,2025,fully_operational|other,2025(year): fully_operational=n_a by EdgeConneX; 2025(year): other=approved by U.S. Environmental Protection Agency
Nautilus Data Technology,Stockton,CA,San Joaquin,37.96411,-121.369,Operating,,,2,2025-03-11,2025-03-11,fully_operational|project_announced,2025-03-11(day): project_announced=n_a by Cerebras Systems; 2025-03-11(day): fully_operational=n_a by Cerebras Systems
Cerebras Systems Data Center,Sunnyvale,CA,Santa Clara,37.38112,-121.993,Operating,,,2,2025-03-11,2025-03-11,fully_operational|project_announced,2025-03-11(day): project_announced=n_a by Cerebras Systems; 2025-03-11(day): fully_operational=n_a by Cerebras Systems
Digital Data Center,Vernon,CA,Los Angeles,34.00368,-118.229675,Proposed,32,California Digital Realty,2,2025-11,2025-11-06,land_purchased|project_announced,2025-11(month): land_purchased=n_a by Digital Realty; 2025-11-06(day): project_announced=n_a by Digital Realty
DEN1,Centennial,CO,Arapahoe,39.58275,-104.841,Operating,1.6,,1,<UNKNOWN>,<UNKNOWN>,fully_operational,<UNKNOWN>(year): fully_operational=n_a by Expedient
Data center,Colorado Springs,CO,El Paso,38.99734,-104.792,Operating,3,Flexential,1,2024,2024,fully_operational,2024(year): fully_operational=n_a by Flexential
CoreSite DE1 Data Center,Denver,CO,Denver,39.74566,-104.99561,Operating,,CoreSite,2,2025-10-06,2025-10-06,fully_operational|other,2025-10-06(day): other=n_a by CoreSite; 2025-10-06(day): fully_operational=n_a by CoreSite
CoreSite DE2 Data Center,Denver,CO,Denver,39.745472,-104.97931,Operating,,CoreSite,1,2025-10-06,2025-10-06,fully_operational,2025-10-06(day): fully_operational=n_a by CoreSite
CoreSite DE3 Data Center,Elyria-Swansea (Denver),CO,Denver,39.785824,-104.962845,Approved/Permitted/Under construction,75,CoreSite,3,2025,2026,construction_started|other|site_plan_approved,2025(year): construction_started=in_progress by CoreSite; 2025-03(month): site_plan_approved=approved by Denver Community Planning and Development; 2026(year): other=planned by CoreSite
Cielo Digital Infrastructure,Hudson,CO,Weld,40.09549,-104.609,Proposed,750,,1,2025-06-24,2025-06-24,project_announced,2025-06-24(day): project_announced=planned by Cielo Digital Infrastructure
Atlas Capital Group,Bloomfield,CT,Hartford,41.88474,-72.7435,Proposed,,,3,2025-06,2025-07-12,other|project_announced|public_hearing_held,2025-06(month): public_hearing_held=n_a by Bloomfield Planning and Zoning Commission; 2025-07(month): other=planned by Atlas Capital Group; 2025-07-12(day): project_announced=filed by Atlas Capital Group
GotSpace Data Center,Bozrah,CT,New London,41.5586,-72.1706,Proposed,,,2,2022-08,2025-07-15,other|project_announced,2022-08(month): project_announced=n_a by NE Edge / GotSpace Data Partners; 2025-07-15(day): other=n_a by NE Edge
NE Edge Data Center,Waterford,CT,New London,41.31387,-72.1673,Proposed,1500,,1,2023-02,2023-02,other,2023-02(month): other=filed by NE Edge
Starwood Digital Ventures,New Castle,DE,New Castle,39.60745,-75.6397,Suspended,1200,,8,2025,2028,appeals_court_ruling|conditional_use_permit_applied|construction_started|partial_operational|project_announced|project_suspended|state_environmental_review_decision,2025(year): state_environmental_review_decision=denied by Delaware environmental authority; 2025(year): appeals_court_ruling=n_a by Starwood Digital Ventures; 2025-07-11(day): project_announced=n_a by Starwood Digital Ventures; 2025-07-11(day): conditional_use_permit_applied=filed by Starwood Digital Ventures / New Castle Campus Development LLC; 2026(year): construction_started=planned by Starwood Digital Ventures; 2026-03-26(day): appeals_court_ruling=upheld by Delaware State Board; 2026-03-26(day): project_suspended=halted by Starwood Digital Ventures; 2028(year): partial_operational=planned by Starwood Digital Ventures
Data center,Fort Meade,FL,Polk,27.79178,-81.8185,Approved/Permitted/Under construction,,,5,2025,2026-04,other|rezoning_applied|rezoning_council_decision|site_plan_approved|water_permit_applied,2025(year): rezoning_applied=filed by Bohler Places LLC; 2025-06-10(day): rezoning_council_decision=approved by Fort Meade City Commission; 2026-04(month): site_plan_approved=approved by Fort Meade City Commission; 2026-04(month): other=approved by Fort Meade City Commission; 2026-04(month): water_permit_applied=in_progress by Southwest Florida Water Management District
"Sentinel Grove Technology Park/ ""Project Jarvis""",Fort Pierce,FL,St Lucie,27.45444,-80.55799,Suspended,1000,,5,2024-07,2025-10-22,land_purchased|project_announced|project_suspended|public_hearing_held|rezoning_planning_commission_recommendation,2024-07(month): land_purchased=n_a by Epic Estates 68 LLC; 2025-10-16(day): project_announced=n_a by Timberline Real Estate Partners / HJA Design Studios; 2025-10-16(day): public_hearing_held=n_a by St. Lucie County Planning and Zoning Commission; 2025-10-16(day): rezoning_planning_commission_recommendation=recommended_denial by St. Lucie County Planning and Zoning Commission; 2025-10-22(day): project_suspended=halted by Timberline Real Estate Partners
Cielo Digital Infrastructure,Haines City,FL,Polk,28.17875,-81.6457,Proposed,300,,1,2025-06-24,2025-06-24,project_announced,2025-06-24(day): project_announced=planned by Cielo Digital Infrastructure
Project Tango,Loxahatchee,FL,Palm Beach,26.694838,-80.37178,Approved/Permitted/Under construction,,,5,2016,2025-12-11,conditional_use_permit_applied|other|public_hearing_held|rezoning_planning_commission_recommendation,2016(year): other=approved by Palm Beach County; 2025(year): conditional_use_permit_applied=filed by PBA Holdings; 2025-12(month): rezoning_planning_commission_recommendation=recommended_approval by Palm Beach County Zoning Commission; 2025-12(month): other=n_a by Local residents; 2025-12-11(day): public_hearing_held=n_a by Palm Beach County
HostDime Data Center,Maitland,FL,Orange,28.6146,-81.3857,Proposed,,,5,2016,2025-09-03,construction_started|other|rezoning_council_decision,2016(year): rezoning_council_decision=approved by Town of Eatonville; 2021(year): construction_started=n_a by HostDime; 2024-06(month): other=approved by Town of Eatonville; 2025-07(month): other=approved by Town of Eatonville; 2025-09-03(day): other=filed by HostDime
Iron Mountain Data Center,Miami,FL,Miami-Dade,25.88661,-80.2539,Approved/Permitted/Under construction,16,,4,2023-11,2026,construction_started|fully_operational|other|project_announced,2023-11(month): project_announced=n_a by Iron Mountain; 2025-02(month): construction_started=n_a by Iron Mountain; 2025-08-08(day): other=n_a by Iron Mountain; 2026(year): fully_operational=planned by Iron Mountain
Dixon Data Center/Project Sassy,Adairsville,GA,Floyd,34.37998,-85.034,Proposed,200,Atlas Development,4,2025-01,2025-02-25,other|project_announced|rezoning_applied|rezoning_planning_commission_recommendation,2025-01(month): project_announced=n_a by Atlas Development; 2025-02(month): rezoning_applied=filed by Atlas Development; 2025-02(month): other=filed by Atlas Development; 2025-02-25(day): rezoning_planning_commission_recommendation=planned by Floyd County Planning Commission
Project Springbank,Adairsville,GA,Bartow,34.30926,-84.9633,Cancelled,78,Atlas Development,3,2025,2025-02-17,other|project_announced|project_withdrawn,2025(year): project_withdrawn=withdrawn by Atlas Development LLC; 2025-02-17(day): other=filed by Atlas Development LLC; 2025-02-17(day): project_announced=n_a by Atlas Development LLC
Alpharetta GA1,Alpharetta,GA,Fulton,34.063183,-84.272896,Operating,4.300000191,365 Data Centers,2,1999,1999,fully_operational|other,1999(year): fully_operational=n_a by 365 Data Centers; 1999(year): other=n_a by 365 Data Centers
AT&T Data Center,Alpharetta,GA,Fulton,34.086502,-84.27612,Operating,11,,3,2002,2026-01-21,fully_operational|other,2002(year): fully_operational=n_a by AT&T; 2006(year): other=n_a by AT&T; 2026-01-21(day): other=n_a by Franklin Street Real Estate / KBC Advisors
ATL2,Alpharetta,GA,Fulton,34.057144,-84.273,Operating,12,Lincoln Rackhouse,4,2017,2025,fully_operational|land_purchased|other,2017(year): other=approved by Ascent; 2018(year): fully_operational=n_a by Ascent; 2022-08(month): land_purchased=n_a by Lincoln Rackhouse; 2025(year): land_purchased=n_a by GI Partners
Atlanta-Alpharetta,Alpharetta,GA,Fulton,34.086994,-84.25179,Operating,6,Flexential,3,2017-08,2019,fully_operational|other,2017-08(month): other=n_a by Peak 10; 2018-01(month): other=n_a by Flexential; 2019(year): fully_operational=n_a by Flexential
Data center(s),Appling,GA,Columbia,33.49546,-82.337,Proposed,,,4,2025-05-01,2025-05-01,project_announced|rezoning_applied|rezoning_planning_commission_recommendation|state_environmental_review_initiated,2025-05-01(day): rezoning_applied=filed by Economic Development Authority of Columbia County; 2025-05-01(day): rezoning_planning_commission_recommendation=planned by Columbia County Planning Commission; 2025-05-01(month): state_environmental_review_initiated=filed by Georgia Department of Community Affairs; 2025-05-01(day): project_announced=n_a by Economic Development Authority of Columbia County
White Oak Technology Park,Appling,GA,Columbia,33.51421,-82.34112,Proposed,,Trammell Crow Company,6,2025-04-08,2025-05-07,other|state_environmental_review_decision|state_environmental_review_initiated,2025-04-08(day): state_environmental_review_initiated=filed by Columbia County / Trammell Crow Company; 2025-04-18(day): other=filed by Columbia County / Trammell Crow Company; 2025-04-21(day): other=in_progress by Georgia Department of Community Affairs; 2025-04-22(day): other=approved by Georgia Department of Community Affairs; 2025-04-22(day): other=in_progress by Georgia Department of Community Affairs; 2025-05-07(day): state_environmental_review_decision=n_a by Central Savannah River Area Regional Development Center
Athens Studio Data Center ,Athens,GA,Clarke,33.970966,-83.31563,Proposed,,,1,2025-12-18,2025-12-18,project_announced,2025-12-18(day): project_announced=planned by Athena Studios
10 Forsyth St NW,Atlanta,GA,Fulton,33.755455,-84.39201,Proposed,45,Digital Realty,3,2022-06,2022-08,building_permit_applied|project_announced|public_hearing_held,2022-06(month): building_permit_applied=filed by Digital Realty; 2022-06-16(day): project_announced=n_a by Digital Realty; 2022-08(month): public_hearing_held=planned by City of Atlanta
470 Exchange,Atlanta,GA,Fulton,33.83952,-84.37284,Operating,2.549999952,Facility Gateway Corporation,0,,,,
American Tower EDC Atlanta,Atlanta,GA,Fulton,33.68953,-84.51075,Operating,1,American Tower Corporation,0,,,,
AT&T Southern Bell Telephone Company Building,Atlanta,GA,Fulton,33.7558,-84.3857,Operating,,AT&T,5,1929,1963,construction_started|fully_operational|other,1929(year): construction_started=n_a by AT&T (Southern Bell); 1929(year): fully_operational=n_a by AT&T; 1947(year): other=n_a by AT&T (Southern Bell); 1948(year): other=n_a by AT&T (Southern Bell); 1963(year): other=n_a by AT&T (Southern Bell)
ATL1,Atlanta,GA,DeKalb,33.926537,-84.32673,Operating,15,Lincoln Rackhouse,4,1999,2019,fully_operational|other,1999(year): fully_operational=n_a by Lincoln Rackhouse; 2001(year): other=n_a by Lincoln Rackhouse; 2017(year): other=n_a by Internap; 2019(year): other=n_a by Lincoln Rackhouse
ATL2 Colo Data Center,Atlanta,GA,Fulton,33.761627,-84.39127,Operating,3,Hivelocity,0,,,,
Atlanta,Atlanta,GA,Fulton,33.75543,-84.39146,Operating,3,Corespace,1,2024,2024,fully_operational,2024(year): fully_operational=n_a by Corespace
Atlanta AT1,Atlanta,GA,Fulton,33.75585,-84.39107,Operating,10,CoreSite,1,2001,2001,fully_operational,2001(year): fully_operational=n_a by CoreSite
Atlanta ATL12,Atlanta,GA,Fulton,33.657166,-84.41514,Operating,,Digital Realty,4,1992,2025-07,fully_operational|land_purchased|other,1992(year): other=n_a by Unknown; 2012-01(month): land_purchased=approved by Digital Realty; 2012-01(month): fully_operational=n_a by Digital Realty; 2025-07(month): other=approved by Menlo Equities
Atlanta ATL13,Atlanta,GA,Fulton,33.75543,-84.39146,Operating,5,Digital Realty,2,2004,2015,fully_operational|other,2004(year): fully_operational=n_a by Digital Realty; 2015(year): other=n_a by Digital Realty
Atlanta ATL14,Atlanta,GA,Fulton,33.76157,-84.3915,Operating,3.599999905,Digital Realty,2,2010,2017,fully_operational|land_purchased,2010(year): fully_operational=n_a by Digital Realty; 2017(year): land_purchased=approved by Digital Realty
Atlanta Metro DC1,Atlanta,GA,Fulton,33.775944,-84.421074,Operating,70,QTS Data Centers,2,2024,2024,fully_operational|other,2024(year): fully_operational=n_a by QTS Data Centers; 2024(year): other=n_a by QTS Data Centers
Atlanta Metro DC2,Atlanta,GA,Fulton,33.77647,-84.41955,Operating,74.25,QTS Data Centers,2,2025,2025,fully_operational|other,2025(year): fully_operational=n_a by QTS Data Centers; 2025(year): other=n_a by QTS Data Centers
Atlanta Metro DC3,Atlanta,GA,Fulton,33.78121,-84.42252,Operating,,QTS Data Centers,2,<UNKNOWN>,<UNKNOWN>,fully_operational|other,<UNKNOWN>(year): other=n_a by QTS Data Centers; <UNKNOWN>(year): fully_operational=n_a by QTS Data Centers
Atlanta Metro DC4,Atlanta,GA,Fulton,33.784534,-84.42251,Operating,,QTS Data Centers,2,<UNKNOWN>,<UNKNOWN>,fully_operational|other,<UNKNOWN>(year): fully_operational=n_a by QTS Data Centers; <UNKNOWN>(year): other=n_a by QTS Data Centers
ATLDC 55 Marietta,Atlanta,GA,Fulton,33.75585,-84.39107,Operating,,ATLDC,1,2025,2025,fully_operational,2025(year): fully_operational=n_a by ATLDC
CODA at Tech Sq (GA Tech High Performance Computing Center),Atlanta,GA,Fulton,33.77551,-84.38868,Operating,13.94999981,Georgia Tech Foundation,6,2016-03-28,2016-06-22,other|state_environmental_review_decision|state_environmental_review_initiated,"2016-03-28(day): other=in_progress by Georgia Department of Community Affairs (DCA); 2016-03-29(day): state_environmental_review_initiated=filed by Georgia Department of Community Affairs (DCA) / Atlanta Regional Commission; 2016-05-31(day): other=filed by Portman Holdings, LLC; 2016-06-06(day): other=approved by Atlanta Regional Commission; 2016-06-06(day): other=in_progress by Atlanta Regional Commission; 2016-06-22(day): state_environmental_review_decision=approved by Atlanta Regional Commission"
Cogent Data Center Atlanta 1,Atlanta,GA,Fulton,33.75585,-84.39107,Operating,,Cogent Communications,1,2001,2001,fully_operational,2001(year): fully_operational=n_a by Cogent Communications
Cogent Data Center Atlanta 2,Atlanta,GA,Fulton,33.722496,-84.412796,Operating,,Cogent Communications,0,,,,
Coloblox (HQ),Atlanta,GA,Cobb,33.88972,-84.465515,Operating,,Coloblox,1,1998,1998,fully_operational,1998(year): fully_operational=n_a by Coloblox
ColoCrossing GA1,Atlanta,GA,Fulton,33.755016,-84.389626,Operating,1.600000024,ColoCrossing,0,,,,
DataBank ATL1 (Midtown),Atlanta,GA,Fulton,33.775368,-84.387764,Operating,10,DataBank,1,2019,2019,fully_operational,2019(year): fully_operational=n_a by DataBank
DataBank ATL2 (West End),Atlanta,GA,Fulton,33.733864,-84.425735,Operating,4,DataBank,4,1962,2020-12,fully_operational|land_purchased|other,1962(year): other=n_a by unknown; 2014(year): other=n_a by Zayo (zColo); 2020-12(month): land_purchased=n_a by DataBank; 2020-12(month): fully_operational=n_a by DataBank
DataBank ATL3 (West End),Atlanta,GA,Fulton,33.73448,-84.4265,Operating,6,DataBank,3,2021-12-15,2022-06,construction_started|fully_operational|project_announced,2021-12-15(day): project_announced=planned by DataBank; 2021-12-15(day): construction_started=in_progress by DataBank; 2022-06(month): fully_operational=planned by DataBank
DataBank ATL4 (South Fulton),Atlanta,GA,Fulton,33.750492,-84.54815,Proposed,40,DataBank,1,2024,2024,fully_operational,2024(year): fully_operational=n_a by DataBank
EDC ATL01,Atlanta,GA,Fulton,33.72936,-84.42015,Operating,1.5,EdgeConnex,2,2014,2014,fully_operational|other,2014(year): fully_operational=n_a by EdgeConneX; 2014(year): other=n_a by EdgeConneX
EDC ATL02,Atlanta,GA,Fulton,33.731815,-84.42362,Operating,14,EdgeConnex,1,2018,2018,fully_operational,2018(year): fully_operational=n_a by EdgeConneX
EdgeConneX,Atlanta,GA,Fulton,33.635,-84.5819,Proposed,324,,2,2024-07,2024-11-04,other|state_environmental_review_initiated,2024-07(month): other=n_a by TA Realty / EdgeConneX; 2024-11-04(day): state_environmental_review_initiated=filed by TA Realty
Edged ATL01-1,Atlanta,GA,Fulton,33.8084,-84.45469,Operating,27,Edged,1,2024-Q3,2024-Q3,fully_operational,2024-Q3(month): fully_operational=n_a by Edged
Edged ATL01-2,Atlanta,GA,Fulton,33.8084,-84.45469,Operating,100,Edged,1,2024,2024,fully_operational,2024(year): fully_operational=n_a by Edged
Edged ATL01-3,Atlanta,GA,Fulton,33.8084,-84.45469,Operating,42,Edged,3,2023-07-07,2024-Q3,construction_started|fully_operational|project_announced,2023-07-07(day): project_announced=n_a by Edged; 2023-07-07(day): construction_started=n_a by Edged; 2024-Q3(month): fully_operational=n_a by Edged
Equinix Atlanta AT1,Atlanta,GA,Fulton,33.758602,-84.387856,Operating,4,Equinix,1,2006,2006,fully_operational,2006(year): fully_operational=n_a by Equinix
Equinix Atlanta AT2 AT3,Atlanta,GA,Fulton,33.75543,-84.39146,Operating,1,Equinix,1,2004,2004,fully_operational,2004(year): fully_operational=n_a by Equinix
Equinix Atlanta AT4,Atlanta,GA,Cobb,33.895363,-84.453636,Operating,12,Equinix,0,,,,
FOGO Atlanta,Atlanta,GA,Fulton,33.75543,-84.39146,Operating,,FOGO Solutions,1,<UNKNOWN>,<UNKNOWN>,fully_operational,<UNKNOWN>(year): fully_operational=n_a by FOGO Solutions
H5 Atlanta,Atlanta,GA,Fulton,33.76513,-84.38366,Operating,8,H5 Data Centers,1,2014,2014,fully_operational,2014(year): fully_operational=n_a by H5 Data Centers
Intero Systems,Atlanta,GA,Fulton,33.61318,-84.44704,Operating,,Intero Systems,0,,,,
Lumen Atlanta 2,Atlanta,GA,Fulton,33.758602,-84.387856,Operating,,Lumen,1,1999,1999,fully_operational,1999(year): fully_operational=n_a by Lumen Technologies
Lumen Atlanta 5,Atlanta,GA,Fulton,33.728493,-84.41872,Operating,0.4,Lumen,1,1999,1999,fully_operational,1999(year): fully_operational=n_a by Lumen
Lumen Atlanta 6,Atlanta,GA,Fulton,33.75479,-84.358734,Operating,,Lumen,1,1999,1999,fully_operational,1999(year): fully_operational=n_a by Lumen
Lumen Doraville 1,Atlanta,GA,Gwinnett,33.90809,-84.236206,Operating,,Lumen,1,1999,1999,fully_operational,1999(year): fully_operational=n_a by Lumen
Marrietta Data Center,Atlanta,GA,Cobb,33.884117,-84.47229,Operating,,Coloblox,0,,,,
Microsoft: Project Fulton,Atlanta,GA,Fulton,33.64121,-84.5167,Proposed,,Microsoft,3,2021,2021-04,land_purchased|other|project_announced,2021(year): project_announced=n_a by Microsoft; 2021-02(month): other=approved by Fulton County; 2021-04(month): land_purchased=n_a by Microsoft
Southern Telecom Atlanta,Atlanta,GA,Fulton,33.762527,-84.387886,Operating,0.5,Southern Telecom,1,1997,1997,fully_operational,1997(year): fully_operational=n_a by Southern Telecom
Spring Street,Atlanta,GA,Fulton,33.78344,-84.38862,Operating,,Sunguard,0,,,,
Stonewall Tell Data Center,Atlanta,GA,Fulton,33.615124,-84.55222,Proposed,,RSC Investment Management LLC,0,,,,
Vantage: Stacks Rd project,Atlanta,GA,Fulton,33.60657,-84.5304,Proposed,,,3,2024-08,2027-01,other|project_announced,2024-08(month): other=filed by Georgia Department of Community Affairs; 2024-08-15(day): project_announced=n_a by Vantage Data Centers; 2027-01(month): other=planned by Vantage Data Centers
Vantage: Westlake Project,Atlanta,GA,Fulton,33.70682,-84.5833,Proposed,,,3,2024-08,2028-01,other|project_announced,2024-08(month): other=filed by Georgia Department of Community Affairs; 2024-08-15(day): project_announced=n_a by Vantage Data Centers; 2028-01(month): other=planned by Vantage Data Centers
Windstream Atlanta,Atlanta,GA,Dekalb,33.835022,-84.32718,Operating,74.84400177,Windstream,0,,,,
T5: Project Eisenhower,Augusta,GA,Richmond,33.43883,-82.1557,Approved/Permitted/Under construction,,,5,2022,2026,construction_started|other|partial_operational|project_announced,2022(year): other=filed by T5; 2022-01(month): project_announced=n_a by T5; 2024(year): construction_started=planned by Eagle South LLC; 2024-03-29(day): other=filed by Eagle South LLC; 2026(year): partial_operational=planned by Eagle South LLC
Amazon Data Center,Barnesville,GA,Lamar,33.05563,-84.1222,Proposed,,Amazon,3,2025-01,2025-08-04,land_purchased|other|project_announced,"2025-01(month): other=n_a by Amazon; 2025-07-25(day): land_purchased=approved by Amazon Data Services, Inc.; 2025-08-04(day): project_announced=n_a by Amazon"
Trammell Crow Company Data Center,Barnesville,GA,Monroe,33.104168,-84.009544,Approved/Permitted/Under construction,,CBRE,4,2025-11,2026-02-02,other|project_announced|public_hearing_held|rezoning_council_decision,2025-11(month): other=filed by Trammell Crow Company / CBRE; 2025-11-28(day): project_announced=n_a by Trammell Crow Company / CBRE; 2026-02-02(day): public_hearing_held=n_a by City Council of Forsyth; 2026-02-02(day): rezoning_council_decision=approved by City Council of Forsyth
"QTS ""Project Blue Hole""",Blakely,GA,Early,31.406675,-84.912994,Proposed,,,2,2025,2025,other|project_announced,2025(year): project_announced=n_a by QTS Data Centers; 2025(year): other=in_progress by QTS Data Centers
FOGO Carrollton,Carrollton,GA,Carroll,33.558292,-85.09067,Operating,,FOGO Solutions,0,,,,
Project Bunkhouse,Cartersville,GA,Bartow,34.0998,-84.9167,Proposed,1830,Gaines Family Land LLC,4,2025-04,2035,other|project_announced|rezoning_applied|state_environmental_review_initiated,2025-04(month): state_environmental_review_initiated=filed by Georgia Department of Community Affairs; 2025-04(month): rezoning_applied=filed by Kimley-Horn / Bartow County; 2025-04-01(day): project_announced=n_a by Kimley-Horn; 2035(year): other=planned by Kimley-Horn
Switch,Cartersville,GA,Bartow,34.11429,-84.7938,Proposed,,Switch,6,2023-08,2046,fully_operational|other|partial_operational|project_announced|rezoning_applied|state_environmental_review_initiated,2023-08(month): rezoning_applied=filed by Switch; 2023-08-29(day): other=filed by Switch; 2023-09(month): state_environmental_review_initiated=in_progress by Georgia Department of Community Affairs / Northwest Georgia Regional Commission; 2023-09-01(day): project_announced=n_a by Switch; 2026(year): partial_operational=planned by Switch; 2046(year): fully_operational=planned by Switch
ATL Data Center,College Park,GA,Fulton,33.614918,-84.467186,Operating,6,ATL Data Centers LLC,0,,,,
Lumen College Park,College Park,GA,Fulton,33.63764,-84.458496,Operating,,Lumen,0,,,,
Stacks/College Park,College Park,GA,Fulton,33.708233,-84.52996,Operating,104.5,Vantage Data Centers,5,2024-08-13,2025-02-21,other|state_environmental_review_decision|state_environmental_review_initiated,2024-08-13(day): state_environmental_review_initiated=filed by Georgia Department of Community Affairs / Atlanta Regional Commission; 2024-12-12(day): state_environmental_review_initiated=filed by Georgia Department of Community Affairs / Atlanta Regional Commission; 2025-01-06(day): state_environmental_review_decision=in_progress by Georgia Department of Community Affairs; 2025-01-22(day): other=approved by Georgia Department of Community Affairs; 2025-02-21(day): other=approved by Atlanta Regional Commission
Union City (ATL11),College Park,GA,Fulton,33.62499,-84.56204,Approved/Permitted/Under construction,324,Microsoft,9,2024-07-15,2026,construction_started|other|project_announced|state_environmental_review_decision|state_environmental_review_initiated,"2024-07-15(day): state_environmental_review_initiated=filed by Georgia Department of Community Affairs; 2024-07-16(day): project_announced=n_a by Burr Computer Environments, Inc.; 2024-07-16(day): other=n_a by Microsoft; 2024-07-16(day): other=n_a by Burr Computer Environments, Inc.; 2024-09-17(day): other=filed by Burr Computer Environments, Inc.; 2024-09-26(day): other=in_progress by Georgia Department of Community Affairs; 2024-10-23(day): state_environmental_review_decision=in_progress by Georgia Department of Community Affairs / Atlanta Regional Commission; 2024-11-22(day): other=approved by Georgia Department of Community Affairs; 2026(year): construction_started=planned by Burr Computer Environments, Inc."
JMF IXP Farm Colombus,Columbus,GA,Muscogee,32.498444,-84.883575,Operating,12.5,JMF Solutions,0,,,,
DC BLOX Atlanta East Campus,Conyers,GA,Rockdale,33.68936,-84.04566,Approved/Permitted/Under construction,216,DC BLOX,2,2024-09,2024-09,construction_started|project_announced,2024-09(month): project_announced=n_a by DC BLOX; 2024-09(month): construction_started=n_a by DC BLOX
Rockdale Technology Park,Conyers,GA,Rockdale,33.68682,-84.05222,Proposed,126,SDP Aquisitions LLC,3,2024,2024,project_announced|rezoning_applied|state_environmental_review_initiated,2024(year): project_announced=n_a by SDP Acquisitions LLC; 2024(year): state_environmental_review_initiated=filed by SDP Acquisitions LLC; 2024(year): rezoning_applied=filed by SDP Acquisitions LLC
Project Splice,Cordele,GA,Crisp,31.97113,-83.7316,Proposed,,Red Wolf DCD,5,2025-03-07,2033,fully_operational|partial_operational|project_announced|state_environmental_review_initiated,2025-03-07(day): project_announced=filed by Red Wolf DCD Properties LLC; 2025-03-07(day): state_environmental_review_initiated=filed by Georgia Department of State Affairs; 2029(year): partial_operational=planned by Red Wolf DCD Properties LLC; 2031(year): partial_operational=planned by Red Wolf DCD Properties LLC; 2033(year): fully_operational=planned by Red Wolf DCD Properties LLC
Amazon Covington Data Center,Covington,GA,Newton,33.63342,-83.833015,Approved/Permitted/Under construction,,Amazon,6,2024-01,2025-12-18,land_purchased|other|project_announced|state_environmental_review_initiated|water_permit_applied,2024-01(month): land_purchased=approved by Amazon Web Services; 2025-01(month): project_announced=n_a by Amazon Web Services; 2025-03(month): state_environmental_review_initiated=filed by Universal Planning LLC; 2025-12-15(day): other=approved by Covington City Council; 2025-12-15(day): water_permit_applied=filed by Amazon Web Services; 2025-12-18(day): project_announced=n_a by Amazon Web Services
Gregory Road Data Center,Covington,GA,Newton,33.653538,-83.81398,Proposed,360,"Universal Planning and Development LLC, JBW Investments, LLC data center",5,2025,2036,construction_started|fully_operational|other|project_announced|rezoning_applied,"2025(year): rezoning_applied=filed by JBW Investments, LLC; 2025-03-28(day): other=filed by Universal Planning and Development LLC; 2025-03-28(day): project_announced=n_a by Universal Planning and Development LLC; 2027(year): construction_started=planned by Universal Planning and Development LLC; 2036(year): fully_operational=planned by Universal Planning and Development LLC"
Serverfarm ATL2,Covington,GA,Newton,33.61121,-83.83438,Operating,74.84400177,Severfarm,5,2024-12,2025-12,air_permit_applied|other|project_announced|rezoning_council_decision|rezoning_planning_commission_recommendation,2024-12(month): rezoning_planning_commission_recommendation=recommended_approval by Covington Planning Commission; 2025-01(month): rezoning_council_decision=approved by Covington City Council; 2025-01(month): other=approved by Covington City Council; 2025-01-08(day): project_announced=n_a by Serverfarm; 2025-12(month): air_permit_applied=filed by VoltaGrid
CORE DALTON 4,Dalton,GA,Whitfield,34.68098,-84.94408,Proposed,,Core Scientific,4,2025-03-10,2026-07,fully_operational|project_announced|public_hearing_held|rezoning_council_decision,2025-03-10(day): public_hearing_held=n_a by Whitfield County Board of Commissioners; 2025-03-10(day): rezoning_council_decision=approved by Whitfield County Board of Commissioners; 2025-03-14(day): project_announced=n_a by Core Scientific; 2026-07(month): fully_operational=planned by Core Scientific
Core Scientific,Dalton,GA,Whitfield,34.6883,-84.9408,Operating,195,Core Scientific,3,2025,2025-03-10,other|public_hearing_held|rezoning_council_decision,2025(year): other=n_a by Core Scientific; 2025-03-10(day): rezoning_council_decision=approved by Whitfield County Board of Commissioners; 2025-03-10(day): public_hearing_held=n_a by Whitfield County Board of Commissioners
Dalton,Dalton,GA,Whitfield,34.71316,-84.95143,Operating,195,Core Scientific,4,2018-11-20,2021-05-13,fully_operational|other|partial_operational|project_announced,2018-11-20(day): project_announced=n_a by Core Scientific; 2019-12(month): partial_operational=n_a by Core Scientific; 2021(year): fully_operational=n_a by Core Scientific; 2021-05-13(day): other=approved by Core Scientific
Dalton 3,Dalton,GA,Whitfield,34.701214,-84.95039,Proposed,142,Core Scientific,5,2024-12,2025-09-23,land_purchased|other|public_hearing_held|rezoning_council_decision|rezoning_planning_commission_recommendation,2024-12(month): land_purchased=n_a by Core Scientific; 2025-02(month): rezoning_planning_commission_recommendation=n_a by Dalton-Varnell-Whitfield County Planning Commission; 2025-02(month): public_hearing_held=n_a by Dalton-Varnell-Whitfield County Planning Commission; 2025-03(month): rezoning_council_decision=approved by Whitfield County Board of Commissioners; 2025-09-23(day): other=approved by Dalton-Whitfield Joint Development Authority
Data center,Dalton,GA,Whitfield,34.76418,-84.9711,Operating,,,0,,,,
"Ranalli Super DC, LLC Data Center",Lysander,NY,Onondaga,43.18687,-76.35703,Proposed,300,,1,2025,2025,project_announced,"2025(year): project_announced=n_a by Ranalli Super DC, LLC"
Atlanta-Douglasville 2,Douglasville,GA,Douglas,33.730686,-84.61119,Operating,36,Flexential,0,,,,
Douglasville Campus,Douglasville,GA,Douglas,33.73178,-84.61917,Operating,150,Microsoft,2,2024,2024,fully_operational|other,2024(year): fully_operational=n_a by Microsoft; 2024(year): other=n_a by Microsoft
Vantage Data Center,Douglasville,GA,Douglas,33.71054,-84.6269,Proposed,,,2,2023-08,2023-08-21,project_announced|state_environmental_review_initiated,2023-08(month): state_environmental_review_initiated=filed by Vantage Data Centers; 2023-08-21(day): project_announced=n_a by Vantage Data Centers
Pine Ridge DataCenter,Dry Branch,GA,Twiggs,32.63236,-83.5072,Proposed,900,Eagle Rock Partners LLC and Thomas & Hutton Engineering,5,2025,2025-09-18,other|project_announced|public_hearing_held|rezoning_applied|rezoning_council_decision,2025(year): project_announced=n_a by Eagle Rock Partners LLC / Weyerhaeuser NR Company; 2025(year): rezoning_applied=filed by Weyerhaeuser NR Company; 2025(year): rezoning_council_decision=approved by Twiggs County Board of Commissioners; 2025(year): other=halted by Georgia Department of Community Affairs; 2025-09-18(day): public_hearing_held=n_a by Twiggs County Board of Commissioners
East Point Campus,East Point,GA,Fulton,33.642456,-84.514824,Operating,37.5,Microsoft,3,2023,2026,construction_started|other|project_announced,2023(year): project_announced=n_a by Microsoft; 2023(year): construction_started=n_a by Microsoft; 2026(year): other=planned by Microsoft
Clayton Commerce III,Ellenwood,GA,Clayton,33.6353,-84.30396,Proposed,180,TA Realty/ EdgeconneX,6,2024,2025-06-17,other|project_announced|public_hearing_held|rezoning_planning_commission_recommendation|site_plan_applied|site_plan_approved,2024(year): site_plan_applied=filed by TA Realty; 2024(year): rezoning_planning_commission_recommendation=recommended_approval by Clayton County Zoning Advisory Group; 2024-07(month): project_announced=n_a by TA Realty / EdgeConneX; 2024-10(month): public_hearing_held=n_a by Clayton County Board of Commissioners; 2024-10(month): site_plan_approved=approved by Clayton County Board of Commissioners; 2025-06-17(day): other=approved by Development Authority of Clayton County (Invest Clayton)
Conley Creek Data Center,Ellenwood,GA,Dekalb,33.64961,-84.294815,Suspended,,Telecad Wireless,7,2025,2025-11-20,moratorium_enacted|moratorium_expired|other|public_hearing_held|rezoning_planning_commission_recommendation|special_use_permit_applied|special_use_permit_decision,2025(year): moratorium_enacted=n_a by DeKalb County; 2025-09(month): special_use_permit_applied=filed by PCC-DeKalb LLC; 2025-09(month): rezoning_planning_commission_recommendation=recommended_denial by DeKalb County Planning Commission; 2025-09-30(day): public_hearing_held=n_a by DeKalb County Board of Commissioners; 2025-09-30(day): special_use_permit_decision=in_progress by DeKalb County Board of Commissioners; 2025-10-16(day): moratorium_expired=n_a by DeKalb County; 2025-11-20(day): other=planned by DeKalb County Board of Commissioners
Fairburn Technology Center,Fairburn,GA,Fulton,33.532734,-84.58926,Proposed,,"Bohannon Road Venture, LLC.",2,2024-05-23,2024-05-23,project_announced|rezoning_applied,"2024-05-23(day): project_announced=n_a by Bohannon Road Venture, LLC; 2024-05-23(day): rezoning_applied=filed by Bohannon Road Venture, LLC"
T5 ATL IV,Fairburn,GA,Fulton,33.52815,-84.6147,Proposed,,,5,2024,2027,construction_started|other|project_announced|project_withdrawn,2024(year): project_announced=n_a by T5 Data Centers; 2024(year): project_withdrawn=withdrawn by T5 Data Centers; 2024-06(month): other=filed by T5 Data Centers; 2025-05(month): other=filed by Georgia Department of Community Affairs; 2027(year): construction_started=planned by T5 Data Centers
Atlanta Fayetteville Campus,Fayetteville,GA,Fayette,33.447083,-84.52227,Approved/Permitted/Under construction,500,QTS Data Centers (and Microsoft),5,2022-09-12,2023-02-03,public_hearing_held|state_environmental_review_decision|state_environmental_review_initiated,2022-09-12(day): state_environmental_review_initiated=filed by Fayetteville / Georgia DCA (Development of Regional Impact); 2022-11-28(day): state_environmental_review_initiated=filed by Fayetteville / Georgia DCA (Development of Regional Impact); 2023-01-04(day): state_environmental_review_decision=in_progress by Georgia DCA; 2023-01-05(day): public_hearing_held=in_progress by Atlanta Regional Commission / Georgia DCA; 2023-02-03(day): state_environmental_review_decision=approved by Georgia DCA / Atlanta Regional Commission
Fairwater 2,Fayetteville,GA,Fayette,33.46006,-84.523994,Operating,615-1100,QTS?,4,2025-10,2025-11-12,fully_operational|other|project_announced,2025-10(month): fully_operational=n_a by Microsoft; 2025-11-12(day): project_announced=n_a by Microsoft; 2025-11-12(day): other=n_a by Microsoft; 2025-11-12(day): other=n_a by Microsoft
Project Excalibur Data Center,Fayetteville,GA,Fayette,33.44572,-84.536,Approved/Permitted/Under construction,250,QTS Data Centers,5,2022-08,2032,construction_started|fully_operational|land_purchased|project_announced|state_environmental_review_initiated,2022-08(month): land_purchased=n_a by QTS Data Centers; 2022-09-20(day): project_announced=n_a by QTS Data Centers; 2022-09-20(day): state_environmental_review_initiated=filed by Georgia Department of Community Affairs; 2023(year): construction_started=planned by QTS Data Centers; 2032(year): fully_operational=planned by QTS Data Centers
ATL 15 and 16 (Ft Gillem),Forest Park,GA,Clayton,33.61974,-84.329025,Proposed,,Digital Realty,1,<UNKNOWN>,<UNKNOWN>,project_announced,<UNKNOWN>(year): project_announced=planned by Digital Realty
Rumble Technology Campus,Forsyth,GA,Monroe,32.99113,-83.8368,Proposed,,Google/Cloverleaf Infrastructure,7,2024-09,2025-09-26,land_purchased|other|project_announced|rezoning_applied|rezoning_council_decision|state_environmental_review_initiated,2024-09(month): project_announced=n_a by Data Core Innovations; 2024-09-16(day): project_announced=n_a by Data Core Innovations; 2024-09-16(day): rezoning_applied=filed by Data Core Innovations / David Aldridge; 2024-09-16(day): state_environmental_review_initiated=filed by Data Core Innovations; 2024-11(month): rezoning_council_decision=approved by Monroe County; 2025-07(month): other=approved by Cloverleaf Infrastructure; 2025-09-26(day): land_purchased=n_a by Google
Project Turbo,Gainesville,GA,Hall,34.226425,-83.78167,Proposed,,"Project Turbo, Inc",6,2025-08-15,2025-09-02,conditional_use_permit_applied|other|public_hearing_held|rezoning_applied|rezoning_planning_commission_recommendation,2025-08-15(day): other=filed by Project Turbo LLC; 2025-08-15(day): conditional_use_permit_applied=filed by Project Turbo LLC; 2025-08-15(day): rezoning_applied=filed by Project Turbo LLC; 2025-09-02(day): public_hearing_held=in_progress by Hall County Planning Commission; 2025-09-02(day): rezoning_planning_commission_recommendation=in_progress by Hall County Planning Commission; 2025-09-02(day): other=n_a by Hall County Planning Commission
Eagle Rock Partners LLC and Thomas & Hutton Engineering Data Center,Gordon,GA,Jones,32.91623,-83.382996,Proposed,,,5,2024-09-16,2024-11-04,other|project_announced|public_hearing_held|rezoning_applied,2024-09-16(day): other=approved by Jones County Board of Commissioners; 2024-09-25(day): rezoning_applied=filed by Eagle Rock Partners LLC / Thomas & Hutton Engineering; 2024-09-25(day): project_announced=n_a by Eagle Rock Partners LLC / Thomas & Hutton Engineering; 2024-10-20(day): public_hearing_held=planned by Jones County Planning and Zoning Board; 2024-11-04(day): public_hearing_held=planned by Jones County Planning and Zoning Board
Crooked Creek Data Center,Gray,GA,Jones,32.937828,-83.396965,Cancelled,,Eagle Rock Partners LLC and Thomas & Hutton Engineering,4,2025,2025-10,project_announced|project_withdrawn|public_hearing_held|rezoning_applied,2025(year): project_announced=n_a by Eagle Rock Partners LLC / Thomas & Hutton Engineering; 2025(year): rezoning_applied=filed by Eagle Rock Partners LLC / Thomas & Hutton Engineering; 2025-10(month): public_hearing_held=planned by Jones County Planning and Zoning; 2025-10(month): project_withdrawn=withdrawn by Eagle Rock Partners LLC / Thomas & Hutton Engineering
Project Spalding,Griffin,GA,Spalding,33.24653,-84.2326,Approved/Permitted/Under construction,,Montana Property Group LLC,8,2024-12,2025-05-22,other|project_announced|public_hearing_held|rezoning_applied|rezoning_planning_commission_recommendation|special_use_permit_applied,2024-12(month): other=approved by Spalding County Board of Commissioners; 2025-03-31(day): other=filed by Montana Property Group LLC; 2025-03-31(day): project_announced=n_a by Montana Property Group LLC; 2025-04(month): rezoning_applied=filed by Alan R. Mobley (property owner); 2025-04(month): special_use_permit_applied=filed by Alan R. Mobley (property owner); 2025-04-08(day): public_hearing_held=n_a by Spalding County Board of Commissioners; 2025-04-29(day): rezoning_planning_commission_recommendation=planned by Spalding County Planning Commission; 2025-05-22(day): public_hearing_held=planned by Spalding County Board of Commissioners
Spalding Investments LLC Data Center,Griffin,GA,Spaulding,33.24212,-84.19505,Proposed,,,4,2025-07-02,2025-07-02,project_announced|rezoning_council_decision|rezoning_planning_commission_recommendation|special_use_permit_decision,2025-07-02(day): rezoning_planning_commission_recommendation=recommended_approval by Spalding County Planning Commission; 2025-07-02(day): special_use_permit_decision=recommended_approval by Spalding County Planning Commission; 2025-07-02(day): rezoning_council_decision=planned by Spalding County Board of Commissioners; 2025-07-02(day): project_announced=n_a by Spalding Investments LLC
Wallace Jackson Data Center Campus,Griffin,GA,Spaulding,33.273514,-84.12198,Proposed,,,5,2026-01,2026-01-07,other|project_announced|public_hearing_held|rezoning_applied|variance_applied,"2026-01(month): other=filed by Spalding County, Georgia / Wallace Jackson, LLC; 2026-01(month): rezoning_applied=filed by Wallace Jackson, LLC; 2026-01(month): variance_applied=filed by Wallace Jackson, LLC; 2026-01(month): public_hearing_held=planned by Spalding County Planning Commission; 2026-01-07(day): project_announced=n_a by Wallace Jackson, LLC"
0 Rocky Creek (Red Wolf DCD),Hampton,GA,Henry,33.40101,-84.2243,Proposed,,,3,2024-05-08,2028,fully_operational|project_announced|state_environmental_review_initiated,"2024-05-08(day): project_announced=n_a by Red Wolf DCD Properties, LLC / Swearingen Consulting; 2024-05-08(day): state_environmental_review_initiated=filed by Georgia Department of Community Affairs; 2028(year): fully_operational=planned by Red Wolf DCD Properties, LLC"
Hampton Data Center,Hampton,GA,Henry,33.384445,-84.26329,Proposed,,Southeast Property Holdings LLC,3,2025-02,2025-03-25,conditional_use_permit_applied|conditional_use_permit_decision|public_hearing_held,2025-02(month): conditional_use_permit_applied=filed by Southeast Property Holdings LLC; 2025-02(month): public_hearing_held=n_a by City of Hampton Council; 2025-03-25(day): conditional_use_permit_decision=approved by City of Hampton Council
Rocky Creek,Hampton,GA,Henry,33.40127,-84.22438,Proposed,,"Red Wolf DCD Properties, LLC",0,,,,
Hogansville Data Center,Hogansville,GA,Troup,33.14624,-84.94037,Proposed,600,,6,2025,2026-03,moratorium_enacted|other|project_announced|public_hearing_held|rezoning_applied,2025(year): moratorium_enacted=approved by Troup County Board of Commissioners; 2025-09(month): moratorium_enacted=approved by City of LaGrange; 2025-11(month): project_announced=n_a by Fertile Ground Investments LLC (FGI / Luis Matta); 2025-11(month): rezoning_applied=filed by Fertile Ground Investments LLC (FGI); 2025-11-17(day): public_hearing_held=n_a by Hogansville City Council; 2026-03(month): other=approved by Hogansville City Council
River Park,Jackson,GA,Butts,33.276512,-84.09031,Proposed,,"Interstate Health Systems, LLC",3,2019,2025-10-15,land_purchased|project_announced|rezoning_applied,"2019(year): land_purchased=n_a by Interstate Health Systems, LLC; 2025-10-15(day): project_announced=n_a by Interstate Health Systems, LLC; 2025-10-15(day): rezoning_applied=filed by Interstate Health Systems, LLC"
LGA-1,LaGrange,GA,Troup,32.98697,-85.05588,Operating,,"Form8tion (Thor Equities), Google",2,2024-08-09,2024-08-09,land_purchased|project_announced,2024-08-09(day): land_purchased=n_a by Thor Equities; 2024-08-09(day): project_announced=n_a by Thor Equities / Form8tion
Project West,LaGrange,GA,Troup,32.96313,-85.0219,Proposed,600,Economic Impact Group LLC,2,2025,2025,other|project_announced,2025(year): project_announced=n_a by Economic Impact Group LLC / Joshua Harrison; 2025(year): other=in_progress by Georgia Power / City of LaGrange
Amazon,Lamar County,GA,Lamar,33.1795,-84.0563,Proposed,,Amazon,3,2025-07,2025-08-04,land_purchased|other|project_announced,"2025-07(month): land_purchased=approved by Amazon Data Services, Inc.; 2025-08-04(day): project_announced=n_a by Amazon Data Services, Inc.; 2025-08-04(day): other=planned by Amazon Data Services, Inc."
Data Bank ATL5 (Litha Springs),Litha Springs,GA,Fulton,33.7474,-84.5403,Proposed,72,DataBank,1,<UNKNOWN>,<UNKNOWN>,construction_started,<UNKNOWN>(year): construction_started=in_progress by DataBank
Switch Atlanta,Lithia,GA,Douglas,33.770504,-84.590355,Operating,110,Switch,0,,,,
Atlanta ATL11,Lithia Springs,GA,Douglas,33.74681,-84.5797,Operating,,Digital Realty,1,2025-06-05,2025-06-05,other,2025-06-05(day): other=n_a by Digital Realty
Atlanta ATL1a,Lithia Springs,GA,Douglas,33.74414,-84.581215,Operating,6.800000191,Centersquare,0,,,,
Atlanta ATL1b,Lithia Springs,GA,Douglas,33.74414,-84.581215,Operating,18,Centersquare,0,,,,
DC BLOX Atlanta West Campus,Lithia Springs,GA,Douglas,33.733944,-84.615234,Operating,120,DC BLOX,0,,,,
Google,Lithia Springs,GA,Douglas,33.749466,-84.584785,Operating,78,Google,3,2008,2018,fully_operational|other|power_purchase_agreement_signed,2008(year): fully_operational=n_a by Google; 2016(year): other=n_a by Google; 2018(year): power_purchase_agreement_signed=n_a by Google
Microsoft: FTY101,Lithia Springs,GA,Douglas,33.7318,-84.6192,Proposed,,Microsoft,3,2021-02,2021-08,land_purchased|project_announced|state_environmental_review_initiated,2021-02(month): project_announced=n_a by Microsoft; 2021-05(month): land_purchased=n_a by Microsoft; 2021-08(month): state_environmental_review_initiated=filed by Georgia Department of Community Affairs
PWC Lithia Springs,Lithia Springs,GA,Douglas,33.74222,-84.59638,Operating,,PricewaterhouseCoopers,1,2009,2009,fully_operational,2009(year): fully_operational=n_a by PricewaterhouseCoopers
Rock House Road Data Center,Lithia Springs,GA,Douglas,33.749,-84.6093,Proposed,,Amazon,5,2023-09-27,2024-03-27,other|project_announced|state_environmental_review_decision,2023-09-27(day): other=filed by Georgia Department of Community Affairs; 2023-10-02(day): project_announced=n_a by Taylor & Mathis; 2023-11-29(day): other=filed by Georgia Department of Community Affairs; 2024-02-26(day): state_environmental_review_decision=in_progress by Georgia Department of Community Affairs / Atlanta Regional Commission; 2024-03-27(day): other=approved by Georgia Department of Community Affairs
STACK Atlanta ATL02,Lithia Springs,GA,Douglas,33.76018,-84.6017,Approved/Permitted/Under construction,160,STACK Infrastructure,4,2023-10,2026,construction_started|other|project_announced,2023-10(month): other=filed by STACK Infrastructure; 2024-11-12(day): other=filed by STACK Infrastructure; 2024-11-12(day): project_announced=n_a by STACK Infrastructure; 2026(year): construction_started=n_a by STACK Infrastructure
Switch Atlanta: The Keep Campus,Lithia Springs,GA,Douglas,33.756165,-84.59596,Operating,150,Switch SUPERNAP,1,2025,2025,fully_operational,2025(year): fully_operational=n_a by Switch SUPERNAP
T5 @ Atlanta III,Lithia Springs,GA,Douglas,33.763447,-84.604774,Operating,300,T5,6,2018,2023-03-04,other|partial_operational|project_announced|state_environmental_review_decision|state_environmental_review_initiated,2018(year): project_announced=n_a by T5 Data Centers; 2022-06-24(day): state_environmental_review_initiated=filed by Georgia Department of Community Affairs; 2022-10-04(day): other=filed by Georgia Department of Community Affairs; 2023(year): partial_operational=n_a by T5 Data Centers; 2023-02-02(day): state_environmental_review_decision=in_progress by Georgia Department of Community Affairs; 2023-03-04(day): other=approved by Georgia Department of Community Affairs
Bolingbroke Technology Campus,Macon,GA,Monroe,32.94087,-83.8188,Suspended,900,,5,2025-04,2025-08-05,other|project_announced|public_hearing_held|rezoning_council_decision|rezoning_planning_commission_recommendation,"2025-04(month): public_hearing_held=planned by Monroe County; 2025-04-10(day): other=filed by Bolingbroke Technology Center, LLC; 2025-04-10(day): project_announced=n_a by Bolingbroke Technology Center, LLC; 2025-07-28(day): rezoning_planning_commission_recommendation=recommended_denial by Monroe County Planning and Zoning Board; 2025-08-05(day): rezoning_council_decision=planned by Monroe County Board of Commissioners"
Stream Data Center,Macon,GA,Douglas,33.738323,-84.80737,Proposed,,"SDC ATLA, LLC",0,,,,
Atlanta AT2,Marietta,GA,Cobb,33.925495,-84.48163,Operating,2,CoreSite,2,2022,2022,fully_operational|other,2022(year): other=n_a by CoreSite; 2022(year): fully_operational=n_a by CoreSite
Grindcap,Marietta,GA,Cobb,33.99401,-84.5527,Proposed,108,,6,2025-06,2025-06,project_announced|public_hearing_held|rezoning_applied|rezoning_council_decision|rezoning_planning_commission_recommendation|special_use_permit_decision,2025-06(month): project_announced=n_a by Grindcap / MMM Acquisitions LLC; 2025-06(month): rezoning_applied=filed by Grindcap / MMM Acquisitions LLC; 2025-06(month): rezoning_planning_commission_recommendation=recommended_approval by Marietta Planning Commission; 2025-06(month): rezoning_council_decision=approved by Marietta City Council; 2025-06(month): special_use_permit_decision=approved by Marietta City Council; 2025-06(month): public_hearing_held=n_a by Marietta City Council
Marietta Data Center,Marietta,GA,Marrietta,33.994106,-84.552986,Proposed,180,MMM Acquisitions LLC ,7,2025-06,2025-06-18,project_announced|public_hearing_held|rezoning_applied|rezoning_council_decision|rezoning_planning_commission_recommendation|special_use_permit_applied|special_use_permit_decision,2025-06(month): rezoning_applied=filed by MMM Acquisitions LLC; 2025-06(month): rezoning_planning_commission_recommendation=recommended_approval by Marietta Planning Commission; 2025-06(month): rezoning_council_decision=approved by Marietta City Council; 2025-06(month): special_use_permit_applied=filed by MMM Acquisitions LLC; 2025-06(month): special_use_permit_decision=approved by Marietta City Council; 2025-06(month): public_hearing_held=n_a by Marietta City Council; 2025-06-18(day): project_announced=n_a by MMM Acquisitions LLC / Grindcap
Northern Data,Maysville,GA,Jackson,34.2525,-83.5614,Proposed,120-180,,2,2024-12-05,2027,fully_operational|project_announced,2024-12-05(day): project_announced=n_a by Northern Data Group; 2027(year): fully_operational=planned by Northern Data Group
Central Coweta Industrial Phase II,Newnan,GA,Coweta,33.42518,-84.72857,Proposed,,"Central Coweta Industrial LLC, Brent Holdings",4,2025,2025-10-21,other|project_announced|rezoning_applied|state_environmental_review_initiated,2025(year): project_announced=n_a by Central Coweta Industrial LLC / Brent Holdings; 2025(year): rezoning_applied=filed by Central Coweta Industrial LLC; 2025(year): state_environmental_review_initiated=in_progress by Three Rivers Regional Commission; 2025-10-21(day): other=planned by Three Rivers Regional Commission
Project Sail,Newnan,GA,Coweta,33.43413,-84.8768,Approved/Permitted/Under construction,936,Atlas Development,5,2025,2025-01-02,moratorium_enacted|project_announced|project_suspended|rezoning_applied|state_environmental_review_initiated,2025(year): moratorium_enacted=n_a by Coweta County; 2025(year): project_suspended=halted by Coweta County; 2025-01(month): state_environmental_review_initiated=filed by Georgia Department of Community Affairs; 2025-01(month): rezoning_applied=filed by Atlas Development LLC; 2025-01-02(day): project_announced=n_a by Atlas Development LLC
T5 @ Atlanta IV,Newnan,GA,Coweta,33.49088,-84.66487,Operating,200,T5,6,2023-09-28,2024-02-23,other|state_environmental_review_decision|state_environmental_review_initiated,"2023-09-28(day): state_environmental_review_initiated=filed by Coweta County / T5@Atlanta IV, LP; 2023-09-29(day): other=in_progress by Georgia Department of Community Affairs; 2024-01-24(day): other=approved by Georgia Department of Community Affairs; 2024-01-24(day): other=in_progress by Georgia Department of Community Affairs; 2024-02-12(day): state_environmental_review_decision=approved by Chattahoochee Flint Regional Development Center; 2024-02-23(day): other=approved by Georgia Department of Community Affairs"
Atlanta-Norcross,Norcross,GA,Gwinnett,33.95475,-84.198616,Operating,1.799999952,Flexential,3,2012,2018-01,fully_operational|other,2012(year): fully_operational=n_a by Flexential; 2017-08(month): other=n_a by Peak 10 / ViaWest; 2018-01(month): other=n_a by Flexential
Equinix Atlanta AT5,Norcross,GA,Gwinnett,33.938904,-84.2272,Operating,,Equinix,0,,,,
Gregory Road Data Center,Oxford,GA,Newton,33.65342,-83.8231,Proposed,,,3,2025-03-28,2027,construction_started|project_announced|state_environmental_review_initiated,2025-03-28(day): project_announced=filed by Universal Planning LLC; 2025-03-28(day): state_environmental_review_initiated=filed by Georgia Department of State Affairs; 2027(year): construction_started=planned by Universal Planning LLC
Palmetto Campus,Palmetto,GA,Fulton,33.52662,-84.636375,Operating,37.5,Microsoft,3,2022-01-13,2023-02-01,other|state_environmental_review_decision|state_environmental_review_initiated,2022-01-13(day): state_environmental_review_initiated=filed by Georgia Department of Community Affairs / Atlanta Regional Commission; 2022-05-04(day): other=filed by Microsoft Corporation; 2023-02-01(day): state_environmental_review_decision=in_progress by Georgia Department of Community Affairs / Atlanta Regional Commission
Project Peach,Palmetto,GA,Coweta,33.50277,-84.6692,Proposed,,"North Coweta Investors, LLC",7,2024-10-03,2025-02-04,other|project_announced|public_hearing_held|state_environmental_review_decision|state_environmental_review_initiated,"2024-10-03(day): state_environmental_review_initiated=filed by Georgia Department of Community Affairs; 2024-10-03(day): state_environmental_review_initiated=filed by Georgia Department of Community Affairs; 2024-10-07(day): project_announced=n_a by Strategic Real Estate Partners / North Coweta Investors, LLC; 2024-11-04(day): state_environmental_review_decision=in_progress by Georgia Department of Community Affairs; 2025-01-15(day): other=approved by Georgia Department of Community Affairs; 2025-01-15(day): public_hearing_held=in_progress by Georgia Department of Community Affairs; 2025-02-04(day): state_environmental_review_decision=n_a by Chattahoochee Flint Regional Development Center"
T5,Palmetto,GA,Coweta,33.49292,-84.6615,Proposed,,,2,2023-10,2023-10-02,other|project_announced,2023-10(month): other=filed by Georgia Department of Community Affairs; 2023-10-02(day): project_announced=n_a by T5
Data center,Rome,GA,Floyd,34.2664,-85.3029,Proposed,,,2,2024-11-26,2024-12-19,land_purchased|project_announced,2024-11-26(day): land_purchased=approved by Floyd County Board of Education; 2024-12-19(day): project_announced=planned by Floyd County Development Authority
Project Firecracker (Microsoft),Rome,GA,Floyd,34.30175,-85.3087,Proposed,,Microsoft,5,2021,2027,fully_operational|land_purchased|other|project_announced|rezoning_council_decision,2021(year): rezoning_council_decision=approved by Floyd County; 2023-10-31(day): project_announced=n_a by Rome Floyd County Development Authority; 2023-10-31(day): land_purchased=n_a by Microsoft; 2023-10-31(day): other=granted by Rome Floyd County Development Authority; 2027(year): fully_operational=planned by Microsoft
Project Gracie (Atlas Development),Rome,GA,Floyd,34.26722,-85.2995,Proposed,,,4,2025-05,2025-05-27,project_announced|rezoning_council_decision|rezoning_planning_commission_recommendation|state_environmental_review_initiated,2025-05(month): state_environmental_review_initiated=filed by Georgia Department of Community Affairs; 2025-05(month): rezoning_planning_commission_recommendation=recommended_approval by Rome-Floyd Planning Commission; 2025-05-02(day): project_announced=n_a by Atlas Development; 2025-05-27(day): rezoning_council_decision=planned by Floyd County Commission
Project Sassy,Rome,GA,Floyd,34.36917,-85.0482,Proposed,504,,4,2025-01,2025-02-25,project_announced|rezoning_applied|rezoning_planning_commission_recommendation|site_plan_applied,2025-01(month): project_announced=n_a by Atlas Development LLC; 2025-02(month): rezoning_applied=filed by Atlas Development LLC; 2025-02(month): site_plan_applied=filed by Atlas Development LLC; 2025-02-25(day): rezoning_planning_commission_recommendation=planned by Floyd County Planning Commission
Rome Campus,Rome,GA,Floyd,34.300987,-85.30927,Proposed,,Microsoft,5,2021,2027,fully_operational|land_purchased|other|project_announced|rezoning_council_decision,2021(year): rezoning_council_decision=approved by Floyd County; 2023-10-31(day): project_announced=n_a by Rome Floyd County Development Authority; 2023-10-31(day): land_purchased=n_a by Microsoft; 2023-10-31(day): other=granted by Rome Floyd County Development Authority; 2027(year): fully_operational=planned by Microsoft
Athens Shoals Crossing Data Center,Shoals Crossing,GA,Athens-Clark,33.988262,-83.30194,Proposed,,Brasfield & Gorrie,1,2023-07-20,2023-07-20,building_permit_applied,2023-07-20(day): building_permit_applied=filed by Athens-Clarke County Planning Department
Smyrna GA2,Smyrna,GA,Cobb,33.841206,-84.522415,Operating,4,365 Data Centers,0,,,,
Verizon Atlanta,Smyrna,GA,Cobb,33.8291,-84.503174,Operating,1.330000043,Verizon Communications Inc.,0,,,,
Data Center - 0 Social Circle Parkway,Social Circle,GA,Walton,33.664944,-83.68987,Proposed,,"Sailfish Investors Acquisitions, LLC",0,,,,
Stanton Springs Data Center (Newton),Social Circle,GA,Newton,33.60278,-83.698616,Expanding,,Meta,8,2017,2025-10,construction_started|fully_operational|other|partial_operational|project_announced,2017(year): project_announced=n_a by Meta (Facebook); 2018(year): construction_started=n_a by Meta (Facebook); 2021(year): fully_operational=n_a by Meta (Facebook); 2021(year): construction_started=n_a by Meta (Facebook); 2023(year): partial_operational=n_a by Meta (Facebook); 2025-10(month): other=n_a by Newton County residents; 2025-10(month): other=n_a by Meta (Facebook); 2025-10(month): other=n_a by Meta (Facebook)
Westlake,South Fulton,GA,Fulton,33.708332,-84.584564,Operating,113,Vantage Data Centers,6,2024-08-13,2025-02-21,other|state_environmental_review_decision|state_environmental_review_initiated,2024-08-13(day): state_environmental_review_initiated=filed by Georgia Department of Community Affairs / Atlanta Regional Commission; 2024-10-01(day): other=filed by Georgia Department of Community Affairs / Atlanta Regional Commission; 2024-11-12(day): other=in_progress by Georgia Department of Community Affairs; 2025-01-22(day): other=approved by Georgia Department of Community Affairs; 2025-02-21(day): other=in_progress by Georgia Department of Community Affairs / Atlanta Regional Commission; 2025-02-21(day): state_environmental_review_decision=approved by Atlanta Regional Commission (RDC)
Edge Presence,Statesboro,GA,Bulloch,32.43269,-81.76039,Operating,0.1,Ubiquity,0,,,,
ATL1 - Atlanta Data Center,Suwanee,GA,Gwinnett,34.03615,-84.06378,Operating,12,Server Farm Realty,3,2012,2023-09-08,fully_operational|other,2012(year): fully_operational=n_a by Server Farm Realty; 2023-05-22(day): other=planned by Manulife Investment Management; 2023-09-08(day): other=approved by Manulife Investment Management
Atlanta Suwanee DC1,Suwanee,GA,Gwinnett,34.035347,-84.06126,Operating,26,QTS Data Centers,3,2000,2005,fully_operational|land_purchased|other,2000(year): other=n_a by QTS Data Centers; 2005(year): land_purchased=approved by QTS Data Centers; 2005(year): fully_operational=n_a by QTS Data Centers
Atlanta Suwanee DC2,Suwanee,GA,Gwinnett,34.03704,-84.05765,Operating,30,QTS Data Centers,1,2026,2026,fully_operational,2026(year): fully_operational=n_a by QTS Data Centers
Project Bus,Temple,GA,Carroll and Haralson,33.709145,-85.06483,Suspended,,Atlas Development,4,2026-01,2026-02,project_announced|project_withdrawn|rezoning_applied|state_environmental_review_initiated,2026-01(month): rezoning_applied=filed by City of Temple; 2026-01-27(day): state_environmental_review_initiated=filed by Georgia Department of Community Affairs; 2026-01-27(day): project_announced=n_a by Atlas Development; 2026-02(month): project_withdrawn=withdrawn by Atlas Development
Upson County Megasite,Thomaston,GA,Upson,32.885147,-84.24026,Proposed,,Dominion Capital,5,2021,2025-07-22,land_purchased|project_announced|public_hearing_held|rezoning_council_decision|rezoning_planning_commission_recommendation,"2021(year): land_purchased=n_a by Dominion Capital; 2025(year): project_announced=n_a by SugarOak Realty, LLC; 2025(year): public_hearing_held=planned by Upson County Commissioner Chris Biggs; 2025-06-09(day): rezoning_planning_commission_recommendation=recommended_approval by Upson County Planning Commission; 2025-07-22(day): rezoning_council_decision=approved by Upson County Board of Commissioners"
Project Azalea,Thomson,GA,McDuffie,33.453014,-82.39851,Approved/Permitted/Under construction,,,5,2026-01,2026-03-18,other|project_announced|rezoning_council_decision|rezoning_planning_commission_recommendation|state_environmental_review_initiated,2026-01(month): state_environmental_review_initiated=filed by Georgia Department of Community Affairs; 2026-01-13(day): project_announced=n_a by Project Turbo LLC; 2026-03(month): rezoning_planning_commission_recommendation=recommended_approval by McDuffie County Planning Commission; 2026-03-17(day): rezoning_council_decision=approved by McDuffie County Commissioners; 2026-03-18(day): other=in_progress by Jefferson Energy
Project Rita Campus,Tyrone,GA,Fayette,33.517883,-84.57948,Operating,96,Fayette County Development Authority,4,2023-10-27,2024-06-08,state_environmental_review_decision|state_environmental_review_initiated,2023-10-27(day): state_environmental_review_initiated=filed by Fayette County Development Authority / Town of Tyrone; 2024-02-28(day): state_environmental_review_initiated=filed by Fayette County Development Authority / Town of Tyrone; 2024-05-09(day): state_environmental_review_decision=in_progress by Georgia DCA / Atlanta Regional Commission; 2024-06-08(day): state_environmental_review_decision=approved by Georgia DCA / Atlanta Regional Commission
ATL03/Red Oak,Union City,GA,Fulton,33.56321,-84.5129,Proposed,150,"TA Realty LLC, Brightstar Commercial Properties LLC",5,2024-10-31,2024-12-27,other|project_announced|state_environmental_review_decision|state_environmental_review_initiated,2024-10-31(day): state_environmental_review_initiated=filed by Georgia Department of Community Affairs / Atlanta Regional Commission; 2024-11-04(day): project_announced=filed by TA Realty LLC; 2024-11-25(day): state_environmental_review_initiated=in_progress by Georgia Department of Community Affairs; 2024-11-29(day): state_environmental_review_decision=approved by Georgia Department of Community Affairs; 2024-12-27(day): other=in_progress by Atlanta Regional Commission
Union City Data Center,Union City,GA,Fulton,33.562943,-84.5134,Proposed,,,0,,,,
Valdosta Data Center,Valdosta,GA,Lowndes,30.885855,-83.32822,Proposed,,Langdale Capital Assets,0,,,,
Atlas (same as project Avemore?),Villa Rica,GA,Carroll,33.70841,-84.9497,Proposed,,,8,2023,2028,construction_started|land_purchased|other|project_announced|rezoning_applied|state_environmental_review_initiated,"2023(year): land_purchased=n_a by Embry Development Company, LLC; 2024(year): rezoning_applied=filed by Avemore GA, LLC; 2024-08(month): other=recommended_denial by Villa Rica City Staff; 2024-12(month): rezoning_applied=filed by Avemore GA, LLC; 2024-12(month): other=recommended_approval by Villa Rica City Staff; 2025-04(month): state_environmental_review_initiated=filed by Georgia Department of Community Affairs; 2025-04-14(day): project_announced=n_a by Atlas Development; 2028(year): construction_started=planned by Atlas Development"
Avemore GA LLC Data Center,Villa Rica,GA,Carroll,33.70459,-84.94,Proposed,,Atlanta Development,10,2023,2028,construction_started|land_purchased|other|project_announced|public_hearing_held|rezoning_applied|rezoning_planning_commission_recommendation,2023(year): land_purchased=n_a by Embry Development Company LLC; 2024(year): rezoning_applied=filed by Avemore GA LLC; 2024(year): rezoning_applied=withdrawn by Avemore GA LLC; 2024-08(month): rezoning_planning_commission_recommendation=recommended_denial by Villa Rica Planning and Zoning Commission; 2024-08-20(day): public_hearing_held=n_a by Villa Rica Planning and Zoning Commission; 2024-12(month): rezoning_applied=filed by Avemore GA LLC / Embry Development Company LLC; 2024-12(month): rezoning_planning_commission_recommendation=recommended_approval by Villa Rica City Staff; 2025-04-07(week): project_announced=n_a by Atlas Development; 2025-04-07(week): other=filed by Atlas Development; 2028(year): construction_started=planned by Atlas Development
Hickman Property,Villa Rica,GA,Douglas,33.707703,-84.86278,Proposed,,East Village Donthan LLC,3,2025-03-14,2025-03-18,other|project_announced|rezoning_applied,2025-03-14(day): other=filed by East Village Dothan LLC; 2025-03-18(day): project_announced=filed by East Village Dothan LLC; 2025-03-18(day): rezoning_applied=planned by East Village Dothan LLC
Data center: Robins Air Force Base (3 sites),Warner Robins,GA,Houston,32.6389,-83.592094,Proposed,,,2,2025-10-15,2025-11-14,other,2025-10-15(day): other=filed by US Department of the Air Force; 2025-11-14(day): other=planned by US Department of the Air Force
Atlanta West (Stream Data Center)/ DC Blox,Winston,GA,Douglas,33.73446,-84.8097,Proposed,240,,6,2023-11,2025-08-11,other|project_announced|state_environmental_review_initiated,"2023-11(month): project_announced=planned by DC Blox; 2024-10(month): other=approved by DC Blox; 2024-11(month): state_environmental_review_initiated=filed by Stream Data Centers (SDC ATLA, LLC); 2024-11-28(day): project_announced=planned by Stream Data Centers; 2025(year): other=filed by DC Blox; 2025-08-11(day): other=approved by DC Blox"
"West Atlanta, GA (ATL) Campus",Winston,GA,Douglas,33.739944,-84.80678,Operating,240,Stream Data Centers,4,2024-11-26,2025-04-23,state_environmental_review_decision|state_environmental_review_initiated,2024-11-26(day): state_environmental_review_initiated=filed by Douglas County / SDC ATLA LLC; 2025-03-07(day): state_environmental_review_initiated=filed by Douglas County / SDC ATLA LLC; 2025-03-24(day): state_environmental_review_initiated=in_progress by Georgia DCA / Atlanta Regional Commission; 2025-04-23(day): state_environmental_review_decision=approved by Atlanta Regional Commission
Eagle Rock Jones County,,GA,Jones,32.91274,-83.472046,Suspended,900,Eagle Rock Partners LLC and Thomas & Hutton Engineering,4,2024-09-16,2024-11-04,other|public_hearing_held|rezoning_applied,2024-09-16(day): other=approved by Jones County Board of Commissioners; 2024-09-25(day): rezoning_applied=filed by Eagle Rock Partners LLC and Thomas & Hutton Engineering; 2024-10-20(day): public_hearing_held=planned by Jones County Planning and Zoning Board; 2024-11-04(day): public_hearing_held=planned by Jones County Planning and Zoning Board
Applied Digital,Adair,IA,Adair,41.46419,-94.6051,Proposed,200,,4,2024-04,2024-04-24,project_announced|public_hearing_held|rezoning_applied,2024-04(month): project_announced=n_a by Applied Digital; 2024-04-02(day): public_hearing_held=n_a by Adair County Board of Supervisors; 2024-04-02(day): rezoning_applied=in_progress by Adair County Board of Supervisors; 2024-04-24(day): public_hearing_held=planned by Adair County Board of Supervisors
Edged DSM01-1 Data Center,Ankeny,IA,Polk,41.65646,-93.5616,Approved/Permitted/Under construction,13.2,,4,2025,2027,construction_started|fully_operational|project_announced|rezoning_council_decision,2025(year): construction_started=planned by Edged Energy; 2025-03(month): rezoning_council_decision=approved by Ankeny City Council; 2025-03-05(day): project_announced=n_a by Edged Energy; 2027(year): fully_operational=planned by Edged Energy
Google,Cedar Rapids,IA,Linn,41.90651,-91.7155,Proposed,,Google,5,2024,2025-05-30,construction_started|other|project_announced|rezoning_council_decision,2024(year): construction_started=n_a by Google (Heaviside LLC); 2024-02(month): rezoning_council_decision=approved by Cedar Rapids City Council; 2024-03(month): project_announced=n_a by Google (Heaviside LLC); 2024-03(month): other=approved by Iowa Economic Development Authority (IEDA); 2025-05-30(day): project_announced=planned by Google / Alphabet
Edged Data Center,Council Bluffs,IA,Pottawattamie,41.27521,-95.8246,Proposed,200,,3,2024,2025-06-11,rezoning_council_decision|rezoning_planning_commission_recommendation,2024(year): rezoning_council_decision=approved by Council Bluffs City Council; 2025-06(month): rezoning_planning_commission_recommendation=recommended_approval by Council Bluffs Planning Commission; 2025-06-11(day): rezoning_council_decision=approved by Council Bluffs City Council
Google,Council Bluffs,IA,Pottawattamie,41.22147,-95.864914,Operating,,Google,6,2007,2024,fully_operational|power_purchase_agreement_signed|project_announced,2007(year): project_announced=approved by Google; 2007(year): fully_operational=n_a by Google; 2012(year): project_announced=planned by Google; 2015(year): project_announced=planned by Google; 2024(year): project_announced=planned by Google; 2024(year): power_purchase_agreement_signed=approved by NextEra Energy
Project Osmium (Microsoft),Cumming,IA,Warren,41.49686,-93.7887,Operating,,Microsoft,0,,,,
Project Ruthenium (Microsoft),Cumming,IA,Madison,41.49467,-93.8046,Proposed,100-200,Microsoft,5,2023-11,2023-11,land_purchased|other|rezoning_applied|rezoning_council_decision|site_plan_applied,2023-11(month): rezoning_applied=filed by West Des Moines City Council; 2023-11(month): rezoning_council_decision=approved by West Des Moines City Council; 2023-11(month): other=approved by Iowa City Development Board; 2023-11(month): land_purchased=planned by Microsoft; 2023-11(month): site_plan_applied=planned by Microsoft
Cielo Digital Infrastructure,Des Moines,IA,Polk,41.57011,-93.5839,Proposed,150,,1,2025-06-24,2025-06-24,project_announced,2025-06-24(day): project_announced=planned by Cielo Digital Infrastructure
Data center,Dubuque,IA,Dubuque,42.44434,-90.679,Operating,,Windstream,0,,,,
QTS Data Center,Fairfax,IA,Linn,41.89881,-91.7211,Approved/Permitted/Under construction,,,8,2024-08,2025-07-29,construction_started|other|project_announced|rezoning_council_decision,2024-08(month): rezoning_council_decision=approved by Cedar Rapids City Council; 2024-09(month): project_announced=n_a by City of Cedar Rapids / Alliant Energy; 2025-01(month): rezoning_council_decision=approved by Cedar Rapids City Council; 2025-02-15(day): other=approved by Cedar Rapids City Council; 2025-02-15(day): project_announced=n_a by QTS / City of Cedar Rapids; 2025-03-15(day): other=planned by Iowa Economic Development Authority; 2025-07-29(day): construction_started=in_progress by QTS; 2025-07-29(day): other=n_a by QTS / City of Cedar Rapids
IA01 Data Center,Waukee,IA,Dallas,41.6204,-93.854,Expanding,2,US Signal,2,2025-06-05,2025-06-08,other|project_announced,2025-06-05(day): project_announced=planned by US Signal; 2025-06-08(day): other=planned by US Signal
DSM14 (Microsoft),West Des Moines,IA,Polk,41.51406,-93.7142,Approved/Permitted/Under construction,,Microsoft,2,2022-07,2022-07,building_permit_issued,2022-07(month): building_permit_issued=approved by West Des Moines Building/Permits Authority; 2022-07(month): building_permit_issued=approved by West Des Moines Building/Permits Authority
Project Alluvion (Microsoft),West Des Moines,IA,Polk,41.51533,-93.7107,Operating,,Microsoft,1,2014,2014,project_announced,2014(year): project_announced=n_a by Microsoft
Project Ginger East (Microsoft),West Des Moines,IA,Polk,41.51475,-93.7212,Proposed,200,Microsoft,2,2022-07,2023-11,building_permit_issued|other,2022-07(month): building_permit_issued=approved by West Des Moines; 2023-11(month): other=n_a by Microsoft
Project Ginger West (Microsoft) DSM 42 & 43,West Des Moines,IA,Dallas,41.5346,-93.8656,Approved/Permitted/Under construction,200,Microsoft,2,2023-11,2023-11,building_permit_applied|other,2023-11(month): building_permit_applied=filed by Microsoft; 2023-11(month): other=n_a by Microsoft
Project Mountain (Microsoft),West Des Moines,IA,Dallas,41.53982,-93.8242,Operating,,Microsoft,3,2009,2013,other|project_announced,2009(year): project_announced=n_a by Microsoft; 2011(year): other=n_a by Microsoft; 2013(year): other=n_a by Microsoft
Deep Atomic Data Center,Idaho Falls,ID,Bonneville,43.51967,-112.04594,Proposed,60,,2,2025-12-02,2025-12-02,other|project_announced,2025-12-02(day): project_announced=n_a by Deep Atomic; 2025-12-02(day): other=filed by US Department of Energy Office of Nuclear Energy
Edged Data Center,Aurora,IL,DuPage,41.80707,-88.24102,Approved/Permitted/Under construction,72,Edged,1,<UNKNOWN>,<UNKNOWN>,project_announced,<UNKNOWN>(year): project_announced=n_a by Edged
Western Hospitality Partners Data Center,Braidwood/ Braceville,IL,Will,41.256397,-88.2417,Suspended,,,2,2025-05,2026-01-26,other|project_announced,2025-05(month): project_announced=n_a by Western Hospitality Partners; 2026-01-26(day): other=n_a by Western Hospitality Partners
HydraVault Data Center,Chicago,IL,Cook,41.84624,-87.6257,Approved/Permitted/Under construction,20,,6,2020,2026,construction_started|fully_operational|land_purchased|project_announced|rezoning_council_decision,2020(year): land_purchased=n_a by Scott Greenberg / ECD Company; 2025(year): construction_started=planned by HydraVault; 2025-03(month): project_announced=n_a by HydraVault; 2025-09-10(day): project_announced=n_a by HydraVault; 2025-09-10(day): rezoning_council_decision=approved by City of Chicago; 2026(year): fully_operational=planned by HydraVault
Karis Critical Data Center,Dekalb,IL,DeKalb,41.894,-88.7222,Proposed,,,4,2024-07-15,2024-07-22,other|project_announced|public_hearing_held|rezoning_planning_commission_recommendation,2024-07-15(day): project_announced=n_a by Karis Acquisitions; 2024-07-15(day): rezoning_planning_commission_recommendation=recommended_approval by DeKalb Planning and Zoning Commission; 2024-07-22(day): public_hearing_held=planned by DeKalb City Council; 2024-07-22(day): other=in_progress by ComEd
Gail Technology Data Center,Effingham,IL,Effingham,39.16273,-88.51865,Proposed,,Gail Technology,4,2025-12,2025-12-30,construction_started|interconnection_request_filed|other|project_announced,2025-12(month): project_announced=n_a by Gail Technology; 2025-12(month): interconnection_request_filed=planned by Ameren; 2025-12(month): other=approved by IAG Investments; 2025-12-30(day): construction_started=n_a by Gail Technology
Aligned,Elk Grove Village,IL,Cook,42.03573,-87.9766,Proposed,,,5,2023-03,2023-06-29,land_purchased|project_announced|public_hearing_held|site_plan_applied,2023-03(month): land_purchased=approved by Aligned Data Centers; 2023-05(month): land_purchased=approved by Aligned Data Centers; 2023-06-29(day): project_announced=n_a by Aligned Data Centers; 2023-06-29(day): site_plan_applied=filed by Aligned Data Centers; 2023-06-29(day): public_hearing_held=planned by Elk Grove Village Plan Commission
Aligned,Elk Grove Village,IL,Cook,42.03674,-87.9827,Proposed,,,5,2023-03,2023-06-29,land_purchased|project_announced|public_hearing_held|site_plan_applied,2023-03(month): land_purchased=approved by Aligned Data Centers; 2023-05(month): land_purchased=approved by Aligned Data Centers; 2023-06-29(day): project_announced=n_a by Aligned Data Centers; 2023-06-29(day): site_plan_applied=filed by Aligned Data Centers; 2023-06-29(day): public_hearing_held=planned by Elk Grove Village Plan Commission
Aligned,Elk Grove Village,IL,Cook,42.03374,-87.9824,Proposed,,,5,2023-03,2023-06-29,land_purchased|project_announced|public_hearing_held|site_plan_applied,2023-03(month): land_purchased=approved by Aligned Data Centers; 2023-05(month): land_purchased=approved by Aligned Data Centers; 2023-06-29(day): project_announced=n_a by Aligned Data Centers; 2023-06-29(day): site_plan_applied=filed by Aligned Data Centers; 2023-06-29(day): public_hearing_held=planned by Elk Grove Village Plan Commission
Nexstar Media Group Data Center,Elk Grove Village,IL,Cook,42.01142,-88.0317,Proposed,,,6,2022,2023-06-29,construction_started|land_purchased|project_announced|rezoning_applied|rezoning_planning_commission_recommendation|special_use_permit_applied,2022(year): land_purchased=n_a by Nexstar Media Group; 2023(year): construction_started=planned by IL_720 Rohlwing Rd. LLC; 2023-06-05(day): rezoning_planning_commission_recommendation=recommended_approval by Elk Grove Village; 2023-06-29(day): project_announced=n_a by Nexstar Media Group / IL_720 Rohlwing Rd. LLC; 2023-06-29(day): rezoning_applied=filed by IL_720 Rohlwing Rd. LLC; 2023-06-29(day): special_use_permit_applied=filed by IL_720 Rohlwing Rd. LLC
Stream Data Center,Elk Grove Village,IL,Cook,42.01401,-87.95375,Proposed,,,4,2023-06-29,2023-08,land_purchased|other|project_announced,2023-06-29(day): project_announced=n_a by Stream Data Centers; 2023-06-29(day): other=filed by Stream Data Centers; 2023-06-29(day): other=planned by Stream Data Centers; 2023-08(month): land_purchased=planned by Stream Data Centers
Stream Data Center: Chicago 1,Elk Grove Village,IL,Cook,42.00269,-87.9518,Operating,15,,2,2017-12,2020,fully_operational|land_purchased,2017-12(month): land_purchased=n_a by Stream Data Centers; 2020(year): fully_operational=n_a by Stream Data Centers
Stream Data Center: Chicago 2,Elk Grove Village,IL,Cook,41.99923,-87.9578,Operating,32,,4,2020,2023-08,fully_operational|land_purchased|project_announced|rezoning_applied,2020(year): fully_operational=n_a by Stream Data Centers; 2023-06-29(day): project_announced=planned by Stream Data Centers; 2023-06-29(day): rezoning_applied=filed by Stream Data Centers; 2023-08(month): land_purchased=planned by Stream Data Centers
T5 Data Center,Elk Grove Village,IL,Cook,42.02308,-87.9757,Approved/Permitted/Under construction,36,,3,2023,2025-05-23,construction_started|other|project_announced,2023(year): project_announced=n_a by T5 Data Centers; 2023(year): construction_started=n_a by Clune Construction; 2025-05-23(day): other=n_a by Clune Construction
Western Hospitality Partners Data Center,Groveland Twp,IL,Tazewell,40.59457,-89.590225,Cancelled,,,5,2025-04,2026-03-09,land_purchased|project_announced|project_cancelled|public_hearing_held,2025-04(month): project_announced=planned by Western Hospitality Partners; 2025-04(month): land_purchased=filed by City of Pekin; 2026-01(month): public_hearing_held=n_a by City of Pekin; 2026-03(month): public_hearing_held=n_a by City of Pekin; 2026-03-09(day): project_cancelled=denied by Mayor Mary Burress / City of Pekin
Hut8 Data Center,Latham/ Laenna Twp,IL,Logan,39.97475,-89.19171,Proposed,500,Hut 8,9,2023-12,2027,conditional_use_permit_applied|construction_started|other|project_announced|public_hearing_held|rezoning_applied,2023-12(month): rezoning_applied=filed by Hut 8 Corp.; 2023-12-23(day): project_announced=n_a by Hut 8 Corp.; 2023-12-29(day): rezoning_applied=withdrawn by Hut 8 Corp.; 2025-01-05(day): public_hearing_held=n_a by Logan County Board Zoning and Economic Development Committee; 2025-01-07(day): other=n_a by Logan County Regional Planning Commission; 2025-01-08(day): other=n_a by Logan County Zoning Board of Appeals; 2025-01-15(day): other=n_a by Logan County Board; 2025-02(month): conditional_use_permit_applied=planned by Hut 8 Corp.; 2027(year): construction_started=planned by Hut 8 Corp.
Cloud Centers Data Center,Lisle,IL,DuPage,41.801693,-88.06276,Proposed,50,Cloud Centers,4,2026,2027,construction_started|fully_operational|public_hearing_held|special_use_permit_applied,2026(year): construction_started=planned by Cloud Centers; 2026-01(month): special_use_permit_applied=filed by Cloud Centers; 2026-01(month): public_hearing_held=halted by Village of Lisle Planning and Zoning Commission; 2027(year): fully_operational=planned by Cloud Centers
CyrusOne Data Center,Lombard,IL,DuPage,41.84915,-88.0291,Approved/Permitted/Under construction,18,,3,2025-05,2025-05,construction_started|other,2025-05(month): other=n_a by CyrusOne; 2025-05(month): construction_started=in_progress by CyrusOne; 2025-05(month): other=planned by CyrusOne
Cielo Digital Infrastructure,Minooka,IL,Grundy,41.45592,-88.2842,Proposed,500,,1,2025-06-24,2025-06-24,project_announced,2025-06-24(day): project_announced=planned by Cielo Digital Infrastructure
Tract Morris Data Center,Morris,IL,Grundy,41.39786,-88.37636,Proposed,"1,000",Tract Data Centers,6,2026-01-16,2032,fully_operational|land_purchased|other|partial_operational|project_announced,2026-01-16(day): land_purchased=approved by Tract Data Centers; 2026-01-16(day): project_announced=n_a by Tract Data Centers; 2026-01-16(day): other=approved by Commonwealth Edison (ComEd); 2026-04-20(day): other=approved by Federal Energy Regulatory Commission (FERC); 2028-06(month): partial_operational=planned by Tract Data Centers; 2032(year): fully_operational=planned by Tract Data Centers
Karis Critical Data Center,Naperville,IL,DuPage,41.81113,-88.1191,Cancelled,36,,6,2025-09,2026-01-20,conditional_use_permit_applied|project_announced|project_cancelled|public_hearing_held|rezoning_council_decision|rezoning_planning_commission_recommendation,2025-09(month): project_announced=n_a by Karis Critical; 2025-09(month): conditional_use_permit_applied=filed by Karis Critical; 2025-10(month): public_hearing_held=in_progress by Naperville Planning and Zoning Commission; 2025-11(month): rezoning_planning_commission_recommendation=recommended_approval by Naperville Planning and Zoning Commission; 2026-01-20(day): rezoning_council_decision=denied by Naperville City Council; 2026-01-20(day): project_cancelled=denied by Naperville City Council
Cielo Digital Infrastructure,New Lenox,IL,Will,41.51055,-87.969,Proposed,350,,1,2025-06-24,2025-06-24,project_announced,2025-06-24(day): project_announced=planned by Cielo Digital Infrastructure
ORD-01 Data Center,Northlake,IL,Cook,41.91402,-87.9177,Operating,42,Aligned Data Centers,2,2022-04-20,2022-04-20,construction_started|fully_operational,2022-04-20(day): fully_operational=n_a by Aligned Data Centers; 2022-04-20(day): construction_started=n_a by Aligned Data Centers
ORD-02 Data Center,Northlake,IL,Cook,41.91273,-87.9172,Approved/Permitted/Under construction,,Aligned Data Centers,2,2022-04-20,2022-04-20,construction_started|project_announced,2022-04-20(day): construction_started=n_a by Aligned Data Centers; 2022-04-20(day): project_announced=n_a by Aligned Data Centers
Troy Cloverleaf Data Center,Troy,IL,Madison,38.725338,-89.909645,Proposed,500,Cloverleaf,4,2026-01,2026-02-10,lawsuit_filed|project_announced|public_hearing_held,2026-01(month): project_announced=n_a by Cloverleaf Infrastructure; 2026-01(month): public_hearing_held=n_a by City of Troy; 2026-02-04(day): lawsuit_filed=n_a by Troy Police Department; 2026-02-10(day): public_hearing_held=n_a by City of Troy
CyrusOne,Waverly/ Talkington Twp,IL,Sangamon,39.54828,-89.89837,Proposed,632,,7,2024-07-08,2027,conditional_use_permit_applied|conditional_use_permit_decision|construction_started|fully_operational|other|project_announced|public_hearing_held,2024-07-08(day): other=approved by Sangamon County Board; 2024-10(month): conditional_use_permit_applied=filed by CyrusOne; 2024-10-17(day): project_announced=n_a by CyrusOne; 2024-11-20(day): public_hearing_held=planned by Sangamon County Zoning Board of Appeals; 2024-12-09(day): conditional_use_permit_decision=planned by Sangamon County Board; 2026(year): construction_started=planned by CyrusOne; 2027(year): fully_operational=planned by CyrusOne
CyrusOne Data Center,Yorkville,IL,Kendall,41.6759,-88.4834,Approved/Permitted/Under construction,,,4,2025-09-19,2026-01-13,project_announced|public_hearing_held|rezoning_applied,2025-09-19(day): project_announced=n_a by CyrusOne; 2025-09-19(day): rezoning_applied=filed by CyrusOne; 2025-12-02(day): public_hearing_held=planned by City of Yorkville Economic Development Committee; 2026-01-13(day): public_hearing_held=planned by City of Yorkville
CyrusOne Data Center,Yorkville,IL,Kendall,41.68361,-88.4681,Proposed,,,4,2025-09-19,2026-01-13,project_announced|public_hearing_held|rezoning_applied,2025-09-19(day): project_announced=n_a by CyrusOne; 2025-09-19(day): rezoning_applied=filed by CyrusOne; 2025-12-02(day): public_hearing_held=planned by City of Yorkville Economic Development Committee; 2026-01-13(day): public_hearing_held=planned by City of Yorkville
IND1,Carmell,IN,Hamilton,39.96264,-86.1456,Operating,4.4,,1,2025,2025,fully_operational,2025(year): fully_operational=n_a by Expedient
Provident Realty Advisors,Chesteron,IN,Porter,41.59884,-87.094,Cancelled,,,4,2024,2024-06-10,project_announced|project_withdrawn|public_hearing_held|rezoning_applied,2024(year): public_hearing_held=n_a by Town of Chesterton; 2024-05(month): project_announced=n_a by Provident Realty Advisors; 2024-06-10(day): project_withdrawn=withdrawn by Provident Realty Advisors; 2024-06-10(day): rezoning_applied=withdrawn by Provident Realty Advisors
DartPoints Data Center,Columbus,IN,Bartholomew,39.18256,-85.8968,Operating,,,0,,,,
Karis Critical Data Center,Crown Point,IN,Lake,41.43521,-87.3099,Proposed,,,4,2024-11-25,2024-11-25,other|project_announced|rezoning_applied,2024-11-25(day): project_announced=planned by Karis Critical; 2024-11-25(day): other=recommended_approval by Merrillville Data Center Citizen Advisory Committee; 2024-11-25(day): rezoning_applied=filed by Karis Critical; 2024-11-25(day): other=in_progress by NIPSCO
Wylie Capital Data Center,Crown Point,IN,Lake,41.44693,-87.3319,Proposed,,,1,2024-11-25,2024-11-25,project_announced,2024-11-25(day): project_announced=planned by Wylie Capital
Project Zodiac (Google),Fort Waye,IN,Allen,41.03761,-85.0481,Approved/Permitted/Under construction,200-400,Google,9,2023-10,2025-09-16,construction_started|other|power_purchase_agreement_signed|project_announced|public_hearing_held|rezoning_council_decision|water_permit_applied|water_permit_issued,2023-10(month): project_announced=n_a by Google; 2024-01(month): other=n_a by Google; 2024-04-26(day): project_announced=n_a by Google; 2024-07(month): power_purchase_agreement_signed=n_a by Google / EDPR; 2024-11(month): rezoning_council_decision=approved by Allen County; 2025(year): construction_started=n_a by Google; 2025-08-12(day): water_permit_applied=filed by Hatchworks LLC (on behalf of Google); 2025-09-11(day): public_hearing_held=denied by Indiana Department of Environmental Management; 2025-09-16(day): water_permit_issued=approved by Indiana Department of Environmental Management
Logistix Data Center,Frankfort,IN,Clinton,40.3066,-86.5855,Suspended,300,,4,2025-07,2025-07-23,other|public_hearing_held|rezoning_applied,2025-07(month): rezoning_applied=withdrawn by Logix Realty LLC; 2025-07(month): other=n_a by Frankfort residents / community; 2025-07-03(day): rezoning_applied=filed by Logix Realty LLC; 2025-07-23(day): public_hearing_held=planned by Frankfort City Plan Commission
Granger Data Center Expansion,Granger,IN,St. Joseph,41.72418,-86.1341,Proposed,,Microsoft,1,<UNKNOWN>,<UNKNOWN>,project_announced,<UNKNOWN>(year): project_announced=planned by Microsoft
"Jumping Bison, LLC Data Center",Greensburg,IN,Decatur,39.37664,-85.5201,Proposed,,,5,2024-12-11,2025,other|project_announced,2024-12-11(day): other=approved by Greensburg City Council; 2024-12-11(day): project_announced=n_a by Jumping Bison LLC; 2025(year): other=approved by Greensburg City Council; 2025(year): other=approved by Greensburg City Council; 2025(year): other=n_a by Coalition to Protect Decatur County Against AI Data Center
CoreWeave,Hammond,IN,Lake,41.70514,-87.5191,Proposed,180,,4,2025-06-11,2027,partial_operational|power_purchase_agreement_signed|project_announced|rezoning_council_decision,2025-06-11(day): project_announced=n_a by CoreWeave; 2025-06-11(day): rezoning_council_decision=approved by City of Hammond City Council; 2025-06-11(day): power_purchase_agreement_signed=planned by NIPSCO; 2027(year): partial_operational=planned by CoreWeave
Digital Crossroad Data Center,Hammond,IN,Lake,41.70743,-87.5205,Operating,,,6,2018,2024-03-07,construction_started|fully_operational|other|project_announced,2018(year): other=n_a by Digital Crossroad; 2018(year): construction_started=n_a by Digital Crossroad; 2020(year): fully_operational=n_a by Digital Crossroad; 2024-03-07(day): project_announced=planned by Digital Crossroad; 2024-03-07(day): other=planned by Digital Crossroad; 2024-03-07(day): other=n_a by Digital Crossroad
Project Redline,Hancock County,IN,Hancock,39.82814,-85.7803,Proposed,,,2,2025-06-25,2025-06-25,other|project_announced,2025-06-25(day): other=approved by Indiana Economic Development Corporation (IEDC); 2025-06-25(day): project_announced=planned by unknown
Hobart Data Center,Hobart,IN,Lake,41.50489,-87.28408,Approved/Permitted/Under construction,2400,Amazon,6,2025-01,2025-11-24,other|project_announced|public_hearing_held|rezoning_council_decision|rezoning_planning_commission_recommendation,2025-01(month): rezoning_planning_commission_recommendation=recommended_approval by Hobart Plan Commission; 2025-01(month): public_hearing_held=n_a by Hobart City Council; 2025-03-26(day): rezoning_council_decision=approved by Hobart City Council; 2025-03-26(day): other=n_a by Hobart City Council; 2025-11(month): other=n_a by NIPSCO; 2025-11-24(week): project_announced=n_a by Amazon Web Services
Brightwood Data Center,Indianapolis,IN,Marion,39.80434,-86.1023,Approved/Permitted/Under construction,,Metrobloks,5,2025,2026-04-01,project_announced|public_hearing_held|rezoning_applied|rezoning_council_decision,2025(year): project_announced=n_a by Metrobloks; 2025(year): public_hearing_held=planned by Indianapolis Metropolitan Development Commission; 2025-10-16(day): rezoning_applied=filed by Metrobloks; 2025-10-19(day): rezoning_applied=filed by Metrobloks; 2026-04-01(day): rezoning_council_decision=approved by Indianapolis Metropolitan Development Commission
Lifeline Data Center,Indianapolis,IN,Marion,39.77702,-86.0434,Operating,,,3,2022-12,2023-01,fully_operational|other|project_withdrawn,2022-12(month): other=approved by Netrality Data Centers; 2022-12-31(day): project_withdrawn=withdrawn by Lifeline Data Centers; 2023-01(month): fully_operational=n_a by Netrality Data Centers
Netrality Data Center,Indianapolis,IN,Marion,39.75977,-86.1723,Operating,,,4,2021-07,2023-01,fully_operational|land_purchased,2021-07(month): land_purchased=approved by Netrality Data Centers; 2022-04(month): land_purchased=approved by Netrality Data Centers; 2022-12(month): land_purchased=approved by Netrality Data Centers; 2023-01(month): fully_operational=n_a by Netrality Data Centers
US Signal Data Center,Indianapolis,IN,Marion,39.87038,-86.2369,Operating,,,3,2023-12,2023-12,fully_operational|land_purchased|project_announced,2023-12(month): project_announced=n_a by US Signal; 2023-12(month): land_purchased=approved by US Signal; 2023-12(month): fully_operational=n_a by US Signal
Meta Data Center,Jeffersonville,IN,Clark,38.36471,-85.66,Approved/Permitted/Under construction,,Meta,4,2024-01,2026-02,construction_started|other|partial_operational|project_announced,2024-01(month): project_announced=n_a by Meta; 2024-01(month): other=approved by Indiana Economic Development Corporation; 2024-01(month): construction_started=n_a by Meta; 2026-02(month): partial_operational=n_a by Meta
Microsoft LaPorte Data Center,LaPorte,IN,LaPorte,41.58093,-86.6924,Proposed,,Microsoft,3,2024,2024-06-04,land_purchased|other|project_announced,2024(year): other=planned by Microsoft; 2024-06-04(day): project_announced=n_a by Microsoft; 2024-06-04(day): land_purchased=n_a by Microsoft
Project Domino (Meta),Lebanon,IN,Boone,40.05408,-86.538,Approved/Permitted/Under construction,1000,Meta,8,2024-11,2026-02-11,construction_started|other|project_announced|rezoning_council_decision|rezoning_planning_commission_recommendation|site_plan_applied|water_permit_applied,2024-11(month): project_announced=n_a by Meta; 2024-11(month): rezoning_council_decision=approved by Lebanon City Council; 2024-11(month): other=approved by Lebanon City Council; 2024-11(month): water_permit_applied=filed by Meta; 2025-08(month): site_plan_applied=filed by Meta; 2025-08-20(day): rezoning_planning_commission_recommendation=recommended_approval by Lebanon Planning Commission; 2026-02(month): construction_started=n_a by Meta; 2026-02-11(day): project_announced=n_a by Meta
Prologis,Leesburg,IN,Kosciusko,41.334984,-85.90404,Cancelled,,,5,2025-04-02,2025-04-22,project_cancelled|public_hearing_held|rezoning_applied|rezoning_council_decision|rezoning_planning_commission_recommendation,2025-04-02(day): rezoning_applied=filed by Prologis; 2025-04-02(day): public_hearing_held=n_a by Kosciusko County Planning Commission; 2025-04-02(day): rezoning_planning_commission_recommendation=recommended_denial by Kosciusko County Planning Commission; 2025-04-02(day): project_cancelled=denied by Kosciusko County Planning Commission; 2025-04-22(day): rezoning_council_decision=planned by Kosciusko County Commissioners
Surge Development LLC,McCordsville,IN,Hancock,39.8564,-85.8785,Cancelled,,,5,2025-05,2025-05-27,project_announced|project_withdrawn|public_hearing_held|rezoning_applied,2025-05(month): project_announced=n_a by Surge Development LLC; 2025-05(month): rezoning_applied=filed by Surge Development LLC; 2025-05(month): project_withdrawn=withdrawn by Surge Development LLC; 2025-05-08(day): public_hearing_held=n_a by Hancock County Planning Commission; 2025-05-27(day): public_hearing_held=planned by Hancock County Plan Commission
Province Group Data Center,Merrillville,IN,Lake,41.45333,-87.3033,Proposed,,,1,2024-11-25,2024-11-25,project_announced,2024-11-25(day): project_announced=planned by Province Group
Project Maize,Michigan City,IN,LaPorte,41.57408,-86.7276,Proposed,,Google,8,2025-06,2026-04-20,other|project_announced|project_cancelled,"2025-06(month): other=approved by Michigan City Council; 2025-06-25(day): other=approved by Indiana Economic Development Corporation (IEDC); 2025-06-25(day): project_announced=n_a by Indiana Economic Development Corporation (IEDC); 2025-07(month): project_cancelled=withdrawn by original unnamed developer; 2025-07-16(day): other=denied by Mayor Angie Nelson Deuitch, Michigan City; 2025-09(month): other=approved by Michigan City Common Council; 2026-04(month): other=approved by Google; 2026-04-20(day): project_announced=n_a by Google / Michigan City EDC"
Data center (Project Louie?),Monroe Township,IN,Morgan,39.59592,-86.4602,Proposed,,,5,2025-02,2025-06-25,other|project_announced|public_hearing_held|rezoning_applied|rezoning_planning_commission_recommendation,2025-02(month): rezoning_applied=filed by Morgan County Economic Development Corporation; 2025-02-04(day): project_announced=n_a by Morgan County Economic Development Corporation; 2025-02-04(day): public_hearing_held=n_a by Morgan County Plan Commission; 2025-02-10(day): rezoning_planning_commission_recommendation=in_progress by Morgan County Plan Commission; 2025-06-25(day): other=approved by Indiana Economic Development Corporation (IEDC)
"Google /Deep Meadow Ventures, LLC: Project Flo",New Bethel/ Indianapolis,IN,Marion,39.72007,-85.9992,Suspended,,Google,13,2025,2025-09-22,land_purchased|other|project_announced|project_withdrawn|public_hearing_held|rezoning_applied|rezoning_planning_commission_recommendation|variance_applied,"2025(year): land_purchased=n_a by Google / Deep Meadow Ventures LLC; 2025-03(month): rezoning_applied=filed by Deep Meadow Ventures, LLC (Google); 2025-03(month): public_hearing_held=n_a by Indianapolis Metropolitan Development Commission; 2025-03(month): variance_applied=filed by Deep Meadow Ventures, LLC (Google); 2025-03(month): project_announced=n_a by Deep Meadow Ventures, LLC (Google); 2025-04-10(day): other=n_a by Indianapolis Metropolitan Development Commission; 2025-04-16(day): public_hearing_held=n_a by Franklin Township Civic League Land Use and Zoning Committee; 2025-05(month): other=approved by Indiana Economic Development Corporation; 2025-05-15(day): rezoning_planning_commission_recommendation=recommended_approval by Indianapolis Metropolitan Development Commission Hearing Examiner; 2025-07(month): other=n_a by Google; 2025-08-20(day): rezoning_planning_commission_recommendation=recommended_approval by Indianapolis Metropolitan Development Commission; 2025-09-17(day): public_hearing_held=n_a by City-County Council / Michael-Paul Hart; 2025-09-22(day): project_withdrawn=withdrawn by Google / Deep Meadow Ventures LLC"
Anthropic (speculative),New Carlisle,IN,St. Joseph,41.68848,-86.4736,Operating,2200,Amazon,10,2023,2025-12,construction_started|fully_operational|land_purchased|other|project_announced|project_cancelled|public_hearing_held|rezoning_applied|state_environmental_review_initiated,2023(year): land_purchased=n_a by Amazon (via shell company Razor5); 2023(year): project_announced=n_a by Amazon Web Services (AWS); 2023(year): other=approved by Indiana Economic Development Corporation (IEDC); 2024(year): state_environmental_review_initiated=in_progress by State / environmental review authority; 2024(year): construction_started=n_a by Amazon Web Services (AWS); 2025(year): fully_operational=n_a by Amazon Web Services (AWS); 2025(year): other=n_a by Amazon Web Services (AWS) / Anthropic; 2025-05-13(day): rezoning_applied=filed by St. Joseph County Council; 2025-05-13(day): public_hearing_held=n_a by St. Joseph County Council; 2025-12(month): project_cancelled=withdrawn by St. Joseph County Council
Mall-O-Manor LLC Data Center,New Carlisle,IN,St. Joseph,41.72029,-86.4905,Suspended,,,10,2025-09,2026-05,other|project_announced|project_suspended|public_hearing_held|rezoning_applied|rezoning_council_decision|rezoning_planning_commission_recommendation,2025-09(month): project_announced=n_a by Mall-O-Manor LLC; 2025-09(month): rezoning_applied=filed by Mall-O-Manor LLC; 2025-09-16(day): public_hearing_held=n_a by St. Joseph County Area Plan Commission; 2025-09-16(day): rezoning_planning_commission_recommendation=recommended_denial by St. Joseph County Area Plan Commission; 2025-10(month): other=recommended_denial by New Carlisle Town Council; 2025-10-29(day): public_hearing_held=n_a by St. Joseph County Council Land Use Planning Committee; 2025-10-29(day): rezoning_planning_commission_recommendation=recommended_denial by St. Joseph County Council Land Use Planning Committee; 2025-12-10(day): rezoning_council_decision=denied by St. Joseph County Council; 2025-12-10(day): project_suspended=halted by Mall-O-Manor LLC; 2026-05(month): rezoning_applied=planned by Mall-O-Manor LLC
Radius Data Center,Plainfield,IN,Hendricks,39.741596,-86.36464,Proposed,,,3,2026-01,2026-01-12,project_announced|rezoning_council_decision|rezoning_planning_commission_recommendation,2026-01(month): rezoning_council_decision=planned by Plainfield Town Council; 2026-01-06(day): rezoning_planning_commission_recommendation=approved by Plainfield Plan Commission; 2026-01-12(day): project_announced=n_a by RadiusDC
Provident Realty Advisors Data Center,Porter,IN,Porter,41.61319,-87.1014,Proposed,,,4,2024-08,2024-09-09,project_announced|public_hearing_held|rezoning_applied|rezoning_planning_commission_recommendation,2024-08(month): project_announced=n_a by Provident Realty; 2024-08(month): rezoning_applied=filed by Provident Realty; 2024-08-05(day): public_hearing_held=in_progress by Burns Harbor Planning Commission; 2024-09-09(day): rezoning_planning_commission_recommendation=in_progress by Burns Harbor Planning Commission
Prologis,Shelbyville,IN,Shelby,39.529045,-85.71126,Proposed,"5,200-10,000",,4,2026-01,2026-01-05,other|project_announced|public_hearing_held|rezoning_applied,2026-01(month): public_hearing_held=planned by Shelbyville Plan Commission / City Council; 2026-01-05(day): project_announced=planned by Prologis; 2026-01-05(day): rezoning_applied=filed by Lorm LLC / Alisha Clay; 2026-01-05(day): other=filed by Lorm LLC / Alisha Clay
Jeremiah A QTS Data Center,Union Township,IN,Porter,41.50386,-87.2014,Suspended,,,4,2025,2025-09-10,project_announced|project_withdrawn|public_hearing_held|rezoning_applied,2025(year): project_announced=n_a by QTS; 2025(year): rezoning_applied=filed by QTS; 2025(year): public_hearing_held=n_a by Porter County; 2025-09-10(day): project_withdrawn=withdrawn by QTS
Jeremiah B QTS Data Center,Union Township,IN,Porter,41.49809,-87.1875,Suspended,,,5,2025,2025-09-10,project_announced|project_withdrawn|public_hearing_held|rezoning_applied,2025(year): project_announced=n_a by QTS (Blackstone); 2025(year): rezoning_applied=filed by QTS (Blackstone); 2025(year): public_hearing_held=n_a by Porter County; 2025-09-10(day): project_withdrawn=withdrawn by QTS (Blackstone); 2025-09-10(day): rezoning_applied=withdrawn by QTS (Blackstone)
Agincourt,Valparaiso,IN,Porter,41.50217,-87.01344,Suspended,,,5,2024-12,2025-03-11,other|project_announced|project_withdrawn|public_hearing_held,2024-12(month): other=n_a by Valparaiso Redevelopment Commission; 2025-03(month): project_announced=n_a by Agincourt Investments LLC; 2025-03(month): other=filed by Agincourt Investments LLC; 2025-03-10(day): public_hearing_held=n_a by Valparaiso City Council; 2025-03-11(day): project_withdrawn=withdrawn by Agincourt Investments LLC
Project Pilot,DeSoto,KS,Johnson,38.94633,-95.02935,Proposed,,Beale Infrastructure,4,2025-08,2026-01-13,land_purchased|other|project_announced|site_plan_approved,2025-08(month): site_plan_approved=approved by City of De Soto; 2025-08(month): other=approved by City of De Soto; 2025-09(month): land_purchased=n_a by Pilot KC Holdings LLC (Beale Infrastructure); 2026-01-13(day): project_announced=n_a by Beale Infrastructure
"Mount Sunflower Properties, LLC Data Center",DeSoto,KS,Johnson,38.94522,-95.0297,Proposed,,,6,2025-08-19,2027,construction_started|other|project_announced|public_hearing_held,"2025-08-19(day): project_announced=n_a by Mount Sunflower Properties, LLC / Beale Infrastructure; 2025-08-21(day): public_hearing_held=n_a by De Soto City Council; 2025-08-21(day): other=approved by De Soto City Council; 2025-08-21(day): other=approved by De Soto City Council; 2025-08-21(day): other=approved by De Soto City Council; 2027(year): construction_started=planned by Mount Sunflower Properties, LLC / Beale Infrastructure"
Red Wolf Properties,Kansas City,KS,Wyandotte,39.12852,-94.8801,Proposed,600,,10,2025,2025-10-29,court_ruling|lawsuit_filed|other|project_announced|project_suspended|public_hearing_held|rezoning_applied|rezoning_council_decision|rezoning_planning_commission_recommendation,2025(year): lawsuit_filed=filed by Neal Palmer and Haskell Farms LLC; 2025-04(month): rezoning_applied=filed by Red Wolf DCD Properties LLC; 2025-04-04(day): project_announced=n_a by Red Wolf DCD Properties LLC; 2025-05(month): rezoning_planning_commission_recommendation=recommended_approval by Wyandotte County Planning Commission; 2025-05(month): rezoning_council_decision=approved by Unified Government of Wyandotte County; 2025-05-28(day): public_hearing_held=n_a by Unified Government of Wyandotte County; 2025-06-26(day): rezoning_council_decision=approved by Unified Government of Wyandotte County; 2025-07-31(day): other=denied by Wyandotte County Planning and Zoning Commission; 2025-10-29(day): court_ruling=denied by Wyandotte County District Court; 2025-10-29(day): project_suspended=halted by Wyandotte County District Court
Ekron Data Center,Ekron,KY,Meade,37.90755,-86.10922,Cancelled,,,6,2025-10,2025-10-20,other|project_cancelled|public_hearing_held|rezoning_applied|rezoning_council_decision|rezoning_planning_commission_recommendation,2025-10(month): rezoning_applied=filed by Unknown Developer; 2025-10(month): rezoning_planning_commission_recommendation=recommended_denial by Meade County Planning and Zoning Commission; 2025-10(month): public_hearing_held=n_a by Meade County Fiscal Court; 2025-10(month): other=n_a by Local Community; 2025-10-20(day): rezoning_council_decision=denied by Meade County Fiscal Court; 2025-10-20(day): project_cancelled=halted by Unknown Developer
TeraWulf probable Data Center,Hawesville,KY,Hancock,37.941345,-86.78807,Proposed,480,TeraWulf,2,2026-02-02,2026-02-02,land_purchased|project_announced,2026-02-02(day): project_announced=n_a by TeraWulf Inc.; 2026-02-02(day): land_purchased=approved by TeraWulf Inc.
Project Lincoln: OC Data Center (first version),La Grange,KY,Oldham,38.444557,-85.397995,Cancelled,600,,5,2025-03,2025-11-28,moratorium_enacted|moratorium_expired|project_announced|project_cancelled|project_withdrawn,2025-03(month): project_announced=n_a by Western Hospitality Partners; 2025-06(month): project_withdrawn=withdrawn by Western Hospitality Partners; 2025-06(month): project_cancelled=withdrawn by Western Hospitality Partners; 2025-07-01(day): moratorium_enacted=approved by Oldham County Fiscal Court; 2025-11-28(day): moratorium_expired=planned by Oldham County Fiscal Court
Project Lincoln: OC Data Center (second version),La Grange,KY,Oldham,38.39444,-85.4094,Proposed,,WHP,9,2025-03,2025-11-28,conditional_use_permit_applied|moratorium_enacted|moratorium_expired|project_announced|project_cancelled|public_hearing_held,2025-03(month): project_announced=n_a by Western Hospitality Partners; 2025-03(month): conditional_use_permit_applied=filed by Western Hospitality Partners; 2025-05-15(day): public_hearing_held=n_a by Oldham County Board of Adjustments; 2025-05-21(day): public_hearing_held=n_a by Oldham County Technical Review Committee; 2025-06(month): conditional_use_permit_applied=withdrawn by Western Hospitality Partners; 2025-06-02(day): conditional_use_permit_applied=filed by Western Hospitality Partners; 2025-07(month): project_cancelled=withdrawn by Western Hospitality Partners; 2025-07-01(day): moratorium_enacted=approved by Oldham County Fiscal Court; 2025-11-28(day): moratorium_expired=n_a by Oldham County Fiscal Court
Lexington Data center,Lexington,KY,Fayette,38.04255,-84.4997,Operating,,,0,,,,
PowerHouse Data Centers,Louisville,KY,Jefferson,38.19817,-85.8509,Approved/Permitted/Under construction,130,,7,2025,2026-10,construction_started|other|partial_operational|project_announced|public_hearing_held|rezoning_planning_commission_recommendation|site_plan_approved,2025(year): public_hearing_held=n_a by Louisville Metro Development Review Committee; 2025(year): site_plan_approved=approved by Louisville Metro Development Review Committee; 2025(year): construction_started=planned by PowerHouse Data Centers / Poe Companies; 2025-01(month): project_announced=n_a by PowerHouse Data Centers / Poe Companies; 2026-03(month): rezoning_planning_commission_recommendation=recommended_approval by Louisville Planning Commission; 2026-09(month): other=planned by Louisville Gas and Electric (LG&E); 2026-10(month): partial_operational=planned by PowerHouse Data Centers / Poe Companies
Project Sophie (Soluna),Murray,KY,Calloway,36.61113,-88.3167,Operating,25,,1,2021,2021,fully_operational,2021(year): fully_operational=n_a by Soluna
Riot,Paducah,KY,McCracken,37.08831,-88.70305,Expanding,,Riot,4,2024,2024-07,fully_operational|other|project_announced,
Riot ,Paducah,KY,McCracken,37.088593,-88.676155,Expanding,60,Riot,4,2024,2024-07,fully_operational|other|project_announced,2024(year): other=planned by Riot Platforms; 2024(year): project_announced=planned by Riot Platforms; 2024-07(month): other=approved by Riot Platforms; 2024-07(month): fully_operational=n_a by Riot Platforms
State Line Project Data Center campus,Blanchard,LA,Caddo,32.656498,-93.904144,Proposed,,TXLAAR LLC,4,2025-12,2026-02,land_purchased|project_announced|water_permit_applied,2025-12(month): water_permit_applied=approved by Town of Blanchard; 2026-01-17(day): project_announced=planned by TXLAAR LLC; 2026-01-17(day): land_purchased=in_progress by TXLAAR LLC; 2026-02(month): project_announced=planned by Jim Galambos (Mayor of Blanchard)
TXLAAR LLC Data Center,Bossier Parish,LA,Bossier,32.725018,-93.72789,Proposed,,TXLAAR LLC,4,2025-12,2026-01-17,land_purchased|other|project_announced|water_permit_applied,2025-12(month): water_permit_applied=approved by Town of Blanchard; 2026-01-17(day): project_announced=planned by TXLAAR LLC; 2026-01-17(day): land_purchased=in_progress by TXLAAR LLC; 2026-01-17(day): other=planned by Jim Galambos (Mayor of Blanchard)
Meta RPL-10X Hyperion/Project Sucre,Rayville,LA,Richland,32.50788,-91.6349,Expanding,"1,500-2,200",Meta,14,2024-11,2025-12-01,construction_started|interconnection_request_filed|land_purchased|lawsuit_filed|other|power_purchase_agreement_signed|project_announced,2024-11(month): interconnection_request_filed=filed by Entergy Louisiana; 2024-12(month): construction_started=n_a by Meta; 2024-12-04(day): project_announced=n_a by Meta; 2024-12-05(day): project_announced=n_a by Meta; 2024-12-05(day): land_purchased=n_a by Meta; 2024-12-05(day): power_purchase_agreement_signed=n_a by Meta; 2025(year): lawsuit_filed=filed by Environmental groups; 2025(year): land_purchased=n_a by Meta; 2025-06(month): other=n_a by Entergy Louisiana; 2025-08(month): other=recommended_approval by Louisiana Public Service Commission; 2025-08-20(day): other=approved by Louisiana Public Service Commission; 2025-08-20(day): other=approved by Louisiana Public Service Commission; 2025-10(month): other=n_a by Meta; 2025-12-01(day): other=n_a by Entergy Louisiana
DartPoints Data Center,Shreveport,LA,Caddo,32.51101,-93.7498,Operating,,,1,2025,2025,fully_operational,2025(year): fully_operational=n_a by DartPoints
Data center,Shreveport,LA,Caddo,32.45425,-93.9052,Proposed,,,0,,,,
River Bend Campus,St. Francisville,LA,East Feliciana,30.751701,-91.27455,Approved/Permitted/Under construction,300,Hut 8,8,2024,2027,construction_started|fully_operational|land_purchased|other|project_announced,2024(year): project_announced=n_a by Hut 8; 2025-01(month): other=approved by West Feliciana Parish; 2025-02(month): land_purchased=n_a by Hut 8; 2025-03-18(day): land_purchased=n_a by Hut 8; 2025-08(month): construction_started=n_a by Hut 8; 2025-10(month): other=approved by West Feliciana Parish Council; 2025-10-29(day): other=approved by West Feliciana Parish Industrial Development Board; 2027(year): fully_operational=planned by Hut 8
River Bend Data Center Campus,St. Francisville,LA,West Feliciana,30.764305,-91.337296,Proposed,245,"Fluidstack, Anthropic, Google",6,2024,2027,land_purchased|other|partial_operational|power_purchase_agreement_signed|project_announced,2024(year): project_announced=n_a by Hut 8; 2025-01(month): other=approved by West Feliciana Parish local officials; 2025-03(month): land_purchased=n_a by Hut 8; 2025-12-17(day): power_purchase_agreement_signed=n_a by Hut 8 / Fluidstack; 2025-12-17(day): other=n_a by Hut 8 / Anthropic / Fluidstack; 2027(year): partial_operational=planned by Hut 8
Markely Data Center,Boston,MA,Suffolk,42.354603,-71.05991,Operating,30,,1,2026,2026,fully_operational,2026(year): fully_operational=n_a by Markley Group
Data center,Everett,MA,Middlesex,42.39638,-71.05932,Proposed,,,3,2026-01,2026-01-12,other|project_announced|public_hearing_held,2026-01(month): project_announced=in_progress by The Davis Companies; 2026-01-12(day): public_hearing_held=n_a by Everett City Council; 2026-01-12(day): other=in_progress by Everett City Council
Markely Data Center,Lowell,MA,Middlesex,42.6302,-71.304825,Expanding,,,5,2024-09,2025-06-25,other|public_hearing_held|site_plan_applied,2024-09(month): site_plan_applied=filed by Markley Group; 2024-09-19(day): public_hearing_held=in_progress by Lowell Planning Board; 2024-10-21(day): public_hearing_held=in_progress by Lowell Planning Board; 2025(year): other=in_progress by City of Lowell; 2025-06-25(day): other=approved by Lowell City Council
Medford,Medford,MA,Middlesex,42.40601,-71.0752,Operating,3.2,,1,2025,2025,fully_operational,2025(year): fully_operational=n_a by Expedient
Servistar Data Center,Westfield,MA,Hampden,42.15831,-72.74108,Proposed,300,,11,2021,2025-12-30,interconnection_request_filed|other|project_announced|project_cancelled|public_hearing_held|special_use_permit_applied|special_use_permit_decision|state_environmental_review_initiated,2021(year): special_use_permit_applied=filed by Servistar Realties; 2021(year): public_hearing_held=n_a by Westfield City Council and Planning Board; 2021(year): other=approved by Westfield City Council; 2021-05(month): project_announced=n_a by Servistar Realties; 2021-10(month): special_use_permit_decision=approved by City of Westfield; 2022-01(month): state_environmental_review_initiated=planned by Servistar Realties; 2022-02(month): interconnection_request_filed=withdrawn by Servistar Realties; 2024(year): other=approved by Commonwealth of Massachusetts; 2024(year): other=n_a by Massachusetts Secretary of the Commonwealth; 2025-08-22(day): other=in_progress by Massachusetts Executive Office of Economic Development; 2025-12-30(day): project_cancelled=withdrawn by Servistar Realties
Tidepoint,Baltimore,MD,Baltimore,39.27421,-76.5911,Operating,1.5,,1,2025,2025,fully_operational,2025(year): fully_operational=n_a by Expedient
Mag Partners Data Centers,Baltimore Peninsula/ Port Covington,MD,Baltimore,39.26509,-76.6127,Proposed,,,2,2025-08-07,2025-08-07,other|project_announced,2025-08-07(day): project_announced=planned by Mag Partners; 2025-08-07(day): other=in_progress by Baltimore Gas and Electric (BGE)
Quantum Frederick,Frederick,MD,Frederick,39.3343,-77.4679,Proposed,"264-2,400",,7,2021,2025-09,construction_started|land_purchased|other|project_announced|rezoning_planning_commission_recommendation|site_plan_applied,2021(year): other=n_a by Alcoa (Eastalco Works); 2021-06-23(day): land_purchased=approved by Quantum Loophole / TPG Real Estate Partners; 2021-06-28(day): project_announced=n_a by Quantum Loophole / TPG Real Estate Partners; 2025-02(month): construction_started=n_a by Aligned; 2025-05-23(day): site_plan_applied=filed by Aligned; 2025-05-23(day): rezoning_planning_commission_recommendation=recommended_approval by Frederick County Planning Commission; 2025-09(month): other=n_a by Maryland Data Centers Analysis Group (MDCAG)
Brightseat Tech Park Data Center,Hyattsville,MD,Prince George's,38.91977,-76.8565,Suspended,820,,6,2024-10,2025-09-16,moratorium_enacted|other|project_announced|project_suspended|public_hearing_held,2024-10(month): project_announced=n_a by Lerner Enterprises; 2025-09-10(day): public_hearing_held=n_a by Prince George's County Qualified Data Center Task Force; 2025-09-10(day): other=n_a by Community residents / Party for Socialism and Liberation; 2025-09-15(day): moratorium_enacted=approved by Prince George's County Executive Aisha Braveboy; 2025-09-15(day): project_suspended=halted by Prince George's County; 2025-09-16(day): moratorium_enacted=approved by Prince George's County Council
TeraWulf probable Data Center,Newburg,MD,Charles,38.365482,-76.96935,Proposed,"500-1,000",TeraWulf,3,2026-02-02,2026-02-02,land_purchased|other|project_announced,2026-02-02(day): project_announced=n_a by TeraWulf Inc.; 2026-02-02(day): land_purchased=n_a by TeraWulf Inc.; 2026-02-02(day): other=in_progress by Federal Energy Regulatory Commission (FERC)
BWI1,Owings Mills,MD,Baltimore,39.42716,-76.8118,Operating,0.8,,1,<UNKNOWN>,<UNKNOWN>,fully_operational,<UNKNOWN>(year): fully_operational=n_a by Expedient
Prosperity Drive Data Center,Silver Spring,MD,Montgomery,39.05859,-76.9644,Operating,5-100,,5,2009,2025-08-18,fully_operational|land_purchased|other,2009(year): other=n_a by unknown; 2011(year): land_purchased=approved by Citi; 2019(year): land_purchased=approved by Lincoln Property Co. / Lincoln Rackhouse; 2025-08-18(day): land_purchased=approved by Sansone Group; 2025-08-18(day): fully_operational=n_a by Priseda
Security Land and Development LLC Data Center,Woodlawn,MD,Baltimore,39.319317,-76.74747,Proposed,150,,5,2025-04,2026,building_permit_applied|construction_started|project_announced|public_hearing_held,2025-04(month): building_permit_applied=filed by Security Land and Development LP; 2025-06(month): building_permit_applied=filed by Security Land and Development LP; 2025-12-10(day): project_announced=planned by Security Land and Development LP; 2025-12-10(day): public_hearing_held=in_progress by Baltimore County; 2026(year): construction_started=planned by Security Land and Development LP
Tier III AI Data Center,Lewiston,ME,Androscoggin,44.094273,-70.21859,Cancelled,,MillCompute LLC,4,2025-12-15,2025-12-16,project_announced|project_cancelled|public_hearing_held|rezoning_council_decision,2025-12-15(day): project_announced=n_a by MillCompute LLC; 2025-12-16(day): public_hearing_held=n_a by Lewiston City Council; 2025-12-16(day): rezoning_council_decision=denied by Lewiston City Council; 2025-12-16(day): project_cancelled=halted by Lewiston City Council
Data center at former Maine Yankee nuclear power plant,Wicasset,ME,Lincoln,43.95572,-69.69428,Proposed,,,3,2025-09,2025-10-07,other|project_announced|public_hearing_held,2025-09(month): project_announced=planned by Wiscasset Selectboard; 2025-10(month): other=approved by Wiscasset Selectboard; 2025-10-07(day): public_hearing_held=n_a by Wiscasset Selectboard
Solstice Data Center,Allen Park,MI,Wayne,42.268654,-83.208176,Suspended,26,Solstice,7,2025-11-06,2026-01-08,project_announced|project_suspended|public_hearing_held|site_plan_applied,2025-11-06(day): public_hearing_held=n_a by Allen Park Planning Commission; 2025-11-06(day): public_hearing_held=n_a by Allen Park Planning Commission; 2025-12(month): site_plan_applied=filed by Solstice Data; 2025-12-08(day): project_announced=n_a by Solstice Data; 2026-01-08(day): public_hearing_held=in_progress by Allen Park Planning Commission; 2026-01-08(day): site_plan_applied=in_progress by Allen Park Planning Commission; 2026-01-08(day): project_suspended=halted by Allen Park Planning Commission
Thor Equities Data Center,Augusta Township,MI,Washtenaw,42.091705,-83.63743,Proposed,,,6,2025-05-28,2026-05,other|public_hearing_held|rezoning_applied|rezoning_council_decision|rezoning_planning_commission_recommendation,2025-05-28(day): rezoning_applied=filed by JDS Equities II LLC (Thor Equities affiliate); 2025-05-28(day): public_hearing_held=n_a by Augusta Township Planning Commission; 2025-06(month): rezoning_planning_commission_recommendation=recommended_denial by Augusta Township Planning Commission; 2025-07(month): rezoning_council_decision=approved by Augusta Township Board of Trustees; 2025-08(month): other=filed by Protect Augusta Charter Township (PACT); 2026-05(month): other=planned by Augusta Township
US Signal Data Center,Belleville,MI,Wayne,42.23536,-83.4441,Expanding,1.5,,7,2018,2025-12,construction_started|fully_operational|other|project_announced|site_plan_applied|site_plan_approved|special_use_permit_decision,2018(year): construction_started=n_a by US Signal; 2019-05(month): special_use_permit_decision=approved by Van Buren Township Planning Commission; 2020-03(month): fully_operational=n_a by US Signal; 2025-06-08(day): project_announced=n_a by US Signal; 2025-06-08(day): other=planned by US Signal; 2025-12(month): site_plan_applied=filed by US Signal Properties LLC; 2025-12(month): site_plan_approved=recommended_approval by Van Buren Township City Staff
Switch Pyramid Data Center,Caledonia,MI,Kent,42.852547,-85.560104,Approved/Permitted/Under construction,320,Switch,7,2017,2025,construction_started|land_purchased|other|partial_operational|project_announced,2017(year): land_purchased=n_a by Switch; 2017(year): project_announced=n_a by Switch; 2021(year): other=approved by Gaines Township; 2022(year): construction_started=n_a by Switch; 2024-11-06(day): project_announced=planned by Switch; 2024-11-06(day): construction_started=planned by Switch; 2025(year): partial_operational=n_a by Switch
"Hyperscale Data, Inc.",Dowagiac,MI,Cass,41.992455,-86.098976,Operating,30-340,,7,2022-05,2026-03-31,construction_started|fully_operational|land_purchased|other|project_announced,2022-05(month): land_purchased=approved by Hyperscale Data Inc. / Alliance Cloud Services; 2025(year): fully_operational=n_a by Hyperscale Data Inc.; 2025-02(month): project_announced=planned by Hyperscale Data Inc.; 2025-03(month): construction_started=n_a by Hyperscale Data Inc.; 2026-03-31(day): land_purchased=in_progress by Hyperscale Data Inc. / Alliance Cloud Services; 2026-03-31(day): project_announced=planned by Hyperscale Data Inc.; 2026-03-31(day): other=filed by Hyperscale Data Inc.
Cloverleaf Infrastructure Data Center,Dundee,MI,Monroe,41.997276,-83.66742,Suspended,,,4,2025-10-08,2025-10-08,other|project_suspended|public_hearing_held,2025-10-08(day): other=withdrawn by Cloverleaf Infrastructure; 2025-10-08(day): public_hearing_held=n_a by Dundee Village Council; 2025-10-08(day): other=denied by Dundee Village Council; 2025-10-08(day): project_suspended=halted by Cloverleaf Infrastructure
Southfield Data Center,Farmington Hills,MI,Oakland,42.488056,-83.31892,Proposed,100,Metrobloks,5,2025-11,2025-12,project_announced|public_hearing_held|site_plan_applied|site_plan_approved,2025-11(month): project_announced=n_a by Metrobloks; 2025-11(month): public_hearing_held=n_a by Southfield City Council; 2025-11(month): site_plan_applied=filed by Metrobloks; 2025-12(month): public_hearing_held=n_a by Southfield City Council; 2025-12(month): site_plan_approved=approved by Southfield City Council
Howell Data Center,Fowlerville,MI,Livingston,42.655422,-84.02875,Cancelled,,Santec Consulting,11,2025-09,2025-12-08,moratorium_enacted|other|project_withdrawn|public_hearing_held|rezoning_applied|rezoning_planning_commission_recommendation,"2025-09(month): rezoning_applied=filed by Stantec Consulting Michigan Inc. and Randee LLC; 2025-09-23(day): public_hearing_held=n_a by Howell Township Planning Commission; 2025-09-23(day): rezoning_planning_commission_recommendation=recommended_denial by Howell Township Planning Commission; 2025-10(month): rezoning_applied=withdrawn by Stantec Consulting Michigan Inc. and Randee LLC; 2025-10-29(day): other=n_a by Van Gilder Family; 2025-11-19(day): rezoning_planning_commission_recommendation=recommended_denial by Livingston County Planning Commission; 2025-11-20(day): moratorium_enacted=approved by Howell Township Board of Trustees; 2025-11-20(day): moratorium_enacted=n_a by other_info; 2025-11-21(day): other=n_a by Bob Wilson, Howell Township Board of Trustees; 2025-12-07(day): rezoning_applied=withdrawn by Stantec Consulting Michigan Inc. and Randee LLC; 2025-12-08(day): project_withdrawn=withdrawn by Stantec Consulting Michigan Inc. and Randee LLC"
Microsoft Data Center,Grand Rapids,MI,Kent,42.85125,-85.54604,Proposed,,Microsoft,4,2024-10,2025-12-18,land_purchased|project_announced|public_hearing_held|rezoning_applied,2024-10(month): land_purchased=n_a by Microsoft; 2025-12-15(day): project_announced=n_a by Microsoft; 2025-12-15(day): rezoning_applied=filed by Microsoft; 2025-12-18(day): public_hearing_held=planned by Gaines Township
Kalamazoo County Data Center,Kalamazoo,MI,Kalamazoo,42.243793,-85.51012,Suspended,,,5,2025,2025-10-30,other|project_announced|project_suspended|public_hearing_held,2025(year): project_announced=n_a by Franklin Partners LLC; 2025(year): public_hearing_held=n_a by Pavilion Township; 2025-10-27(day): project_suspended=halted by Franklin Partners LLC; 2025-10-30(day): other=n_a by Pavilion Township; 2025-10-30(day): other=n_a by Don Shoemaker / Franklin Partners LLC
Rocklocker LLC,Kalkaska Township,MI,Kalkaska,44.728703,-85.21632,Cancelled,1000,,5,2025,2025-11-19,other|project_announced|project_withdrawn|public_hearing_held,2025(year): other=denied by Michigan Department of Natural Resources; 2025-11(month): project_announced=n_a by Rocklocker LLC; 2025-11(month): project_withdrawn=withdrawn by Rocklocker LLC; 2025-11-17(day): public_hearing_held=n_a by Rocklocker LLC; 2025-11-19(day): public_hearing_held=n_a by Rocklocker LLC
Deep Green Data Center,Lansing,MI,Ingham,42.731003,-84.545654,Cancelled,24,Deep Green,9,2025-11-03,2026-04-07,other|project_announced|project_withdrawn|public_hearing_held|rezoning_applied|rezoning_planning_commission_recommendation,2025-11-03(day): project_announced=n_a by Deep Green; 2025-11-05(day): rezoning_applied=filed by Deep Green; 2025-11-05(day): public_hearing_held=n_a by Lansing Planning Commission; 2025-11-05(day): other=recommended_approval by Lansing Zoning Administrator Sue Stachowiak; 2025-12-02(day): other=in_progress by Lansing Planning Commission; 2025-12-02(day): rezoning_planning_commission_recommendation=recommended_denial by Lansing Planning Commission; 2025-12-02(day): other=recommended_approval by Lansing Planning Commission; 2026-04-07(day): project_withdrawn=withdrawn by Deep Green; 2026-04-07(day): other=withdrawn by Lansing Mayor Andy Schor
Lowell Covenant Business Park Data Center,Lowell,MI,Kent,42.880783,-85.376175,Suspended,,Franklin Partners,6,2025,2026-01-07,other|project_announced|project_suspended|project_withdrawn|public_hearing_held|rezoning_applied,2025(year): rezoning_applied=filed by Franklin Lowell LLC; 2025-12-08(day): public_hearing_held=n_a by Lowell Charter Township Planning Commission; 2025-12-12(day): project_suspended=halted by City of Lowell; 2025-12-18(day): project_withdrawn=withdrawn by Franklin Lowell LLC; 2026-01(month): other=n_a by Microsoft; 2026-01-07(day): project_announced=n_a by Microsoft
Lower Peninsula Data Center,Lower Peninsula,MI,Isabella,43.66056,-84.6665,Proposed,1000,,3,2025-08-05,2025-08-05,other|power_purchase_agreement_signed|project_announced,2025-08-05(day): project_announced=planned by Consumers Energy (CMS); 2025-08-05(day): power_purchase_agreement_signed=approved by Consumers Energy (CMS); 2025-08-05(day): other=in_progress by Michigan Public Service Commission
Alterra Development Corporation Data Center,Marshall,MI,Calhoun,42.239025,-84.955826,Proposed,,Alterra Development,2,2025-12,2025-12,land_purchased|other,2025-12(month): land_purchased=approved by City of Marshall; 2025-12(month): other=n_a by Alterra Development
"Project Flex, Lyon Township Data Center",New Hudson,MI,Oakland,42.50185,-83.61119,Approved/Permitted/Under construction,200-525,Verrus,9,2025-08,2026-01-22,other|project_announced|public_hearing_held|site_plan_applied|site_plan_approved,2025-08(month): other=n_a by Verrus; 2025-08-07(day): site_plan_applied=filed by Verrus; 2025-09-08(day): site_plan_approved=approved by Lyon Township Planning Commission; 2025-12(month): project_announced=n_a by Verrus; 2026-01-07(day): other=in_progress by Kimley-Horn (consultant for Verrus); 2026-01-08(day): other=in_progress by Lyon Township Planning Commission; 2026-01-12(day): public_hearing_held=n_a by Lyon Township Planning Commission; 2026-01-12(day): other=n_a by Lyon Township residents; 2026-01-22(day): other=n_a by Lyon Township
Related Digital/The Barn,Saline,MI,Washtenaw,42.112755,-83.88956,Approved/Permitted/Under construction,1400,Related Digital,15,2024-12-18,2026-01-20,air_permit_applied|air_permit_issued|court_ruling|lawsuit_filed|other|public_hearing_held|rezoning_applied|rezoning_council_decision|rezoning_planning_commission_recommendation|water_permit_issued,"2024-12-18(day): other=approved by Michigan Public Service Commission; 2025(year): other=n_a by DTE Energy / Related Digital; 2025-08(month): rezoning_applied=filed by Related Digital; 2025-08(month): rezoning_planning_commission_recommendation=in_progress by Saline Township Planning Commission; 2025-08-13(day): public_hearing_held=n_a by Saline Township Board; 2025-08-13(day): rezoning_council_decision=in_progress by Saline Township Board; 2025-09(month): rezoning_council_decision=denied by Saline Township Board; 2025-09-24(day): air_permit_applied=filed by Related Digital; 2025-10(month): lawsuit_filed=filed by Related Digital / landowners; 2025-10(month): court_ruling=approved by Saline Township / Related Digital; 2025-10-17(day): other=granted by Michigan Department of Environment, Great Lakes, and Energy (EGLE); 2026-01-08(day): lawsuit_filed=filed by Michigan Attorney General Dana Nessel; 2026-01-13(day): air_permit_issued=approved by Michigan Department of Environment, Great Lakes, and Energy (EGLE); 2026-01-16(day): water_permit_issued=approved by Michigan Department of Environment, Great Lakes, and Energy (EGLE); 2026-01-20(day): other=filed by Michigan Attorney General Dana Nessel"
Panattoni Project Cannoli,Van Buren Township,MI,Wayne,42.22704,-83.43421,Proposed,1000,Google,0,,,,
Washington Township Data Center,Washington Township,MI,Macomb,42.80183,-82.99235,Proposed,,Prologis,5,2025-11,2025-12-11,other|public_hearing_held|rezoning_applied|rezoning_planning_commission_recommendation,2025-11(month): rezoning_applied=filed by Prologis; 2025-12(month): rezoning_applied=filed by Prologis; 2025-12-11(day): public_hearing_held=n_a by Washington Township Planning Commission; 2025-12-11(day): rezoning_planning_commission_recommendation=in_progress by Washington Township Planning Commission; 2025-12-11(day): other=n_a by Washington Township
University of Michigan Los Alamos Data Center,Ypsilanti,MI,Washtenaw,42.20446,-83.5551,Proposed,,Los Alamos National Laboratory,12,2024-06,2026,construction_started|land_purchased|other|project_announced|public_hearing_held,"2024-06(month): land_purchased=approved by University of Michigan Board of Regents; 2024-12(month): project_announced=n_a by University of Michigan / Los Alamos National Laboratory; 2024-12(month): other=approved by Michigan Economic Development Corporation / Michigan Strategic Fund; 2025(year): other=in_progress by Ypsilanti Township / Community; 2025-06(month): public_hearing_held=n_a by Ypsilanti Township Board of Trustees; 2025-06-12(day): land_purchased=approved by University of Michigan Board of Regents; 2025-08(month): public_hearing_held=n_a by University of Michigan; 2025-08-19(day): other=n_a by Ypsilanti Township Board of Trustees; 2025-12(month): other=filed by Michigan State Rep. Jimmie Wilson Jr.; 2025-12(month): other=n_a by University of Michigan employees, faculty, and students; 2025-12-02(day): other=n_a by Ypsilanti Township Board of Trustees; 2026(year): construction_started=planned by University of Michigan"
Amazon,Becker,MN,Sherburne,45.38527,-93.8805,Suspended,,Amazon,5,2024-11,2025-05-28,land_purchased|other|project_suspended,2024-11(month): land_purchased=n_a by Amazon; 2025-05(month): other=in_progress by Minnesota Legislature / Governor Tim Walz; 2025-05-19(day): other=n_a by Minnesota Legislature; 2025-05-28(day): project_suspended=halted by Amazon; 2025-05-28(day): other=n_a by Xcel Energy
TRACT Data Center,Cannon Falls,MN,Dakota,44.53196,-92.9268,Proposed,,,7,2025,2026,construction_started|other|project_announced|public_hearing_held|rezoning_council_decision|state_environmental_review_decision|state_environmental_review_initiated,2025(year): rezoning_council_decision=planned by Cannon Falls City Council; 2025-01(month): project_announced=n_a by TRACT; 2025-01(month): state_environmental_review_initiated=in_progress by City of Cannon Falls; 2025-07-25(day): state_environmental_review_decision=approved by City of Cannon Falls; 2025-08(month): other=approved by City of Cannon Falls / Randolph Township; 2025-09(month): public_hearing_held=planned by City of Cannon Falls; 2026(year): construction_started=planned by TRACT
Cielo Digital Infrastructure,Chisago,MN,Chisago,45.3618,-92.9186,Proposed,300,,1,2025-06-24,2025-06-24,project_announced,2025-06-24(day): project_announced=planned by Cielo Digital Infrastructure
MSP1 Data Center,Eagan,MN,Dakota,44.82953,-93.1176,Approved/Permitted/Under construction,12,,3,2024,2025-08-06,construction_started|land_purchased|project_announced,2024(year): land_purchased=n_a by Ryan Companies; 2025-08-06(day): project_announced=n_a by Centra; 2025-08-06(day): construction_started=n_a by Centra
TRACT Data Center,Farmington,MN,Dakota,44.62754,-93.1229,Proposed,,,4,2024-09,2024-12,lawsuit_filed|project_announced|rezoning_council_decision|site_plan_applied,2024-09(month): project_announced=n_a by Tract; 2024-09(month): site_plan_applied=filed by Tract; 2024-12(month): rezoning_council_decision=approved by Farmington City Council; 2024-12(year): lawsuit_filed=filed by Farmington residents
Project Loon,Hermantown,MN,St. Louis,46.77741,-92.28186,Suspended,,Google,13,2025-06,2026-03-04,lawsuit_filed|other|power_purchase_agreement_signed|project_announced|project_suspended|public_hearing_held|rezoning_applied|rezoning_council_decision|special_use_permit_applied,2025-06(month): project_announced=n_a by Mortenson / Harmony Group LLC; 2025-10(month): rezoning_applied=filed by Mortenson / Harmony Group LLC; 2025-10-20(day): public_hearing_held=n_a by Hermantown City Council; 2025-10-20(day): rezoning_council_decision=approved by Hermantown City Council; 2025-10-21(day): other=filed by Minnesota Environmental Quality Board; 2025-10-22(day): project_suspended=halted by Hermantown City Council; 2025-11-05(day): lawsuit_filed=filed by Minnesota Center for Environmental Advocacy / Stop the Hermantown Data Center; 2025-11-05(day): lawsuit_filed=filed by Minnesota Center for Environmental Advocacy / Stop the Hermantown Data Center; 2025-11-10(day): special_use_permit_applied=withdrawn by Mortenson; 2025-11-14(day): other=planned by Mortenson; 2025-12-03(day): other=n_a by City of Hermantown; 2026-03-04(day): other=n_a by Google; 2026-03-04(day): power_purchase_agreement_signed=approved by Google / Minnesota Power
US Internet Data Center,Minneapolis,MN,Hennepin,45.02485,-93.3328,Proposed,,,5,2025,2025-08-01,conditional_use_permit_decision|land_purchased|other|project_announced|variance_decision,2025(year): land_purchased=n_a by US Internet; 2025(year): other=n_a by Pro-Life Action; 2025-03(month): variance_decision=approved by Robbinsdale City Council; 2025-03(month): conditional_use_permit_decision=approved by Robbinsdale City Council; 2025-08-01(day): project_announced=n_a by US Internet
Geronimo Power Data Center,Nobles County,MN,Murray,43.85769,-95.73042,Proposed,400-500,,5,2025,2030,fully_operational|land_purchased|project_announced|public_hearing_held|state_environmental_review_initiated,2025(year): state_environmental_review_initiated=planned by Geronimo Power; 2025-12-02(day): project_announced=planned by Geronimo Power; 2025-12-02(day): public_hearing_held=n_a by Nobles County Planning Commission; 2025-12-02(day): land_purchased=planned by Geronimo Power; 2030(year): fully_operational=planned by Geronimo Power
Project Skyway,Pine Island,MN,Goodhue,44.22483,-92.6442,Proposed,1200-1600,"Ryan Companies US, Inc.",6,2025-03,2026-02-24,other|power_purchase_agreement_signed|project_announced|public_hearing_held|state_environmental_review_initiated,"2025-03(month): project_announced=n_a by Ryan Companies US, Inc.; 2025-03(month): state_environmental_review_initiated=in_progress by City of Pine Island; 2025-04-17(day): public_hearing_held=n_a by City of Pine Island; 2026-02-05(day): other=approved by Pine Island City Council; 2026-02-24(day): project_announced=n_a by Google; 2026-02-24(day): power_purchase_agreement_signed=approved by Google / Xcel Energy"
Columbia Data Center,Columbia,MO,Boone,38.989983,-92.2809,Proposed,,,3,2025,2025,public_hearing_held|rezoning_council_decision|rezoning_planning_commission_recommendation,2025(year): rezoning_planning_commission_recommendation=recommended_approval by Columbia Planning and Zoning Commission; 2025(year): public_hearing_held=n_a by Columbia Planning and Zoning Commission; 2025(year): rezoning_council_decision=planned by Columbia City Council
Nebius Data Center,Independence,MO,Jackson,39.073467,-94.332855,Proposed,880,Patmos,9,2024-11-13,2028,construction_started|land_purchased|other|partial_operational|project_announced,2024-11-13(day): other=approved by Nebius / Patmos; 2025-12(month): land_purchased=n_a by Nebius; 2026-01(month): construction_started=in_progress by Nebius; 2026-01-12(day): project_announced=n_a by Nebius; 2026-01-20(day): other=approved by Independence City Council; 2026-03-04(day): other=approved by Independence City Council; 2026-03-04(day): other=approved by Independence City Council; 2026-03-04(day): other=in_progress by Stop the AI Data Center in Independence (citizen group); 2028(year): partial_operational=planned by Nebius
Wildwood Ranch Data Center,Joplin,MO,Jasper,37.06882,-94.60008,Approved/Permitted/Under construction,200,,4,2026-01,2026-01,other|public_hearing_held|rezoning_council_decision|rezoning_planning_commission_recommendation,2026-01(month): rezoning_planning_commission_recommendation=recommended_approval by Joplin City Planning Commission; 2026-01(month): rezoning_council_decision=approved by Joplin City Council; 2026-01(month): public_hearing_held=n_a by Joplin City Council; 2026-01(month): other=in_progress by Joplin Citizens Against Wildwood Ranch Data Center Site
Cielo Digital Infrastructure,Kansas City,MO,Jackson,39.01764,-94.5668,Proposed,500,,1,2025-06-24,2025-06-24,project_announced,2025-06-24(day): project_announced=planned by Cielo Digital Infrastructure
Google Data Center (Project Micah),Kansas City,MO,Clay,39.31801,-94.5773,Approved/Permitted/Under construction,700,Google,10,2022,2026-02-13,construction_started|land_purchased|other|project_announced|site_plan_applied,2022(year): project_announced=n_a by Diode Ventures; 2022(year): site_plan_applied=filed by Diode Ventures; 2023(year): land_purchased=n_a by Google; 2024-01(month): project_announced=n_a by Google; 2024-06-21(day): site_plan_applied=filed by Google; 2025-04-15(day): other=recommended_approval by Port Authority of Kansas City; 2025-07(month): other=approved by Port Authority of Kansas City; 2025-07(month): other=approved by Port Authority of Kansas City; 2026-02-13(day): construction_started=n_a by Google; 2026-02-13(day): other=n_a by Evergy
Meta Data Center (KCM),Kansas City,MO,Platte,39.32488,-94.6011,Operating,,Meta,6,2021-12,2025-08-20,construction_started|fully_operational|land_purchased|other|project_announced,2021-12(month): land_purchased=n_a by Meta; 2022(year): project_announced=n_a by Meta; 2022(year): construction_started=n_a by Meta; 2022-12(month): land_purchased=n_a by Meta; 2025-08-20(day): fully_operational=n_a by Meta; 2025-08-20(day): other=approved by Meta
Project Kestrel (Port KC),Kansas City,MO,Platte,39.35368,-94.6967,Proposed,,,7,2025,2026-03-20,construction_started|land_purchased|other|project_announced,2025(year): other=approved by Port KC; 2025-08-26(day): project_announced=n_a by Port KC / Shenandoah Computing LLC; 2025-08-26(day): other=filed by Shenandoah Computing LLC / Port KC Board of Commissioners; 2025-11(month): other=n_a by Platte County Presiding Commissioner Scott Fricker; 2026(year): construction_started=planned by Shenandoah Computing LLC; 2026-03-20(day): land_purchased=n_a by Shenandoah Computing LLC; 2026-03-20(day): other=n_a by Evergy
Amazon Project Green,New Florence,MO,Montgomery,38.905663,-91.41777,Proposed,,NorthPoint Development,8,2025-12,2026-02-17,building_permit_applied|land_purchased|lawsuit_filed|other|project_announced|public_hearing_held,"2025-12(month): project_announced=n_a by NorthPoint Development / Amazon Web Services; 2025-12-03(day): other=approved by Montgomery County Commission; 2025-12-08(day): public_hearing_held=n_a by Montgomery County Commission; 2026(year): land_purchased=planned by NorthPoint Development / Amazon Web Services; 2026(year): building_permit_applied=planned by NorthPoint Development / Amazon Web Services; 2026-01-12(day): public_hearing_held=n_a by Montgomery County Commission; 2026-02(month): other=approved by Montgomery County Commission; 2026-02-17(day): lawsuit_filed=filed by Preserve Montgomery County, LLC"
Google Project Spade,New Florence,MO,Montgomery,38.8889,-91.440025,Proposed,1200,Related Digital ,8,2025-11,2026-01-28,building_permit_applied|construction_started|land_purchased|other|project_announced|public_hearing_held|site_plan_approved,2025-11(month): site_plan_approved=approved by Montgomery County Commission; 2025-12-03(day): project_announced=planned by Related Digital / Spade Property Owner LLC; 2025-12-03(day): other=approved by Montgomery County Commission; 2025-12-03(day): building_permit_applied=planned by Spade Property Owner LLC / Related Digital; 2025-12-08(day): public_hearing_held=n_a by Montgomery County Commission; 2026(year): construction_started=planned by Related Digital; 2026(year): land_purchased=planned by Spade Property Owner LLC / Related Digital; 2026-01-28(day): project_announced=n_a by Google / Related Digital
Diode Ventures Project Harper,Peculiar,MO,Cass,38.74797,-94.4821,Cancelled,,Diode Ventures,7,2024,2024-10-23,moratorium_enacted|project_announced|project_cancelled|public_hearing_held|rezoning_council_decision|rezoning_planning_commission_recommendation,2024(year): rezoning_council_decision=approved by Peculiar Board of Aldermen; 2024(year): moratorium_enacted=n_a by Peculiar Board of Aldermen; 2024-01(month): project_announced=n_a by Diode Ventures; 2024-09(month): rezoning_planning_commission_recommendation=recommended_denial by Peculiar Planning Commission; 2024-10(month): public_hearing_held=n_a by Peculiar Board of Aldermen; 2024-10(month): rezoning_council_decision=denied by Peculiar Board of Aldermen; 2024-10-23(day): project_cancelled=halted by Diode Ventures
Data center,St Charles,MO,St. Charles,38.82242,-90.5378,Proposed,,,2,2025-08-07,2025-08-19,project_announced|public_hearing_held,2025-08-07(day): project_announced=n_a by Unknown Developer; 2025-08-19(day): public_hearing_held=planned by St. Charles City Council
Project Cumulus,St Charles,MO,St. Charles,38.81535,-90.5454,Proposed,,,8,2025-03,2025-08,conditional_use_permit_applied|conditional_use_permit_decision|moratorium_enacted|project_announced|public_hearing_held|site_plan_applied|site_plan_approved,2025-03(month): project_announced=n_a by CRG Cumulus LLC / Clayco; 2025-06(month): public_hearing_held=n_a by St. Charles County Planning and Zoning Commission; 2025-07-14(day): site_plan_applied=filed by CRG Cumulus LLC; 2025-07-14(day): conditional_use_permit_applied=filed by CRG Cumulus LLC; 2025-07-14(day): site_plan_approved=recommended_approval by St. Charles County Planning and Zoning Commission; 2025-07-14(day): conditional_use_permit_decision=recommended_denial by St. Charles County Planning and Zoning Commission; 2025-07-14(day): public_hearing_held=n_a by St. Charles County Planning and Zoning Commission; 2025-08(month): moratorium_enacted=approved by St. Charles City Council
Netrality Data Centers St. Louis - 210 North Tucker,St. Louis,MO,St. Louis,38.62937,-90.1973,Operating,,,2,2025-09-15,2025-09-15,fully_operational|moratorium_enacted,2025-09-15(day): fully_operational=n_a by Netrality Data Centers; 2025-09-15(day): moratorium_enacted=in_progress by City of St. Louis Board of Aldermen / Planning Commission
Netrality Data Centers St. Louis - 900 Walnut,St. Louis,MO,St. Louis,38.62554,-90.1953,Operating,,,2,2025-09-15,2025-09-15,fully_operational|moratorium_enacted,2025-09-15(day): fully_operational=n_a by Netrality Data Centers; 2025-09-15(day): moratorium_enacted=in_progress by City of St. Louis Board of Aldermen / Planning Commission
Tierpoint Data Center,St. Louis,MO,St Charles County,38.63161,-90.2377,Proposed,,,3,<UNKNOWN>,<UNKNOWN>,moratorium_enacted|moratorium_expired|project_announced,<UNKNOWN>(year): project_announced=planned by Tierpoint; <UNKNOWN>(year): moratorium_enacted=n_a by St. Charles County; <UNKNOWN>(year): moratorium_expired=n_a by St. Charles County
TierPoint - St Louis Data Center,St. Louis,MO,St. Louis,38.62968,-90.1963,Operating,,,2,2025-09-15,2025-09-15,fully_operational|moratorium_enacted,2025-09-15(day): fully_operational=n_a by TierPoint; 2025-09-15(day): moratorium_enacted=in_progress by City of St. Louis Board of Aldermen / Planning Commission
AVAIO Digital,Brandon,MS,Rankin,32.26581,-90.015,Approved/Permitted/Under construction,116,,5,2025-08-19,2027,construction_started|fully_operational|other|project_announced,2025-08-19(day): project_announced=n_a by AVAIO Digital Partners; 2025-08-19(day): other=approved by Mississippi Development Authority; 2025-09-13(day): construction_started=n_a by AVAIO Digital Partners; 2025-09-13(day): other=approved by Mississippi Development Authority; 2027(year): fully_operational=planned by AVAIO Digital Partners
Amazon Madison Mega Site,Canton,MS,Madison,32.595337,-90.09618,Operating,341-819,Amazon,0,,,,
Project Atlas,Madison,MS,Madison,32.49415,-90.1675,Proposed,"1,000+",Amazon,5,2024-01-25,2025-03-07,construction_started|fully_operational|other|project_announced,2024-01-25(day): project_announced=n_a by Amazon Web Services (AWS); 2024-01-25(day): other=approved by Mississippi State Legislature; 2024-01-25(day): other=approved by Mississippi State Legislature; 2025(year): fully_operational=n_a by Amazon Web Services (AWS); 2025-03-07(day): construction_started=in_progress by Amazon Web Services (AWS)
Amazon Ridgeland,Ridgeland,MS,Madison,32.41277,-90.190216,Approved/Permitted/Under construction,1000,Amazon,3,<UNKNOWN>,<UNKNOWN>,construction_started|land_purchased|project_announced,<UNKNOWN>(year): project_announced=n_a by Amazon Web Services; <UNKNOWN>(year): land_purchased=n_a by Amazon Web Services; <UNKNOWN>(year): construction_started=n_a by Birdsong Construction
Project Steamboat,Vicksburg,MS,Warren,32.256226,-90.9371,Proposed,,Amazon,4,2025-11-21,2026,construction_started|other|project_announced,2025-11-21(day): project_announced=n_a by Governor Tate Reeves / Amazon; 2025-11-21(day): other=n_a by Entergy Mississippi; 2025-11-21(day): other=n_a by Mississippi State Legislature / Governor Tate Reeves; 2026(year): construction_started=planned by Amazon
Butte Data Center,Butte,MT,Silver Bow,45.997078,-112.666306,Proposed,50-250,Sabey Data Centers,6,2025-04,2025-12-08,land_purchased|other|project_announced|public_hearing_held|water_permit_applied,2025-04(month): land_purchased=in_progress by Sabey Data Centers; 2025-10(month): public_hearing_held=n_a by Montana Environmental Information Center; 2025-11-28(day): project_announced=n_a by Sabey Data Centers; 2025-11-28(day): other=approved by NorthWestern Energy; 2025-11-28(day): water_permit_applied=planned by Sabey Data Centers; 2025-12-08(day): other=filed by Tonya Geraghty
TAC Data Centers: Project Cardinal,Great Falls,MT,Cascade,47.52962,-111.179,Proposed,500-600,,6,2025-06-18,2030,construction_started|fully_operational|interconnection_request_filed|other|partial_operational|project_announced,2025-06-18(day): project_announced=n_a by TAC Data Centers / Great Falls Development Alliance; 2025-06-18(day): other=n_a by TAC Data Centers; 2025-06-18(day): interconnection_request_filed=in_progress by TAC Data Centers / NorthWestern Energy; 2026(year): construction_started=planned by TAC Data Centers; 2027(year): partial_operational=planned by TAC Data Centers; 2030(year): fully_operational=planned by TAC Data Centers
Quantica Data Center,Yellowstone County,MT,Yellowstone,46.04485,-108.273,Proposed,"500-1,000",,5,2025-07-29,2030,fully_operational|other|partial_operational|power_purchase_agreement_signed|project_announced,2025-07-29(day): project_announced=n_a by Quantica Infrastructure; 2025-07-30(day): power_purchase_agreement_signed=filed by NorthWestern Energy; 2025-07-30(day): other=in_progress by NorthWestern Energy; 2026(year): partial_operational=planned by NorthWestern Energy; 2030(year): fully_operational=planned by Quantica Infrastructure
DartPoints Data Center,Asheville,NC,Buncombe,35.48821,-82.5582,Operating,,,1,2025,2025,fully_operational,2025(year): fully_operational=n_a by DartPoints
Digital Reality,Charlotte,NC,Mecklenburg,35.255707,-80.99796,Proposed,400,,5,2024-11,2025-05,land_purchased|rezoning_applied|rezoning_council_decision|rezoning_planning_commission_recommendation,2024-11(month): land_purchased=n_a by Digital Realty (Digital Moores Chapel LLC); 2025(year): land_purchased=n_a by Digital Realty; 2025-04(month): rezoning_applied=filed by Digital Realty (Digital Moores Chapel LLC); 2025-04(month): rezoning_planning_commission_recommendation=recommended_approval by City of Charlotte Staff; 2025-05(month): rezoning_council_decision=approved by City of Charlotte
CLT10 Data Center,Charlotte,NC,Mecklenburg,35.2219,-80.8356,Operating,2,,2,2025,2025,fully_operational|land_purchased,2025(year): fully_operational=n_a by Digital Realty; 2025(year): land_purchased=n_a by Digital Realty
Project Agate/ Lyle Creek Data Center (Microsoft),Conover,NC,Catawba,35.73274,-81.2088,Proposed,,Microsoft,3,2022,2024-05,construction_started|other|project_announced,2022(year): project_announced=n_a by Microsoft; 2024-03(month): construction_started=n_a by Microsoft; 2024-05(month): other=n_a by Microsoft
Facebook Forest City Data Center,Forest City,NC,Rutherford,35.31632,-81.8251,Operating,,,0,,,,
Fort Bragg Data Center,Fort Bragg,NC,Cumberland and Harnett,35.155334,-79.022064,Proposed,,,2,2026-01-12,2026-01-22,other|project_announced,2026-01-12(day): project_announced=planned by U.S. Department of Defense; 2026-01-22(day): other=in_progress by U.S. Department of Defense
DC Blox: High Point,Greensboro,NC,Guilford,36.05276,-79.9516,Proposed,10,,1,<UNKNOWN>,<UNKNOWN>,project_announced,<UNKNOWN>(year): project_announced=planned by DC Blox
T5 Data Center,Kings Mountain,NC,Cleveland,35.25142,-81.397,Operating,,,0,,,,
Google Data Center,Lenoir,NC,Caldwell,35.89313,-81.5461,Operating,,Google,0,,,,
WhiteFiber Inc (division of Bit Digital),Madison,NC,Rockingham,36.40271,-79.9882,Proposed,99-200,,4,2025,2025-06-03,land_purchased|other|partial_operational|project_announced,2025(year): partial_operational=planned by WhiteFiber Inc. / Bit Digital; 2025-06-03(day): project_announced=n_a by WhiteFiber Inc. / Bit Digital; 2025-06-03(day): land_purchased=approved by WhiteFiber Inc. / Bit Digital; 2025-06-03(day): other=approved by Duke Energy
Apple Data Center,Maiden,NC,Catawba,35.58726,-81.2595,Operating,,,0,,,,
Project Yoga/ Boyd Farms Data Center (Microsoft),Maiden,NC,Catawba,35.58554,-81.2315,Proposed,,Microsoft,3,2022-11,2024-05,construction_started|land_purchased|project_announced,2022-11(month): project_announced=n_a by Microsoft; 2022-11(month): land_purchased=n_a by Microsoft; 2024-05(month): construction_started=n_a by Microsoft
Project Accelerate,Matthews,NC,Mecklenburg,35.10738,-80.71056,Cancelled,,,3,2025-10,2025-10-13,project_withdrawn|public_hearing_held|rezoning_applied,2025-10(month): rezoning_applied=filed by East John Master Development / Matthews DC LLC; 2025-10-07(day): project_withdrawn=withdrawn by East John Master Development / Matthews DC LLC; 2025-10-13(day): public_hearing_held=planned by Town of Matthews
Tract Data Center,Mooresville,NC,Iredell,35.51575,-80.7532,Cancelled,,,7,2024,2025-08,project_announced|project_withdrawn|public_hearing_held|rezoning_applied|rezoning_council_decision|rezoning_planning_commission_recommendation,2024(year): project_announced=n_a by Tract; 2024(year): rezoning_applied=filed by Tract; 2024(year): rezoning_planning_commission_recommendation=recommended_denial by Mooresville Planning Board; 2025-04(month): rezoning_planning_commission_recommendation=recommended_approval by Mooresville Planning Board; 2025-06(month): public_hearing_held=n_a by Mooresville Board of Commissioners; 2025-06(month): rezoning_council_decision=in_progress by Mooresville Board of Commissioners; 2025-08(month): project_withdrawn=withdrawn by Tract
Project Pine (Microsoft),near Pringle,NC,Catawba,35.71945,-81.2758,Proposed,,Microsoft,3,2022,2024-07,construction_started|land_purchased|project_announced,2022(year): land_purchased=n_a by Microsoft; 2022-11(month): project_announced=planned by Microsoft; 2024-07(month): construction_started=n_a by Microsoft
New Hill Digital Campus,New Hill,NC,Wake,35.66446,-78.9558,Proposed,,,5,2025,2026,construction_started|other|public_hearing_held|rezoning_applied,2025(year): rezoning_applied=filed by Natelli Investments LLC; 2025(year): other=filed by Natelli Investments LLC; 2025(year): public_hearing_held=n_a by Apex Town Council; 2025(year): other=n_a by Protect Wake County Coalition; 2026(year): construction_started=planned by Natelli Investments LLC
Project Rockforge? (Microsoft),Newton,NC,Catawba,35.62656,-81.3118,Proposed,,Microsoft,2,2022,2022,other|project_announced,2022(year): project_announced=n_a by Microsoft; 2022(year): other=n_a by Microsoft
Newton Data Center,Newton,NC,Catawba,35.60278,-81.3073,Proposed,,Microsoft,6,2022-11,2023-01-04,land_purchased|project_announced,2022-11(month): project_announced=n_a by Microsoft; 2023-01-04(day): land_purchased=n_a by Microsoft; 2023-01-04(day): land_purchased=n_a by Microsoft; 2023-01-04(day): land_purchased=n_a by Microsoft; 2023-01-04(day): land_purchased=n_a by Microsoft; 2023-01-04(day): land_purchased=n_a by Microsoft
American Tower Edge Data Center,Raleigh,NC,Wake,35.78814,-78.7265,Proposed,4,,0,,,,
Apple Reserch Triangle Park Data Center,Research Triangle Park,NC,Wake,35.850254,-78.87698,Suspended,,Apple,4,2021-04,2025-11-25,other|project_announced|project_suspended,2021-04(month): project_announced=n_a by Apple; 2021-04(month): other=approved by NC Economic Investment Committee; 2024-06(month): project_suspended=halted by Apple; 2025-11-25(day): other=approved by NC Economic Investment Committee
Deep River Data AI Data Center,Sanford,NC,Lee,35.53914,-79.25537,Proposed,,Deep River Data,5,2025-02-03,2025-11,other|project_announced|public_hearing_held,2025-02-03(day): other=in_progress by Deep River Data; 2025-03(month): other=in_progress by Lee County Commissioners; 2025-04-21(day): public_hearing_held=planned by Sanford City Council; 2025-09(month): other=filed by Deep River Data; 2025-11(month): project_announced=n_a by Deep River Data
Compass Data Center,Statesville,NC,Iredell,35.77436,-80.9749,Approved/Permitted/Under construction,,,6,2025,2025-08-26,other|project_announced|public_hearing_held|rezoning_council_decision|rezoning_planning_commission_recommendation,2025(year): rezoning_planning_commission_recommendation=recommended_approval by Statesville Planning Department; 2025(year): rezoning_council_decision=approved by Statesville City Council; 2025(year): other=n_a by Compass Datacenters; 2025-08-14(day): public_hearing_held=n_a by City of Statesville; 2025-08-18(day): project_announced=n_a by Compass Datacenters; 2025-08-26(day): rezoning_planning_commission_recommendation=planned by Statesville Planning Board
Aurum Capital Ventures,Bismark,ND,Burleigh,46.81102,-100.721,Proposed,,,3,2025-06-20,2025-06-20,land_purchased|other|project_announced,2025-06-20(day): project_announced=n_a by Aurum Capital Ventures; 2025-06-20(day): other=in_progress by Burleigh County Commission; 2025-06-20(day): land_purchased=planned by Aurum Capital Ventures
Applied Digital: Polaris Forge 1,Ellendale,ND,Dickey,46.01259,-98.5707,Operating,"400-1,000",,7,2022-09,2025-11,construction_started|other|partial_operational|power_purchase_agreement_signed|project_announced,2022-09(month): construction_started=n_a by Applied Digital; 2022-09(month): project_announced=n_a by Applied Digital; 2025-02(month): other=approved by Applied Digital; 2025-06-02(day): power_purchase_agreement_signed=n_a by Applied Digital / CoreWeave; 2025-10(month): partial_operational=n_a by Applied Digital; 2025-11(month): partial_operational=n_a by Applied Digital; 2025-11(month): partial_operational=n_a by Applied Digital
Applied Digital: Polaris Forge 2,Harwood,ND,Cass,46.97181,-96.8542,Approved/Permitted/Under construction,280,,12,2025-08,2027,building_permit_issued|construction_started|fully_operational|other|partial_operational|project_announced|public_hearing_held|rezoning_applied|rezoning_council_decision|rezoning_planning_commission_recommendation,2025-08(month): other=in_progress by City of Fargo; 2025-08-18(day): project_announced=n_a by Applied Digital; 2025-09-02(day): rezoning_applied=filed by Applied Digital; 2025-09-02(day): public_hearing_held=n_a by Harwood City Council / City Planning and Zoning Committee; 2025-09-02(day): rezoning_planning_commission_recommendation=recommended_approval by Harwood City Planning and Zoning Committee; 2025-09-10(day): rezoning_council_decision=approved by Harwood City Council; 2025-09-10(day): public_hearing_held=n_a by Harwood City Council; 2025-09-10(day): building_permit_issued=approved by Harwood City Council; 2025-09-15(day): construction_started=n_a by Applied Digital; 2025-12-08(day): other=withdrawn by Fargo City Commission; 2026(year): partial_operational=planned by Applied Digital; 2027(year): fully_operational=planned by Applied Digital
CoreWeave/ Applied Digital,Jamestown,ND,Stutsman,47.02708,-98.6796,Operating,100,,2,2025,2025-06-02,fully_operational|power_purchase_agreement_signed,2025(year): fully_operational=n_a by Applied Digital; 2025-06-02(day): power_purchase_agreement_signed=approved by Applied Digital / CoreWeave
"""Project Fighting Pike"" Data Center",Williston,ND,Williams,48.221992,-103.62824,Operating,455,Critical Data House,5,2024-11,2035,construction_started|fully_operational|other|project_announced|site_plan_applied,2024-11(month): other=n_a by Critical Data House; 2025(year): construction_started=planned by Critical Data House; 2025-03-28(day): project_announced=n_a by Critical Data House; 2025-03-28(day): site_plan_applied=filed by Critical Data House; 2035(year): fully_operational=planned by Critical Data House
Atlas Power ,Williston,ND,Williams,48.1455,-103.77432,Operating,240-700,,6,2022-01-26,2025-06,construction_started|court_ruling|lawsuit_filed|other|project_announced|public_hearing_held,2022-01-26(day): project_announced=n_a by Atlas Power / FX Solutions / Governor Doug Burgum; 2022-01-26(day): construction_started=in_progress by FX Solutions; 2023(year): lawsuit_filed=filed by 22 Judson Township residents; 2024-03-20(day): public_hearing_held=n_a by Northwest District Court (Judge Kirsten Sjue); 2024-03-20(day): court_ruling=n_a by Northwest District Court (Judge Kirsten Sjue); 2025-06(month): other=n_a by Atlas Power / 22 Judson Township residents
"TierPoint Omaha, NE – Bellevue Data Center",Bellevue,NE,Sarpy,41.17724,-95.9248,Operating,,,0,,,,
H5 Data Center,La Vista,NE,Sarpy,41.180862,-96.08503,Operating,17,,4,2010,2025-01-23,land_purchased|other|project_announced,2010(year): other=n_a by Yahoo!; 2015(year): other=n_a by Yahoo!; 2024-12(month): land_purchased=approved by H5 Data Centers; 2025-01-23(day): project_announced=n_a by H5 Data Centers
Google Data Center,Lincoln,NE,Lancaster,40.82278,-96.7574,Approved/Permitted/Under construction,,Google,3,2025,2025-05,construction_started|partial_operational|power_purchase_agreement_signed,2025(year): partial_operational=planned by Google; 2025-05(month): construction_started=in_progress by Google; 2025-05(month): power_purchase_agreement_signed=approved by Lincoln Electric System
Lincoln Data Centers,Lincoln,NE,Lancaster,40.81206,-96.7024,Operating,,,0,,,,
Omaha Data Center,Omaha,NE,Douglas,41.344105,-96.09118,Operating,198-474,,1,<UNKNOWN>,<UNKNOWN>,fully_operational,<UNKNOWN>(year): fully_operational=n_a by unknown
TierPoint Midlands Data Center,Papillion,NE,Sarpy,41.13467,-96.0391,Operating,,,0,,,,
Meta Data Center,Springfield,NE,Sarpy,41.11734,-96.1425,Operating,,Meta,0,,,,
Comcast Data Center,Clinton,NJ,Hunterdon,40.63284,-74.9191,Proposed,,,2,2025-08-11,2025-08-11,conditional_use_permit_decision|project_announced,2025-08-11(day): project_announced=n_a by Comcast Cable; 2025-08-11(day): conditional_use_permit_decision=approved by Clinton Town Land Use Board
Data center: Joint Base McGuire-Dix-Lakehurst (2 sites),Fort Dix,NJ,Burlington,40.01661,-74.608765,Proposed,,,2,2025-10-15,2025-11-14,other|project_announced,2025-10-15(day): project_announced=filed by US Department of the Air Force; 2025-11-14(day): other=planned by US Department of the Air Force
DataVerge,Jersey City,NJ,Hudson,40.726536,-74.03348,Operating,,DataVerge,0,,,,
Comcast Data Center,Moorestown,NJ,Burlington,39.98939,-74.8896,Proposed,,,2,2025-08,2025-08-11,conditional_use_permit_decision|project_announced,2025-08(month): conditional_use_permit_decision=approved by Clinton Town Land Use Board; 2025-08-11(day): project_announced=n_a by Comcast Cable
GI Partners Data Center,Nutley,NJ,Essex,40.82151,-74.1342,Operating,,,2,2018-02-26,2018-02-26,fully_operational|land_purchased,2018-02-26(day): land_purchased=approved by GI Partners; 2018-02-26(day): fully_operational=n_a by BT Americas
Prism Capital Partners Data Center,Nutley,NJ,Essex,40.8294,-74.1536,Proposed,,,4,2016,2025-07-25,land_purchased|project_announced|project_withdrawn|rezoning_council_decision,2016(year): land_purchased=n_a by Prism Capital Partners; 2025-07-25(day): project_announced=filed by Prism Capital Partners; 2025-07-25(day): rezoning_council_decision=approved by Township of Nutley; 2025-07-25(day): project_withdrawn=withdrawn by Prism Capital Partners
Nebius Data Center,Vineland,NJ,Cumberland,39.43012,-75.0131,Approved/Permitted/Under construction,"300-2,000",,3,2025,2025,construction_started|other|partial_operational,2025(year): construction_started=n_a by Nebius (Dutch company); 2025(year): partial_operational=n_a by Nebius (Dutch company); 2025(year): other=in_progress by Vineland local health officials
NJFX,Wall,NJ,Monmouth,40.161446,-74.05334,Operating,10,,3,2015,2025-12-04,land_purchased|other|project_announced,2015(year): land_purchased=n_a by NJFX; 2025-12-04(day): project_announced=n_a by NJFX; 2025-12-04(day): other=n_a by NJFX
bigbyte.cc Corp. Data Center,Albuquerque,NM,Bernalillo,35.08452,-106.649,Operating,,,0,,,,
Centersquare Albuquerque Data Center,Albuquerque,NM,Bernalillo,35.0862,-106.652,Operating,,,0,,,,
H5 Data Center,Albuquerque,NM,Bernalillo,35.08857,-106.652,Operating,,,0,,,,
Hobbs Data Center,Hobbs,NM,Lea,32.70361,-103.137,Operating,,,0,,,,
Aerospace Data Facility Southwest,Las Cruces,NM,Doña Ana,32.49551,-106.614,Operating,,,0,,,,
New Era Energy & Digital Data Center,Lea County,NM,Lea County,32.882626,-103.42699,Proposed,7000,,4,2025-11-07,2028,land_purchased|other|partial_operational|project_announced,2025-11-07(day): project_announced=n_a by New Era Energy & Digital; 2025-11-07(day): land_purchased=filed by New Era Energy & Digital; 2025-11-07(day): other=planned by New Era Energy & Digital; 2028(year): partial_operational=planned by New Era Energy & Digital
Zenith Volts Data Center,Roswell,NM,Chaves,33.38971,-104.536,Proposed,1240,,3,2025-08-26,2027-11,fully_operational|project_announced|rezoning_council_decision,2025-08-26(day): project_announced=n_a by Zenith Volts; 2025-08-26(day): rezoning_council_decision=approved by Chaves County Commission; 2027-11(month): fully_operational=planned by Zenith Volts
Project Jupiter,Santa Teresa,NM,Doña Ana County,31.81646,-106.678,Approved/Permitted/Under construction,,Oracle,10,2025,2026-01-27,construction_started|lawsuit_filed|other|project_announced|public_hearing_held,2025(year): construction_started=planned by BorderPlex Digital Assets / Stack Infrastructure; 2025-02(month): project_announced=n_a by New Mexico Governor Michelle Lujan Grisham / BorderPlex Digital Assets; 2025-08-26(day): public_hearing_held=n_a by Doña Ana County Board of Commissioners; 2025-08-26(day): other=approved by Doña Ana County Board of Commissioners; 2025-09-09(day): public_hearing_held=n_a by Doña Ana County / BorderPlex Digital Assets; 2025-09-17(day): public_hearing_held=n_a by Coalition of Concerned Citizens / Doña Ana County; 2025-09-19(day): other=approved by Doña Ana County Board of Commissioners; 2025-09-25(day): project_announced=n_a by OpenAI / Oracle; 2025-10-17(day): lawsuit_filed=filed by Empowerment Congress of Doña Ana County / residents; 2026-01-27(day): other=n_a by Oracle
Novva Data Center,Las Vegas,NV,Clark,36.2705,-115.048,Operating,100,,4,2020,2025-08,fully_operational|land_purchased|project_announced,2020(year): project_announced=n_a by Novva Data Centers; 2022(year): land_purchased=n_a by Novva Data Centers; 2022(year): fully_operational=n_a by Novva Data Centers; 2025-08(month): land_purchased=n_a by Novva Data Centers
Novva Data Center (site 2),Las Vegas,NV,Clark,36.33975,-114.943,Proposed,,,2,2025-08,2025-08-29,land_purchased|project_announced,2025-08(month): land_purchased=approved by Novva Data Centers; 2025-08-29(day): project_announced=n_a by Novva Data Centers
Switch Data Center,Las Vegas,NV,Clark,36.219105,-115.3135,Proposed,,,0,,,,
Switch Las Vegas CORE campus,Las Vegas,NV,Clark,36.0603,-115.2119,Operating,495,Switch,2,2026-01-20,2026-01-20,fully_operational|land_purchased,2026-01-20(day): land_purchased=n_a by Switch; 2026-01-20(day): fully_operational=n_a by Switch
Jet.AI,Moapa,NV,Clark,36.688816,-114.62739,Proposed,50,,3,2025-12-24,2025-12-24,land_purchased|other|project_announced,2025-12-24(day): project_announced=n_a by Jet.AI / Choo Choo Express (CCE); 2025-12-24(day): other=approved by Jet.AI / Choo Choo Express (CCE); 2025-12-24(day): land_purchased=planned by Choo Choo Express (CCE)
Centra,Reno,NV,Washoe,39.525772,-119.82659,Approved/Permitted/Under construction,12,,3,2025-11-24,2026,construction_started|fully_operational|project_announced,2025-11-24(day): project_announced=n_a by Centra; 2025-11-24(day): construction_started=n_a by Centra; 2026(year): fully_operational=planned by Centra
Lumen Technologies mini Data Center,Reno,NV,Washoe,39.52402,-119.827,Operating,2,,6,1999,2025-09-17,conditional_use_permit_applied|conditional_use_permit_decision|fully_operational|land_purchased|other,1999(year): fully_operational=n_a by Lumen Technologies; 2017(year): land_purchased=n_a by Lumen Technologies; 2025(year): other=in_progress by City of Reno; 2025(year): conditional_use_permit_applied=filed by Lumen Technologies; 2025-02(month): other=n_a by Reno City Council; 2025-09-17(day): conditional_use_permit_decision=approved by Reno Planning Commission
Oppidan Data Center,Reno,NV,Washoe,39.61418,-119.877,Approved/Permitted/Under construction,8,,3,2025-02,2025-03-14,public_hearing_held|rezoning_council_decision|special_use_permit_decision,2025-02(month): special_use_permit_decision=denied by Reno Planning Commission; 2025-03-12(day): rezoning_council_decision=approved by Reno City Council; 2025-03-14(day): public_hearing_held=n_a by Reno City Council
Webb Data Center,Reno,NV,Washoe,39.61473,-119.879,Approved/Permitted/Under construction,28,,3,2024-12,2025-01-22,conditional_use_permit_decision|public_hearing_held,2024-12(month): conditional_use_permit_decision=approved by Reno Planning Commission; 2025-01(month): public_hearing_held=n_a by Reno City Council; 2025-01-22(day): conditional_use_permit_decision=upheld by Reno City Council
Tract Data Center,Silver Springs,NV,Lyon County,39.42805,-119.232,Proposed,1600,,4,2024-02,2027-09,land_purchased|other|project_announced,2024-02(month): land_purchased=approved by Tract; 2024-06-19(day): project_announced=n_a by Tract; 2025(year): other=planned by Tract; 2027-09(month): other=planned by Tract
Tract Data Center,Silver Springs,NV,Storey County,39.47083,-119.40618,Proposed,1200,,4,2024-02,2027-09,land_purchased|other|project_announced,2024-02(month): land_purchased=approved by Tract; 2024-06-19(day): project_announced=n_a by Tract; 2025(year): other=planned by Tract; 2027-09(month): other=planned by Tract
Apple Data Center,Sparks,NV,Washoe,39.56298,-119.551,Operating,,,0,,,,
Tract Data Center,Sparks,NV,Storey County,39.53511,-119.497,Proposed,810,,5,2023,2025-09-19,construction_started|land_purchased|other|project_announced,2023(year): project_announced=n_a by Tract; 2023(year): land_purchased=n_a by Tract; 2024-02(month): land_purchased=n_a by Tract; 2024-05(month): construction_started=n_a by Tract; 2025-09-19(day): other=in_progress by Switch
NV11–NV14 Data Center Campus,Sparks,NV,Storey,39.55287,-119.474,Proposed,224,,8,2024-03,2026-04,other|partial_operational|power_purchase_agreement_signed|project_announced,"2024-03(month): other=filed by Vantage Data Centers NV11, LLC; 2024-11(month): other=granted by Storey County; 2024-11(month): other=filed by Vantage Data Centers NV12, LLC; 2025-07-16(day): project_announced=n_a by Vantage Data Centers; 2025-07-16(day): power_purchase_agreement_signed=n_a by Vantage Data Centers; 2026-01(month): partial_operational=planned by Vantage Data Centers NV12, LLC; 2026-04(month): partial_operational=planned by Vantage Data Centers; 2026-04(month): partial_operational=planned by Vantage Data Centers NV11, LLC"
STAMP Data Center,Alabama,NY,Genesee County,43.08677,-78.3978,Proposed,500,Apollo Global Management ,18,2024-10,2030,construction_started|fully_operational|lawsuit_filed|other|partial_operational|project_announced|project_withdrawn|public_hearing_held|state_environmental_review_initiated,2024-10(month): project_announced=n_a by Genesee County Economic Development Center (GCEDC); 2024-10-03(day): state_environmental_review_initiated=in_progress by Genesee County Economic Development Center (GCEDC); 2025-02-03(day): public_hearing_held=n_a by Genesee County Economic Development Center (GCEDC); 2025-03(month): other=approved by Genesee County Economic Development Center (GCEDC); 2025-03(month): state_environmental_review_initiated=in_progress by Genesee County Economic Development Center (GCEDC); 2025-03-03(day): other=recommended_approval by GCEDC Technical Review Team; 2025-07-01(day): lawsuit_filed=filed by Tonawanda Seneca Nation and Sierra Club; 2025-09-04(day): project_withdrawn=withdrawn by STREAM U.S. Data Centers; 2025-09-04(day): other=vacated by Genesee County Economic Development Center (GCEDC); 2025-12(month): state_environmental_review_initiated=filed by STREAM U.S. Data Centers; 2025-12-16(day): project_announced=n_a by STREAM U.S. Data Centers / Apollo Global Management; 2025-12-18(day): state_environmental_review_initiated=in_progress by Genesee County Economic Development Center (GCEDC); 2026(year): construction_started=planned by STREAM U.S. Data Centers; 2026-01(month): other=denied by NY Department of Environmental Conservation; 2026-02(month): public_hearing_held=n_a by Genesee County Economic Development Center (GCEDC); 2026-02-05(day): other=approved by Genesee County Economic Development Center (GCEDC); 2027(year): partial_operational=pl
Lake Mariner Data Center (includes bitcoin),Barker,NY,Niagara,43.35908,-78.6068,Operating,500,TeraWulf,10,2024-12,2026-03-20,construction_started|fully_operational|other|partial_operational|power_purchase_agreement_signed,2024-12(month): fully_operational=n_a by TeraWulf; 2024-12(month): construction_started=in_progress by TeraWulf; 2024-12(month): power_purchase_agreement_signed=approved by TeraWulf / Core42; 2025-08-14(day): power_purchase_agreement_signed=approved by TeraWulf / Fluidstack; 2025-08-14(day): other=approved by Google; 2025-08-19(day): power_purchase_agreement_signed=approved by TeraWulf / Fluidstack; 2025-08-19(day): other=approved by Google; 2026(year): other=planned by TeraWulf; 2026-03-20(day): construction_started=in_progress by TeraWulf; 2026-03-20(day): partial_operational=n_a by TeraWulf
DataVerge/ Industry City Data Center,Brooklyn,NY,Kings,40.65775,-74.004974,Operating,10,DataVerge,1,2025,2025,fully_operational,2025(year): fully_operational=n_a by DataVerge
Holtec Decommissioning International (HDI),Buchanan,NY,Westchester,41.265106,-73.9493,Proposed,200,,1,<UNKNOWN>,<UNKNOWN>,project_announced,<UNKNOWN>(year): project_announced=planned by Holtec Decommissioning International
Tesla Dojo Supercomputer,Buffalo,NY,Erie,42.86061,-78.84132,Cancelled,,,5,2024-08,2025-08,other|project_announced|project_cancelled,2024-08(month): project_announced=n_a by Governor's Office of New York / Tesla; 2024-08(month): other=n_a by Tesla; 2025-08(month): project_cancelled=halted by Tesla / Elon Musk; 2025-08(month): other=n_a by Elon Musk; 2025-08(month): other=n_a by Tesla / Samsung
Greenidge Generation Yates County facility,Dresden,NY,Yates,42.67687,-76.94491,Operating,55,,7,2014,2025-05,air_permit_applied|air_permit_issued|appeals_court_ruling|construction_started|moratorium_enacted|other,2014(year): other=n_a by Atlas Holdings LLC; 2020-03(month): construction_started=n_a by Greenidge Generation; 2021(year): air_permit_applied=filed by Greenidge Generation; 2022(year): moratorium_enacted=approved by New York State Governor Kathy Hochul; 2022-06(month): air_permit_issued=denied by New York Department of Environmental Conservation; 2025(year): other=planned by Greenidge Generation; 2025-05(month): appeals_court_ruling=in_progress by Greenidge Generation
Cayuga Operating Data Center,Lansing,NY,Tompkins County,42.60211,-76.635,Proposed,100-400,TeraWulf,10,2019-05-15,2026-01-29,lawsuit_filed|other|project_announced|public_hearing_held|site_plan_applied|special_use_permit_applied|special_use_permit_decision|water_permit_applied,2019-05-15(day): project_announced=n_a by Cayuga Operating Company / Riesling Power; 2025(year): special_use_permit_applied=filed by TeraWulf Inc. / Lake Hawkeye / Fred DelFavero; 2025-08-14(day): other=approved by TeraWulf Inc.; 2025-08-14(day): project_announced=n_a by TeraWulf Inc.; 2025-09(month): site_plan_applied=planned by TeraWulf Inc.; 2025-12-16(day): public_hearing_held=n_a by Town of Lansing Zoning Board of Appeals; 2025-12-23(day): special_use_permit_decision=approved by Town of Lansing Zoning Board of Appeals; 2026-01-20(day): other=approved by Tompkins County Legislature; 2026-01-20(day): water_permit_applied=in_progress by TeraWulf Inc.; 2026-01-29(day): lawsuit_filed=filed by FLX Strong / Cayuga Lake Action Now (CLEAN)
H5 Data Center (2 Data Centers),Lockport,NY,Niagara,43.169827,-78.74797,Operating,44,,3,2009,2025-01-23,fully_operational|land_purchased|project_announced,2009(year): fully_operational=n_a by Yahoo! / H5 Data Centers; 2024-12(month): land_purchased=approved by H5 Data Centers (Hyscale Data Centers Lockport LLC); 2025-01-23(day): project_announced=n_a by H5 Data Centers
"Ranalli Super DC, LLC Data Center",Lysander,NY,Onondaga,43.18687,-76.35703,Proposed,300,,1,2025,2025,project_announced,"2025(year): project_announced=n_a by Ranalli Super DC, LLC"
Former Sears store potential Data Center conversion,Massena,NY,St. Lawrence,44.948536,-74.84243,Proposed,,,4,2020,2020-08-20,project_announced|public_hearing_held|site_plan_applied|site_plan_approved,2020(year): project_announced=n_a by Tareo Capital Management; 2020-08(month): site_plan_applied=filed by Tareo Capital Management; 2020-08-19(day): site_plan_approved=approved by St. Lawrence County Planning Board; 2020-08-20(day): public_hearing_held=n_a by Massena Planning Board
North Country Data Center,Massena,NY,St. Lawrence,44.961773,-74.8913,Proposed,176,,4,2017,2024-04-17,moratorium_enacted|other|project_announced|public_hearing_held,2017(year): project_announced=n_a by North Country Colocation Services (NCCS); 2024-04-12(day): other=planned by North Country Colocation Services (NCCS); 2024-04-12(day): moratorium_enacted=in_progress by Town of Massena; 2024-04-17(day): public_hearing_held=planned by Town of Massena Town Board
St Lawrence Data and Agricultural Center,Massena,NY,St. Lawrence,44.954838,-74.84906,Proposed,200,Petawatt Holdings,6,2025-01,2025-01,construction_started|other|public_hearing_held|site_plan_applied|site_plan_approved,2025-01(month): construction_started=in_progress by Petawatt Holdings; 2025-01(month): site_plan_applied=filed by Town of Massena Code Enforcement; 2025-01(month): public_hearing_held=n_a by St. Lawrence County Planning Board; 2025-01(month): site_plan_approved=approved by St. Lawrence County Planning Board; 2025-01(month): other=planned by Town of Massena Zoning Board of Appeals; 2025-01(month): public_hearing_held=planned by Town of Massena Planning Board
LGA1,New York,NY,New York,40.717728,-74.00832,Operating,0.74,DataBank,2,<UNKNOWN>,<UNKNOWN>,fully_operational|other,<UNKNOWN>(year): fully_operational=n_a by DataBank; <UNKNOWN>(year): other=n_a by DataBank
LGA2,New York,NY,New York,40.740993,-74.00215,Operating,0.68,DataBank,1,<UNKNOWN>,<UNKNOWN>,fully_operational,<UNKNOWN>(year): fully_operational=n_a by DataBank
Oxford Quantum Circuits (OQC),New York,NY,New York,40.74102,-74.0021,Operating,,,4,2025,2028,fully_operational|other|partial_operational,2025(year): partial_operational=planned by Oxford Quantum Circuits; 2025-09-16(day): fully_operational=n_a by Oxford Quantum Circuits; 2026(year): fully_operational=planned by Oxford Quantum Circuits; 2028(year): other=planned by Oxford Quantum Circuits
Telehouse: Chelsea,New York,NY,New York,40.743084,-74.007866,Operating,4,,0,,,,
9Lives (Globe Digital Holdings),Niagara Falls,NY,Erie,43.12389,-79.04118,Proposed,600,,3,2024-07-16,2024-08-21,construction_started|land_purchased|project_announced,2024-07-16(day): land_purchased=n_a by 9 Lives Digital Group (9LDG); 2024-08-21(day): project_announced=n_a by 9 Lives Digital Group (9LDG); 2024-08-21(day): construction_started=planned by 9 Lives Digital Group (9LDG)
BlockFusion aka North East Data Center LLC,Niagara Falls,NY,Niagara,43.083187,-79.00317,Operating,50+,,9,2022-09,2025-10-22,other|project_suspended|rezoning_council_decision|rezoning_planning_commission_recommendation|special_use_permit_applied|variance_decision,2022-09(month): other=approved by Niagara Falls City Council; 2022-11(month): project_suspended=halted by BlockFusion / Northeast Data LLC; 2022-12(month): special_use_permit_applied=filed by BlockFusion / Northeast Data LLC; 2023-07(month): other=denied by Niagara Falls City Council; 2025(year): variance_decision=granted by Niagara Falls Zoning Board of Appeals; 2025(year): rezoning_planning_commission_recommendation=recommended_approval by Niagara Falls Planning Board; 2025(year): other=n_a by BlockFusion / Northeast Data LLC; 2025-02(month): other=approved by Niagara Falls City Council; 2025-10-22(day): rezoning_council_decision=approved by Niagara Falls City Council
Niagara Digital Campus,Niagara Falls,NY,Niagara,43.084515,-79.05135,Proposed,140,,4,2021,2024-10-21,appeals_court_ruling|conditional_use_permit_applied|project_announced|rezoning_applied,2021(year): project_announced=n_a by Niagara Falls Redevelopment (NFR); 2024-09(month): appeals_court_ruling=denied by New York Court of Appeals; 2024-10-21(day): rezoning_applied=filed by Niagara Falls Redevelopment (NFR); 2024-10-21(day): conditional_use_permit_applied=filed by Niagara Falls Redevelopment (NFR)
North Tonawanda Data Center,North Tonawanda,NY,Niagara,43.06086,-78.85376,Operating,46,,9,2021,2024,air_permit_applied|construction_started|fully_operational|lawsuit_filed|moratorium_enacted|other,"2021(year): fully_operational=n_a by Digihost / DigiPower X; 2022(year): other=approved by New York State Public Service Commission; 2022(year): air_permit_applied=in_progress by Digihost / DigiPower X; 2022(year): other=in_progress by New York State Legislature; 2022-02(month): construction_started=n_a by Digihost / DigiPower X; 2024(year): lawsuit_filed=filed by North Tonawanda residents (Sharon Demers, Karen Hance, Mark Polito); 2024(year): moratorium_enacted=approved by North Tonawanda Common Council; 2024(year): other=n_a by City of North Tonawanda; 2024(year): other=n_a by North Tonawanda Common Council"
Oneonta Data Center,Oneonta,NY,Otsego,42.45303,-75.1168,Suspended,,,6,2024-07,2024-10-08,other|project_announced|public_hearing_held|rezoning_applied|rezoning_council_decision,2024-07(month): project_announced=n_a by Eco-Yotta Inc.; 2024-07(month): rezoning_applied=filed by Eco-Yotta Inc.; 2024-08-13(day): public_hearing_held=n_a by Oneonta Town Board; 2024-10-08(day): public_hearing_held=n_a by Oneonta Town Board; 2024-10-08(day): rezoning_council_decision=in_progress by Oneonta Town Board; 2024-10-08(day): other=n_a by Eco-Yotta Inc.
Bloomberg-RDC 8/ Sentinel NY-1,Orangeburg,NY,Rockland,41.03556,-73.9866,Operating,7,,5,2009,2014,fully_operational|land_purchased|other|rezoning_council_decision,2009(year): land_purchased=n_a by Russo Development; 2009(year): rezoning_council_decision=approved by Town of Orangetown Zoning Board; 2009(year): other=approved by Rockland County IDA; 2014(year): fully_operational=n_a by Russo Development; 2014(year): fully_operational=n_a by Bloomberg
DataBank LGA3 and LGA4,Orangeburg,NY,Rockland,41.03986,-73.9899,Operating,40,,5,2021-10,2025-05-23,construction_started|fully_operational|land_purchased|project_announced,2021-10(month): project_announced=n_a by DataBank; 2021-10(month): land_purchased=n_a by DataBank; 2021-10(month): construction_started=n_a by DataBank; 2025-05-23(day): fully_operational=n_a by DataBank; 2025-05-23(day): project_announced=planned by DataBank
Orangeburg Data Center,Orangeburg,NY,Rockland,41.0345,-73.9758,Operating,24,,0,,,,
Telehouse: Teleport,Staten Island,NY,Richmond,40.60713,-74.174934,Operating,10,,0,,,,
Riverview Innovation & Technology Campus,Tonawanda,NY,Erie,42.978775,-78.93396,Proposed,600,,8,2019-09-23,<UNKNOWN>,land_purchased|other|project_announced|site_plan_applied|state_environmental_review_initiated,2019-09-23(day): land_purchased=n_a by Riverview Innovation and Technology Campus Inc / Jon M. Williams; 2019-10-10(day): land_purchased=n_a by Jon M. Williams / RITC; 2020-01-28(day): project_announced=n_a by Jon M. Williams / Riverview Innovation and Technology Campus Inc; 2020-02-14(day): state_environmental_review_initiated=approved by New York State Department of Environmental Conservation (NYSDEC); 2026-03(month): site_plan_applied=filed by Riverview Innovation & Technology Campus / Jon M. Williams; 2026-03(month): other=in_progress by Jon M. Williams / Ontario Specialty Contracting / Honeywell; 2026-03(month): other=n_a by Clean Air Coalition of Western New York; <UNKNOWN>(year): other=n_a by Ontario Speciality Consulting / Jon Williams
Brookhaven Logistics Center,Yaphank,NY,Suffolk,40.82991,-72.94618,Proposed,176?,,6,2025-07-18,2028,fully_operational|interconnection_request_filed|other|partial_operational|project_announced,2025-07-18(day): project_announced=filed by WF Industrial XII (Wildflower Ltd.); 2025-07-18(day): interconnection_request_filed=filed by WF Industrial XII (Wildflower Ltd.); 2025-07-18(day): other=in_progress by Brookhaven Industrial Development Agency; 2025-07-18(day): other=planned by Brookhaven Town; 2027-01(month): partial_operational=planned by WF Industrial XII (Wildflower Ltd.); 2028(year): fully_operational=planned by WF Industrial XII (Wildflower Ltd.)
Project Triton,Barberton,OH,Summit,41.014168,-81.6502,Proposed,,,5,2025,2025-10-13,other|project_announced|public_hearing_held,2025(year): project_announced=n_a by Quantum HPC Infrastructure; 2025(year): other=planned by Norton City Council; 2025(year): other=n_a by Quantum HPC Infrastructure; 2025-10-09(day): other=filed by Quantum HPC Infrastructure; 2025-10-13(day): public_hearing_held=n_a by City of Norton
Meta Bowling Green Data Center,Bowling Green,OH,Wood,41.45447,-83.6489,Approved/Permitted/Under construction,514,Meta,10,2025-04,2027,construction_started|fully_operational|other|partial_operational|project_announced|rezoning_applied,2025-04(month): construction_started=n_a by Meta; 2025-04-09(day): project_announced=n_a by Meta; 2025-09(month): rezoning_applied=withdrawn by other; 2025-11-05(day): other=filed by Will-Power OH LLC; 2025-12-08(day): other=filed by Ohio EPA; 2026-01-27(day): other=recommended_approval by Ohio Power Siting Board; 2026-02-03(day): other=approved by Ohio Power Siting Board; 2026-02-09(day): construction_started=n_a by Will-Power OH LLC; 2027(year): partial_operational=planned by Will-Power OH LLC; 2027(year): fully_operational=planned by Will-Power OH LLC
DartPoints Data Center,Cincinnati,OH,Hamilton,39.09831,-84.5179,Approved/Permitted/Under construction,,,2,2025-09-15,2025-09-15,other|project_announced,2025-09-15(day): project_announced=n_a by DartPoints; 2025-09-15(day): other=n_a by DartPoints
H5 Data Center,Cincinnati,OH,Hamilton,39.10586,-84.5366,Operating,2-6,,2,2021-12-14,2021-12-14,fully_operational|land_purchased,2021-12-14(day): land_purchased=approved by H5 Data Centers; 2021-12-14(day): fully_operational=n_a by H5 Data Centers
CLE1,Cleveland,OH,Cuyahoga,41.42835,-81.574,Operating,4.7,,1,2025,2025,fully_operational,2025(year): fully_operational=n_a by Expedient
CLE2,Cleveland,OH,Cuyahoga,41.42939,-81.5739,Operating,2,,1,2025,2025,fully_operational,2025(year): fully_operational=n_a by Expedient
Microsoft Licking County Data Center,Columbus,OH,Franklin,39.96418,-83.0171,Cancelled,,Microsoft,2,2025-04-07,2025-04-07,project_announced|project_cancelled,2025-04-07(day): project_announced=planned by Microsoft; 2025-04-07(day): project_cancelled=halted by Microsoft
COL 1 (Cologix),Columbus,OH,Franklin,40.11592,-83.0025,Operating,30,,1,2025,2025,fully_operational,2025(year): fully_operational=n_a by Cologix
COL 2 (Cologix),Columbus,OH,Franklin,40.11582,-83.0025,Operating,30,,1,2025,2025,fully_operational,2025(year): fully_operational=n_a by Cologix
COL 3 (Cologix),Columbus,OH,Franklin,40.11585,-83.0023,Operating,18+,,2,2025,2025,fully_operational|other,2025(year): fully_operational=n_a by Cologix; 2025(year): other=approved by Uptime Institute
COL 4 (Cologix),Columbus,OH,Franklin,40.11852,-82.9993,Operating,33,,1,2025,2025,fully_operational,2025(year): fully_operational=n_a by Cologix
Columbus Data Center,Columbus,OH,Franklin,39.85241,-82.9974,Operating,,Google,0,,,,
Microsoft Columbus Data Center,Columbus,OH,Franklin,39.96418,-83.0171,Suspended,,Microsoft,2,2025-04-07,2025-04-07,project_announced|project_suspended,2025-04-07(day): project_announced=planned by Microsoft; 2025-04-07(day): project_suspended=halted by Microsoft
Aligned Data Center,Conesville,OH,Coshocton,40.18911,-81.8728,Proposed,,,4,2025-06-17,2026,land_purchased|other|partial_operational|project_announced,2025-06-17(day): land_purchased=approved by Aligned Data Centers; 2025-07-26(day): project_announced=n_a by Aligned Data Centers; 2025-07-26(day): other=n_a by Aligned Data Centers; 2026(year): partial_operational=planned by Aligned Data Centers
CMH2,Dublin,OH,Franklin,40.09205,-83.1436,Operating,4.8,,1,<UNKNOWN>,<UNKNOWN>,fully_operational,<UNKNOWN>(year): fully_operational=n_a by Expedient
DartPoints Data Center,Dublin,OH,Franklin,40.09327,-83.1337,Operating,,,1,2025,2025,fully_operational,2025(year): fully_operational=n_a by DartPoints
PRSM Data Center,Eaton,OH,Preble,39.8307,-84.7197,Proposed,,,5,2025,2025-10-01,project_announced|public_hearing_held|rezoning_applied|rezoning_planning_commission_recommendation,2025(year): rezoning_applied=filed by PRSM; 2025-05(month): project_announced=n_a by PRSM; 2025-08(month): rezoning_planning_commission_recommendation=recommended_denial by Preble County Planning Commission; 2025-09-02(day): public_hearing_held=n_a by Preble County; 2025-10-01(day): public_hearing_held=planned by Preble County Board of Commissioners
Franklin Furnace Data Center,Franklin Furnace,OH,Scioto,38.59737,-82.84261,Proposed,,Google,2,2026-01,2026-01-23,other|project_announced,2026-01(month): project_announced=planned by Google / Tilted Gate LLC; 2026-01-23(day): other=approved by Scioto County Commission
Amazon Sunbury Data Center,Galena,OH,Delaware,40.21813,-82.8478,Approved/Permitted/Under construction,,,4,2024-11-20,2034-12,construction_started|fully_operational|project_announced|rezoning_council_decision,2024-11-20(day): rezoning_council_decision=approved by Sunbury City Council; 2024-11-22(day): project_announced=n_a by Amazon Web Services; 2028-01(month): construction_started=planned by Amazon Web Services; 2034-12(month): fully_operational=planned by Amazon Web Services
Logistix Data Center,Hamilton,OH,Butler,39.38385,-84.56061,Proposed,200,Logistix Property Group,8,2025-09-08,2026-01,construction_started|other|project_announced|public_hearing_held,2025-09-08(day): project_announced=n_a by Logistix Property Group; 2025-11-12(day): public_hearing_held=n_a by City of Hamilton City Council; 2025-11-19(day): public_hearing_held=n_a by City of Hamilton City Council; 2025-12-03(day): other=approved by City of Hamilton; 2025-12-03(month): other=n_a by Coalition Against Data Centers in South Ohio; 2025-12-03(month): other=in_progress by City of Hamilton; 2026(year): construction_started=planned by Logistix Property Group; 2026-01(month): construction_started=planned by Logistix Property Group
Amazon Hilliard Data Center ,Hilliard,OH,Franklin,40.06241,-83.1344,Operating,,Amazon,4,2021-01,2022-06-09,construction_started|land_purchased|other|project_announced,2021-01(month): land_purchased=n_a by Amazon Web Services; 2022-05-27(day): project_announced=planned by Amazon Web Services; 2022-05-27(day): construction_started=in_progress by Amazon Web Services; 2022-06-09(day): other=filed by Amazon Web Services
Ravel Data Center,Ironton,OH,Lawrence,38.56767,-82.782684,Proposed,,Strata,6,2025-12,2026-01,construction_started|land_purchased|moratorium_enacted|other|project_announced|public_hearing_held,2025-12(month): project_announced=n_a by Strata Expense; 2025-12(month): construction_started=n_a by Strata Expense; 2025-12(month): land_purchased=n_a by Lawrence County Economic Development Corporation; 2025-12(month): other=n_a by Strata Expense; 2026-01(month): public_hearing_held=n_a by Ironton City Council; 2026-01(month): moratorium_enacted=in_progress by Ironton City Council
Amazon Jeffersonville Data Center,Jeffersonville,OH,Fayette,39.62815,-83.57187,Proposed,1184,Amazon,8,2024-11,<UNKNOWN>,construction_started|fully_operational|interconnection_request_filed|land_purchased|other|project_announced,2024-11(month): project_announced=n_a by Amazon Web Services; 2024-11(month): other=filed by Office of the Ohio Consumers' Counsel; 2024-11(month): interconnection_request_filed=filed by Amazon Web Services; 2024-12(month): other=n_a by Amazon Web Services; 2025(year): construction_started=planned by Amazon Web Services; 2025-01-15(day): land_purchased=n_a by Amazon Web Services; 2026-09(month): fully_operational=planned by Amazon Web Services; <UNKNOWN>(year): other=n_a by Amazon Web Services / Bluegrass Power Generation Facility
Johnstown Data Center (Harrison Rd),Johnstown,OH,Licking,40.08953,-82.7346,Proposed,,Amazon,4,2019,2025,construction_started|land_purchased|project_announced|rezoning_council_decision,2019(year): project_announced=n_a by Amazon Web Services; 2022(year): land_purchased=n_a by Amazon Web Services; 2023-09(month): rezoning_council_decision=approved by New Albany City Council; 2025(year): construction_started=planned by Amazon Web Services
Johnstown Data Center (Beech Rd NW),Johnstown,OH,Licking,40.09421,-82.7514,Proposed,,Amazon,4,2022,2025,construction_started|land_purchased|project_announced|rezoning_council_decision,2022(year): land_purchased=n_a by Amazon; 2023-09-25(day): project_announced=n_a by New Albany City Council; 2023-09-25(day): rezoning_council_decision=approved by New Albany City Council; 2025(year): construction_started=planned by Amazon
Johnstown Data Center (Beech Rd),Johnstown,OH,Licking,40.09769,-82.7533,Proposed,,Amazon,4,2022,2025,construction_started|land_purchased|project_announced|rezoning_council_decision,
Johnstown Data Center (Beech Rd.) ,Johnstown,OH,Licking,40.11718,-82.7506,Proposed,,,4,2022,2025,construction_started|land_purchased|project_announced|rezoning_council_decision,2022(year): land_purchased=n_a by Amazon Web Services; 2023-09-25(day): project_announced=n_a by New Albany City Council; 2023-09-25(day): rezoning_council_decision=approved by New Albany City Council; 2025(year): construction_started=planned by Amazon Web Services
CyrusOne COL-1,Johnstown,OH,Licking,40.09545,-82.7181,Approved/Permitted/Under construction,,,4,2024-04,2025-09-18,construction_started|land_purchased|other|project_announced,2024-04(month): project_announced=n_a by CyrusOne; 2024-04(month): land_purchased=n_a by CyrusOne; 2024-04(month): other=approved by Ohio Tax Credit Authority; 2025-09-18(day): construction_started=n_a by CyrusOne
EdgeConneX New Albany Data Center,Johnstown,OH,Licking,40.08851,-82.7583,Approved/Permitted/Under construction,120-766,EdgeConneX,10,2025,2027-10,air_permit_applied|construction_started|land_purchased|other|partial_operational|project_announced,2025(year): land_purchased=approved by EdgeConneX; 2025(year): other=filed by PowerConneX; 2025(year): construction_started=in_progress by EdgeConneX; 2025-02(month): air_permit_applied=filed by PowerConneX; 2025-06(month): project_announced=filed by EdgeConneX; 2026-04(month): other=filed by PowerConneX; 2026-04(month): partial_operational=planned by EdgeConneX; 2027(year): partial_operational=planned by EdgeConneX; 2027-07(month): partial_operational=planned by EdgeConneX; 2027-10(month): partial_operational=planned by PowerConneX
Karis Critical Data Center,Johnstown,OH,Licking,40.12115,-82.7517,Proposed,36,,3,2025-07,2025-09-03,land_purchased|project_announced|rezoning_council_decision,2025-07(month): rezoning_council_decision=approved by New Albany; 2025-09-03(day): land_purchased=n_a by Karis Critical; 2025-09-03(day): project_announced=planned by Karis Critical
Lancaster Data Center,Lancaster,OH,Fairfield,39.72647,-82.6823,Proposed,,Google,3,2023-05,2023-05,construction_started|land_purchased|project_announced,2023-05(month): project_announced=planned by Google; 2023-05(month): land_purchased=n_a by Google; 2023-05(month): construction_started=n_a by Google
CMH3,Lewis Center,OH,Delaware,40.15455,-83.0143,Operating,7,,1,<UNKNOWN>,<UNKNOWN>,fully_operational,<UNKNOWN>(year): fully_operational=n_a by Expedient
COL 5 (Cologix),Lewis Center,OH,Delaware,40.19086,-83.0113,Proposed,25,,1,2025,2025,other,2025(year): other=n_a by Cologix
Bistrozzi LLC Data Center,Lima,OH,Allen,40.7965,-84.121,Proposed,,,5,2025,2026-02,construction_started|land_purchased|other|project_announced,2025(year): project_announced=n_a by Bistrozzi LLC; 2025(year): other=approved by Elida Local School District; 2025(year): other=approved by Allen County Sanitary Engineer / City of Lima / Allen County Board of Commissioners; 2025-08(month): land_purchased=n_a by Bistrozzi LLC; 2026-02(month): construction_started=planned by Bistrozzi LLC
Project Cosmos,Marysville,OH,Union,40.2203,-83.3259,Proposed,,Amazon,5,2024-10,2027,fully_operational|other|project_announced|public_hearing_held|rezoning_applied,2024-10(month): rezoning_applied=filed by Amazon Data Services; 2025-02(month): public_hearing_held=in_progress by Marysville City Council; 2025-02(month): other=in_progress by Marysville City Council; 2025-02-06(day): project_announced=n_a by Amazon Data Services; 2027(year): fully_operational=planned by Amazon Data Services
Vantage Data Center,Millersport,OH,Fairfield,39.89945,-82.5619,Proposed,800,Vantage,11,2025,2027,construction_started|other|partial_operational|project_announced|project_withdrawn|public_hearing_held,2025(year): construction_started=planned by Vantage Data Centers; 2025-05(month): other=approved by Fairfield County Commissioners; 2025-05(month): other=filed by Millersport Energy Center; 2025-05-30(day): project_announced=n_a by Vantage Data Centers; 2025-07-16(day): public_hearing_held=planned by Ohio Power Siting Board; 2025-09(month): project_withdrawn=withdrawn by Millersport Energy Center; 2025-09(month): project_withdrawn=withdrawn by Millersport Energy Center; 2025-10-14(day): other=in_progress by Fairfield County Commissioners; 2025-10-15(day): project_announced=n_a by Governor Mike DeWine / State of Ohio; 2025-10-15(day): other=approved by State of Ohio; 2027(year): partial_operational=planned by Vantage Data Centers
Google New Albany Data Center,New Albany,OH,Franklin,40.058273,-82.766945,Approved/Permitted/Under construction,543-679,Google,1,<UNKNOWN>,<UNKNOWN>,other,<UNKNOWN>(year): other=in_progress by Google
New Albany Meta Data Center/Prometheus,New Albany,OH,Darke,40.06873,-82.75027,Operating,"691-1,400",Meta,5,2017-08,2025-07-15,fully_operational|other|project_announced,2017-08(month): other=approved by Ohio Tax Credit Authority; 2018(year): project_announced=n_a by Facebook (Meta); 2020-02-07(day): fully_operational=n_a by Facebook (Meta); 2025(year): other=planned by Meta; 2025-07-15(day): project_announced=planned by Meta (Mark Zuckerberg)
Data center,Oregon,OH,Lucas,41.66384,-83.4237,Proposed,,,2,2025-09-02,2025-09-02,public_hearing_held|rezoning_council_decision,2025-09-02(day): rezoning_council_decision=approved by Oregon City Council; 2025-09-02(day): public_hearing_held=n_a by Oregon City Council
J5 LLC (dba Shaytura LLC) Data Center,Piqua,OH,Miami,40.10546,-84.259926,Proposed,,Cleanview,6,2024-07,2024-11-03,other|project_announced|public_hearing_held|rezoning_council_decision,2024-07(month): other=in_progress by City of Piqua; 2024-11-03(day): public_hearing_held=n_a by City of Piqua; 2024-11-03(day): rezoning_council_decision=approved by Piqua Commission; 2024-11-03(day): other=n_a by City of Piqua; 2024-11-03(day): other=approved by Piqua Commission; 2024-11-03(day): project_announced=n_a by Cleanview / J5 LLC (Shaytura LLC)
Aligned NEO-01,Sandusky,OH,Erie,41.43093,-82.7172,Proposed,,,3,2023,2023-09-26,construction_started|land_purchased|project_announced,2023(year): construction_started=in_progress by Aligned Data Centers; 2023-08(month): land_purchased=n_a by Aligned Data Centers; 2023-09-26(day): project_announced=n_a by Aligned Data Centers
Amazon Project Galaxy,Sidney,OH,Shelby,40.26942,-84.19626,Proposed,,Amazon,5,2025-03,2030,construction_started|fully_operational|other|project_announced,2025-03(month): project_announced=n_a by Amazon Data Services; 2025-10-29(day): other=approved by Sidney City Council; 2025-10-29(day): other=approved by Sidney City Council; 2026-01(month): construction_started=planned by Amazon Data Services; 2030(year): fully_operational=planned by Amazon Data Services
Project Mila,Trenton,OH,Butler,39.455215,-84.45998,Proposed,240,Prologis,8,2024-10,2029,construction_started|fully_operational|land_purchased|other|partial_operational|project_announced|public_hearing_held|rezoning_applied,2024-10(month): project_announced=n_a by Prologis; 2024-10(month): rezoning_applied=filed by Prologis; 2025-10(month): land_purchased=n_a by Prologis; 2025-11-06(day): public_hearing_held=n_a by City of Trenton; 2026(year): construction_started=planned by Prologis; 2026-03(month): other=in_progress by Prologis; 2028(year): partial_operational=planned by Prologis; 2029(year): fully_operational=planned by Prologis
CMH1,Upper Arlington,OH,Franklin,40.05789,-83.0785,Operating,1.6,,1,<UNKNOWN>,<UNKNOWN>,fully_operational,<UNKNOWN>(year): fully_operational=n_a by Expedient
Stargate Data Center,Warren,OH,Trumbull,41.15324,-80.8803,Proposed,1500,Bristolville 25 Developer LLC,9,2025,2026,construction_started|land_purchased|moratorium_enacted|other|project_announced|public_hearing_held|site_plan_applied,2025(year): land_purchased=approved by Crescent Dune LLC; 2025(year): construction_started=in_progress by SoftBank; 2025(year): site_plan_applied=filed by SoftBank / Stargate Project; 2025(year): public_hearing_held=n_a by Lordstown Village Planning Commission; 2025(year): moratorium_enacted=in_progress by Lordstown Village Council; 2025-07(month): other=n_a by Shimizu North America LLC; 2025-09-23(day): project_announced=planned by OpenAI / SoftBank / Oracle (Stargate Project); 2025-09-24(day): project_announced=planned by OpenAI / SoftBank / Oracle; 2026(year): other=planned by SoftBank
Wilmington Data Center,Wilmington,OH,Clinton,39.42304,-83.845474,Suspended,400-600,Amazon,10,2024-01-30,2026-01-07,land_purchased|other|project_announced|project_suspended|public_hearing_held|rezoning_council_decision|site_plan_applied,2024-01-30(day): other=n_a by City of Wilmington; 2025-08(month): land_purchased=n_a by Amazon Web Services; 2025-11(month): rezoning_council_decision=approved by City of Wilmington; 2025-11-19(day): project_announced=n_a by Amazon Web Services; 2025-11-25(day): public_hearing_held=n_a by Wilmington City Council; 2025-11-25(day): other=in_progress by Wilmington City Council; 2025-12-04(day): other=approved by Wilmington City Council; 2025-12-15(day): other=n_a by Good Jobs First / Policy Matters Ohio; 2026-01(month): site_plan_applied=filed by Amazon Web Services; 2026-01-07(day): project_suspended=halted by Wilmington Planning Commission
Project Anthem,Cartoosa,OK,Wagoner,36.14817,-95.7338,Approved/Permitted/Under construction,,,9,2024,2026-03-31,construction_started|moratorium_enacted|other|project_announced|project_withdrawn|public_hearing_held|rezoning_applied|rezoning_council_decision|rezoning_planning_commission_recommendation,2024(year): project_announced=n_a by Atmoss LLC; 2024-03(month): rezoning_planning_commission_recommendation=recommended_approval by Tulsa Metropolitan Area Planning Commission; 2024-03(month): other=approved by Tulsa Metropolitan Area Planning Commission; 2026(year): construction_started=planned by Atmoss LLC; 2026-03(month): rezoning_applied=filed by Atmoss LLC; 2026-03(month): public_hearing_held=in_progress by Tulsa Metropolitan Area Planning Commission; 2026-03(month): moratorium_enacted=approved by Tulsa City Council; 2026-03-31(day): rezoning_council_decision=withdrawn by Atmoss LLC; 2026-03-31(day): project_withdrawn=withdrawn by Atmoss LLC
Project Mustang,Claremore,OK,Rogers,36.343464,-95.60581,Proposed,,,3,2026-01-06,2028,other|project_announced,2026-01-06(day): project_announced=in_progress by Beale Infrastructure / City of Claremore / Claremore Economic Development; 2026-01-06(day): other=in_progress by City of Claremore / Claremore Economic Development; 2028(year): other=planned by Beale Infrastructure
Google Pryor Data Center,Lusta,OK,Mayes,36.240967,-95.33059,Operating,195-584,Google,10,2018-09-14,2026-05-17,construction_started|fully_operational|other|partial_operational,2018-09-14(day): construction_started=n_a by Google; 2019-09-14(day): other=in_progress by Google; 2020-04-16(day): other=in_progress by Google; 2021-03-17(day): other=in_progress by Google; 2024-02-20(day): other=in_progress by Google; 2024-06-14(day): other=in_progress by Google; 2024-07-19(day): partial_operational=n_a by Google; 2025-01-28(day): other=in_progress by Google; 2025-10-19(day): other=in_progress by Google; 2026-05-17(day): fully_operational=planned by Google
Luther Data Center,Luther,OK,Oklahoma,35.684746,-97.21583,Proposed,,,3,2025-05-29,2026-01-05,project_announced|public_hearing_held,2025-05-29(day): public_hearing_held=n_a by Luther Board of Trustees; 2025-06(month): project_announced=n_a by Beltline Energy; 2026-01-05(day): public_hearing_held=n_a by Luther residents
Cerebras Systems Data Center,Oklahoma City,OK,Oklahoma,35.53575,-97.5223,Operating,10,,3,2025,2025-09-23,fully_operational|land_purchased|project_announced,2025(year): project_announced=planned by Cerebras Systems; 2025-05(month): land_purchased=approved by Scale Datacenters; 2025-09-23(day): fully_operational=approved by Cerebras Systems
Valor C3 Data Center,Oklahoma City,OK,Oklahoma,35.42508,-97.5998,Operating,,,2,2025-05-24,2025-05-24,fully_operational|other,2025-05-24(day): fully_operational=n_a by Valor C3; 2025-05-24(day): other=n_a by Valor C3
Project Atlas,Porter,OK,Wagoner,35.89665,-95.60666,Cancelled,,Beale Infrastructure,7,2024,2026-03-30,land_purchased|project_announced|project_withdrawn|public_hearing_held|rezoning_applied|rezoning_planning_commission_recommendation,2024(year): land_purchased=n_a by Quartz Mountain Properties; 2025(year): land_purchased=n_a by Quartz Mountain Properties; 2025-10(month): project_announced=n_a by Beale Infrastructure; 2025-10(month): rezoning_applied=filed by Beale Infrastructure; 2025-10(month): public_hearing_held=n_a by City of Coweta; 2026-01(month): rezoning_planning_commission_recommendation=recommended_denial by City of Coweta Planning Commission; 2026-03-30(day): project_withdrawn=withdrawn by Beale Infrastructure
Project Spring,Sand Springs,OK,Osage,36.24621,-96.10994,Approved/Permitted/Under construction,,,11,2025-06,2029,construction_started|fully_operational|lawsuit_filed|other|project_announced|public_hearing_held|rezoning_applied|rezoning_council_decision|rezoning_planning_commission_recommendation,2025-06(month): other=approved by Sand Springs City Council; 2025-11-21(day): project_announced=n_a by White Rose Partners; 2025-11-21(day): rezoning_applied=filed by White Rose Partners; 2025-12-03(day): public_hearing_held=n_a by Sand Springs Planning Commission; 2025-12-03(day): other=n_a by White Rose Partners; 2026(year): lawsuit_filed=in_progress by Protect Sand Springs Alliance; 2026-01-20(day): public_hearing_held=n_a by Sand Springs City Council; 2026-01-27(day): rezoning_planning_commission_recommendation=n_a by Sand Springs Planning Commission; 2026-02-03(day): rezoning_council_decision=approved by Sand Springs City Council; 2027(year): construction_started=planned by White Rose Partners / Google; 2029(year): fully_operational=planned by White Rose Partners / Google
"Beale Infrastructure ""Project Clydesdale""",Sperry,OK,Tulsa,36.26513,-95.9034,Approved/Permitted/Under construction,,,5,2025-05-20,2025-09,other|project_announced|public_hearing_held|rezoning_applied|rezoning_council_decision,2025-05-20(day): project_announced=n_a by Beale Infrastructure; 2025-05-20(day): rezoning_applied=filed by Beale Infrastructure; 2025-07-16(day): public_hearing_held=n_a by Tulsa County; 2025-07-16(day): rezoning_council_decision=approved by Tulsa County Commissioners; 2025-09(month): other=approved by Tulsa County
Cherokee Data Center,Tulsa,OK,Tulsa,36.26277,-95.9097,Operating,,,0,,,,
Tierpoint Data Center,Tulsa,OK,Tulsa,36.09664,-95.8402,Operating,,,3,2018-02-27,2018-02-27,construction_started|fully_operational|other,2018-02-27(day): fully_operational=n_a by TierPoint; 2018-02-27(day): construction_started=n_a by TierPoint; 2018-02-27(day): other=planned by TierPoint
Arlington Data Center,Arlington,OR,Gilliam,45.72153,-120.189,Proposed,,Amazon,3,2024,2025-02-17,land_purchased|power_purchase_agreement_signed|project_announced,2024(year): land_purchased=n_a by Amazon Web Services; 2024-02(month): power_purchase_agreement_signed=n_a by Amazon / Avangrid; 2025-02-17(day): project_announced=n_a by Amazon Web Services
Roundhouse Data Center,Cascade Locks,OR,Hood River,45.67192,-121.886,Cancelled,,,3,2023-03,2023-07,other|project_announced|project_cancelled,2023-03(month): project_announced=n_a by Roundhouse Digital Infrastructure; 2023-06(month): other=n_a by Cascade Locks voters; 2023-07(month): project_cancelled=withdrawn by Roundhouse Digital Infrastructure
Crane Data Centers,Forest Grove,OR,Washington,45.51303,-123.05,Approved/Permitted/Under construction,,,5,2023-01,2024-09-03,conditional_use_permit_decision|other|project_announced|public_hearing_held,2023-01(month): project_announced=n_a by Crane Data Centers; 2024(year): other=filed by neighboring property owner; 2024-07-31(day): conditional_use_permit_decision=approved by Forest Grove Planning Division; 2024-09-03(day): public_hearing_held=n_a by Forest Grove Planning Commission; 2024-09-03(day): conditional_use_permit_decision=approved by Forest Grove Planning Commission
Amazon Data Center,Heppner,OR,Morrow,45.604702,-119.573364,Proposed,"1,200",Amazon,7,2025-10,2026-01-19,construction_started|court_ruling|interconnection_agreement_executed|interconnection_request_filed|land_purchased|lawsuit_filed|project_announced,2025-10(month): lawsuit_filed=in_progress by Amazon; 2026(year): construction_started=planned by Amazon; 2026-01(month): land_purchased=approved by Amazon; 2026-01(month): court_ruling=approved by Bankruptcy Court; 2026-01-19(day): project_announced=n_a by Pine Gate Renewables; 2026-01-19(day): interconnection_agreement_executed=approved by Local electric cooperative; 2026-01-19(day): interconnection_request_filed=in_progress by Bonneville Power Administration
Flexential Hillsboro 1,Hillsboro,OR,Washington,45.55948,-122.938,Operating,12,,3,2025,2025-09-08,fully_operational|land_purchased|project_announced,2025(year): fully_operational=n_a by Flexential; 2025-09-08(day): project_announced=n_a by Flexential; 2025-09-08(day): land_purchased=n_a by Flexential
Flexential Hillsboro 2,Hillsboro,OR,Washington,45.54989,-122.891,Operating,12–20,,2,2025-09,2025-09,land_purchased|project_announced,2025-09(month): land_purchased=approved by Flexential; 2025-09(month): project_announced=n_a by Flexential
Flexential Hillsboro 3,Hillsboro,OR,Washington,45.55947,-122.938,Operating,12–20,,3,2025-09,2025-09-08,fully_operational|land_purchased|project_announced,2025-09(month): land_purchased=n_a by Flexential; 2025-09-08(day): project_announced=n_a by Flexential; 2025-09-08(day): fully_operational=n_a by Flexential
Flexential Hillsboro 4,Hillsboro,OR,Washington,45.55543,-122.939,Operating,12–20,,3,2025,2025-09-08,construction_started|land_purchased|project_announced,2025(year): construction_started=in_progress by Flexential; 2025-09(month): land_purchased=n_a by Flexential; 2025-09-08(day): project_announced=planned by Flexential
Flexential Hillsboro 5,Hillsboro,OR,Washington,45.55651,-122.939,Operating,36,,2,2025-09,2026,construction_started|partial_operational,2025-09(month): construction_started=in_progress by Flexential; 2026(year): partial_operational=planned by Flexential
Flexential Hillsboro 6,Hillsboro,OR,Washington,45.54841,-122.89,Proposed,27,,2,2025-09-08,2025-09-08,land_purchased|project_announced,2025-09-08(day): project_announced=n_a by Flexential; 2025-09-08(day): land_purchased=n_a by Flexential
"Portland Edge Data Center (EDC) campus (POR01, POR02, & POR03)",Hillsboro,OR,Washington,45.55167,-122.915,Operating,9+,,3,2025,2025,fully_operational|other,2025(year): fully_operational=n_a by EdgeConneX; 2025(year): other=planned by EdgeConneX; 2025(year): other=n_a by U.S. Environmental Protection Agency
Apple Data Center,Prineville,OR,Crook,44.28842,-120.876,Operating,,,0,,,,
Meta Data Center,Prineville,OR,Crook,44.295624,-120.88721,Operating,,Meta,0,,,,
Google,The Dalles,OR,Wasco,45.63318,-121.2,Proposed,,Google,5,2021,2025-05-08,building_permit_issued|construction_started|lawsuit_filed|other|project_withdrawn,2021(year): other=approved by State of Oregon / local government; 2021(year): lawsuit_filed=filed by City of The Dalles; 2021(year): project_withdrawn=withdrawn by City of The Dalles; 2024-09(month): construction_started=n_a by Google; 2025-05-08(day): building_permit_issued=approved by City of The Dalles / Wasco County
AWS Data Center,McAdoo/ Kline Twp,PA,Schuylkill,40.86813,-76.024254,Proposed,,Amazon,4,2025,2026-01-26,land_purchased|other|project_announced|public_hearing_held,2025(year): land_purchased=n_a by Amazon Web Services (AWS); 2025-06(month): other=n_a by Amazon Web Services (AWS); 2026-01-17(day): public_hearing_held=n_a by Kline Township Supervisors; 2026-01-26(day): project_announced=planned by Amazon Web Services (AWS)
Aliquippa Data Center Campus,Aliquippa,PA,Beaver,40.630177,-80.23629,Proposed,496,Five 9s Digital,3,2025,2025-07,other|project_announced,2025(year): other=n_a by Five 9s Digital; 2025-07(month): project_announced=n_a by Five 9s Digital / Blackstone / PPL Corp; 2025-07(month): other=n_a by Blackstone / PPL Corp
Shippingport Bruce Mansfield Data Center/Project Phoenix,Shippingport,PA,Beaver,40.63213,-80.4145,Proposed,3600,Aligned Data Centers,0,,,,
Atlas Industrial Data Center,Allentown,PA,Lehigh,40.643616,-75.53651,Proposed,,,8,2026-01,2026-02-12,interconnection_request_filed|other|project_announced|public_hearing_held|state_environmental_review_initiated,2026-01(month): project_announced=n_a by Jeras Corporation / Unknown Developer; 2026-01(month): state_environmental_review_initiated=in_progress by Pennsylvania Department of Environmental Protection; 2026-01(month): other=in_progress by Lehigh Valley Planning Commission; 2026-01(month): other=in_progress by South Whitehall Township; 2026-01(month): interconnection_request_filed=in_progress by PPL; 2026-01-20(day): public_hearing_held=n_a by Lehigh Valley Planning Commission Comprehensive Planning Committee; 2026-01-20(day): other=approved by Lehigh Valley Planning Commission Comprehensive Planning Committee; 2026-02-12(day): other=planned by South Whitehall Township Planning Commission
Data Centric LLC Data Center,Allenwood,PA,Union,41.13256,-76.9053,Suspended,,,2,2025-05,2025-08-15,land_purchased|project_cancelled,2025-05(month): land_purchased=filed by Data Centric LLC; 2025-08-15(day): project_cancelled=withdrawn by Data Centric LLC
Project Gravity Data Center,Archbald,PA,Lackawanna,41.52497,-75.561554,Proposed,,Archbald 25 Developer LLC,10,2024-10,2026-01-06,land_purchased|other|project_announced|public_hearing_held|rezoning_council_decision|site_plan_applied|state_environmental_review_initiated|water_permit_applied,2024-10(month): land_purchased=n_a by Western Hospitality Partners — Jermyn LLC; 2025(year): water_permit_applied=filed by Archbald 25 Developer LLC; 2025-04-02(day): site_plan_applied=filed by Archbald 25 Developer LLC; 2025-04-11(day): project_announced=n_a by Archbald 25 Developer LLC / Western Hospitality Partners; 2025-05-21(day): land_purchased=n_a by Archbald Developer II LLC; 2025-07-26(day): other=n_a by Jermyn Mobile Home Village LLC; 2025-10(month): rezoning_council_decision=denied by Archbald Borough Council; 2025-11-12(day): public_hearing_held=n_a by Archbald Borough Council; 2025-12-22(day): state_environmental_review_initiated=in_progress by Pennsylvania Department of Environmental Protection; 2026-01-06(day): public_hearing_held=planned by Pennsylvania Department of Environmental Protection
Wildcat Ridge Data Center,Archbald,PA,Lackawanna,41.50318,-75.58995,Suspended,,,10,2025,2026-01,other|project_announced|project_suspended|public_hearing_held|rezoning_applied|rezoning_council_decision|rezoning_planning_commission_recommendation,2025(year): rezoning_council_decision=planned by Archbald Borough Council; 2025(year): project_suspended=halted by Unknown Developer (via LaBella Associates); 2025-01(month): project_announced=n_a by Unknown Developer (via LaBella Associates); 2025-03(month): rezoning_applied=filed by Unknown Developer (via LaBella Associates); 2025-03-08(day): project_announced=n_a by Unknown Developer (via LaBella Associates); 2025-06(month): rezoning_planning_commission_recommendation=planned by Archbald Planning Commission; 2025-10(month): other=denied by Archbald Borough Council; 2025-10(month): other=denied by Archbald Borough Council; 2025-11-12(day): public_hearing_held=n_a by Archbald Borough Council; 2026-01(month): public_hearing_held=n_a by Archbald Borough Council
Nautilus crypto mine,Berwick,PA,Luzerne,41.08303,-76.1527,Operating,50,,1,2024-08-31,2024-08-31,fully_operational,2024-08-31(day): fully_operational=n_a by TeraWulf / Cumulus Coin (Nautilus Cryptomine JV)
Salem Township Amazon Data Center ,Wapwallopen,PA,Luzerne,41.109283,-76.14361,Proposed,960,Amazon,12,2024-01,<UNKNOWN>,appeals_court_ruling|construction_started|court_ruling|interconnection_request_filed|land_purchased|other|project_announced|public_hearing_held|rezoning_council_decision|rezoning_planning_commission_recommendation,2024-01(month): construction_started=in_progress by Amazon Web Services; 2024-03(month): land_purchased=approved by Amazon Web Services; 2024-03(month): land_purchased=approved by Amazon Web Services; 2024-05(month): rezoning_planning_commission_recommendation=recommended_approval by Salem Township Planning Commission; 2024-05(month): other=approved by Salem Township Board of Supervisors; 2024-05-28(day): public_hearing_held=n_a by Salem Township; 2024-05-28(day): rezoning_council_decision=approved by Salem Township Board of Supervisors; 2024-06(month): interconnection_request_filed=filed by Amazon Web Services; 2024-11-01(day): court_ruling=denied by Federal Energy Regulatory Commission; 2025-04(month): appeals_court_ruling=upheld by Federal Energy Regulatory Commission; 2025-06-09(day): project_announced=approved by Amazon Web Services / Governor Josh Shapiro; <UNKNOWN>(year): other=approved by Pennsylvania Department of Environmental Protection
Tierpoint Bethlehem Data Center,Bethlehem,PA,Northampton,40.67062,-75.37491,Operating,,Tierpoint,1,<UNKNOWN>,<UNKNOWN>,fully_operational,<UNKNOWN>(year): fully_operational=n_a by Tierpoint
Tierpoint Lehigh Valley (LVQ) Data Center,Bethlehem,PA,Northampton,40.675163,-75.37803,Operating,,Tierpoint,1,<UNKNOWN>,<UNKNOWN>,fully_operational,<UNKNOWN>(year): fully_operational=n_a by Tierpoint
Blakely Data Center,Blakely,PA,Lackawanna,41.48713,-75.59684,Cancelled,1500,,7,2025,2025-09-16,other|project_withdrawn|public_hearing_held|rezoning_applied|rezoning_planning_commission_recommendation,2025(year): project_withdrawn=withdrawn by Alpesh Patel / Jim Marzolino (developer); 2025(year): other=approved by Blakely Borough Council; 2025-08-04(day): rezoning_applied=filed by Alpesh Patel / Jim Marzolino (developer); 2025-08-04(day): rezoning_planning_commission_recommendation=in_progress by Blakely Borough Planning Commission; 2025-08-13(day): public_hearing_held=n_a by Blakely Borough Council; 2025-08-26(day): public_hearing_held=n_a by Blakely Borough Council; 2025-09-16(day): public_hearing_held=n_a by Blakely Borough Council
Iron Mountain (WPA-1),Boyers,PA,Beaver,41.09156,-79.913376,Operating,15.5,,1,<UNKNOWN>,<UNKNOWN>,fully_operational,<UNKNOWN>(year): fully_operational=n_a by Iron Mountain
Tierpoint Allentown TekPark Data Center,Breinigsville,PA,Lehigh,40.543934,-75.64966,Operating,,Tierpoint,1,<UNKNOWN>,<UNKNOWN>,fully_operational,<UNKNOWN>(year): fully_operational=n_a by Tierpoint
PAX-1 Data Center,Carlisle,PA,Cumberland,40.2481,-77.1092,Proposed,1350-1800,PowerHouse Data Centers / Pennsylvania Data Center Partners,13,2025,2027,land_purchased|other|project_announced|public_hearing_held|rezoning_applied|site_plan_applied,2025(year): land_purchased=n_a by Pennsylvania Data Center Partners / PowerHouse Data Centers; 2025-01(month): rezoning_applied=in_progress by Middlesex Township; 2025-01-09(day): project_announced=n_a by Pennsylvania Data Center Partners / PowerHouse Data Centers; 2025-07-16(day): project_announced=n_a by Pennsylvania Data Center Partners / PowerHouse Data Centers; 2025-07-16(day): other=n_a by Pennsylvania Data Center Partners / PowerHouse Data Centers; 2025-07-16(day): other=planned by PPL Corporation; 2025-08-11(day): public_hearing_held=n_a by Middlesex Township Planning Commission; 2025-08-25(day): public_hearing_held=n_a by Middlesex Township Planning Commission; 2025-09(month): site_plan_applied=filed by Pennsylvania Data Center Partners / PowerHouse Data Centers; 2025-09-08(day): public_hearing_held=n_a by Middlesex Township Planning Commission; 2025-09-09(day): other=n_a by Pennsylvania Data Center Partners / PowerHouse Data Centers; 2025-09-22(day): public_hearing_held=n_a by Middlesex Township Planning Commission; 2027(year): other=planned by Pennsylvania Data Center Partners / PowerHouse Data Centers
Project Gold Data Center,Clifton Twship,PA,Lackawanna,41.24829,-75.5166,Proposed,1500,,8,2025-07-15,2025-08-11,other|project_announced|public_hearing_held|rezoning_applied,2025-07-15(day): project_announced=n_a by 1778 Rich Pike LLC; 2025-07-15(day): rezoning_applied=in_progress by Covington Township; 2025-07-15(day): rezoning_applied=in_progress by Clifton Township; 2025-07-15(day): other=n_a by 1778 Rich Pike LLC; 2025-07-15(day): other=n_a by 1778 Rich Pike LLC; 2025-07-24(day): public_hearing_held=planned by Covington Township; 2025-07-29(day): public_hearing_held=planned by Clifton Township Zoning Hearing Board; 2025-08-11(day): public_hearing_held=n_a by Pennsylvania Senate Majority Policy Committee
Flexential Collegeville Data Center,Collegeville,PA,Montgomery,40.152084,-75.476875,Operating,7.2,Flexential,1,2025,2025,fully_operational,2025(year): fully_operational=n_a by Flexential
Plymouth Township Data Center,Conshohocken (Plymouth Township),PA,Montgomery,40.087204,-75.31887,Cancelled,,,5,2025-10,2025-11-17,project_withdrawn|public_hearing_held|rezoning_planning_commission_recommendation|special_use_permit_applied,2025-10(month): special_use_permit_applied=filed by Brian O'Neill / 900 Conshohocken LLC; 2025-10-01(day): public_hearing_held=n_a by Plymouth Township Planning Agency; 2025-10-01(day): rezoning_planning_commission_recommendation=recommended_denial by Plymouth Township Planning Agency; 2025-11-17(day): public_hearing_held=n_a by Plymouth Township Zoning Hearing Board; 2025-11-17(day): project_withdrawn=withdrawn by Brian O'Neill / 900 Conshohocken LLC
Energy Capital Partners,Delta,PA,York,39.75768,-76.2754,Proposed,828,Calpine (Energy Capital Parners),2,2025-07-15,2025-07-18,other|project_announced,2025-07-15(day): other=n_a by U.S. Senator Dave McCormick / Pennsylvania Energy and Innovation Summit; 2025-07-18(day): project_announced=planned by Energy Capital Partners / Calpine Corporation
viLogics Ebensburg,Ebensburg,PA,Cambria,40.45876,-78.758766,Operating,3,viLogics,1,<UNKNOWN>,<UNKNOWN>,fully_operational,<UNKNOWN>(year): fully_operational=n_a by viLogics
Archbald Data Center ,Eynon,PA,Lackawanna,41.51232,-75.5583,Proposed,,PDC Realty LLC,6,2025-04-10,2025-09-29,land_purchased|other|project_announced|public_hearing_held|rezoning_applied,2025-04-10(day): rezoning_applied=filed by PDC Realty LLC / Jim Marzolino; 2025-05-14(day): project_announced=n_a by PDC Realty LLC / Jim Marzolino; 2025-05-14(day): other=in_progress by Archbald Borough Council; 2025-08-18(day): land_purchased=n_a by PDC Realty LLC; 2025-08-18(day): other=planned by PDC Realty LLC / Jim Marzolino; 2025-09-29(day): public_hearing_held=planned by Archbald Borough Council
Fairview Crossroads Data Center,Fairview Township,PA,York,40.206436,-76.871,Proposed,,Fairview Crossroads LLC,5,2025-06-28,2025-07,conditional_use_permit_applied|project_announced|rezoning_council_decision|rezoning_planning_commission_recommendation,2025-06-28(day): project_announced=n_a by Fairview Crossroads LLC / Elysian Partners LLC; 2025-06-28(day): rezoning_planning_commission_recommendation=recommended_approval by Fairview Township Planning Commission; 2025-06-28(day): rezoning_planning_commission_recommendation=recommended_approval by York County Planning Commission; 2025-06-28(day): rezoning_council_decision=approved by Fairview Township Board of Supervisors; 2025-07(month): conditional_use_permit_applied=planned by Fairview Crossroads LLC
Ark Pittsburgh Data Center,Freeport,PA,Armstrong,40.752384,-79.63733,Operating,1.5,Ark Data Centers,1,2023,2023,fully_operational,2023(year): fully_operational=n_a by Ark Data Centers
CloudHQ Berks 61 Hyperscale Campus,Hamburg,PA,Berks,40.57368,-76.01037,Proposed,,CloudHQ,0,,,,
Harrisburg Data Center ,Harrisburg,PA,Dauphin,40.22755,-76.8093,Proposed,,"Provident Realty (Harrisburg I, LLC)",4,2025-05-21,2027-12-31,land_purchased|other|project_announced,"2025-05-21(day): other=n_a by Dauphin County General Authority; 2025-08-20(day): land_purchased=approved by Dauphin County General Authority; 2025-08-22(day): project_announced=n_a by Provident Realty (Harrisburg I, LLC); 2027-12-31(day): other=planned by Dauphin County General Authority"
Project Hazelnut,Hazelton,PA,Luzerne,40.9272,-76.0426,Cancelled,,NorthPoint Development,8,2025,2025-11-14,other|project_announced|project_cancelled|public_hearing_held|state_environmental_review_initiated,2025(year): state_environmental_review_initiated=in_progress by Pennsylvania Department of Environmental Protection; 2025-11(month): project_announced=n_a by NorthPoint Development; 2025-11(month): other=filed by NorthPoint Development; 2025-11-10(day): public_hearing_held=n_a by Hazle Township Board of Supervisors; 2025-11-10(day): other=in_progress by Hazle Township Board of Supervisors; 2025-11-14(day): public_hearing_held=n_a by Hazle Township Board of Supervisors; 2025-11-14(day): other=denied by Hazle Township Board of Supervisors; 2025-11-14(day): project_cancelled=withdrawn by Hazle Township Board of Supervisors
Homer City Energy Campus,Homer City,PA,Indiana,40.51395,-79.1967,Approved/Permitted/Under construction,4500,Homer City Redevelopment (with Kiewit as contractor/partner),8,2023-07-01,2027,air_permit_issued|construction_started|fully_operational|lawsuit_filed|other|project_announced,2023-07-01(day): other=n_a by Homer City Generating Station; 2025-03-22(day): other=n_a by Homer City Redevelopment; 2025-04-02(day): project_announced=n_a by Homer City Redevelopment / Kiewit; 2025-11(month): air_permit_issued=approved by Pennsylvania Department of Environmental Protection; 2025-12(month): lawsuit_filed=filed by Clean Air Council / PennFuture / Sierra Club / Our Children's Trust; 2026(year): other=planned by GE Vernova; 2026-04-01(day): construction_started=n_a by Kiewit / Homer City Redevelopment; 2027(year): fully_operational=planned by Homer City Redevelopment
Breaker Street Associates LLC (aka Catalyst Commercial Dev?) Data Center,Jessup,PA,Lackawanna,41.47588,-75.5564,Proposed,600,Breaker Street Associates LLC,4,2025,2025-08-11,lawsuit_filed|other|project_announced|public_hearing_held,2025(year): other=filed by Breaker Street Associates LLC; 2025(year): lawsuit_filed=in_progress by unknown appellant; 2025-05(month): project_announced=n_a by Breaker Street Associates LLC; 2025-08-11(day): public_hearing_held=n_a by Pennsylvania Senate Majority Policy Committee
Catalyst Commercial Development LLC,Jessup,PA,Lackawanna,41.46812,-75.5516,Proposed,,,0,,,,
Jim Thorpe Data Center,Jim Thorpe,PA,Carbon,40.895737,-75.68105,Proposed,,,0,,,,
Bitfarm Scrubgrass,Kennerdell,PA,Venango,41.26942,-79.81057,Operating,63,,3,2025,2025,fully_operational|other|project_announced,2025(year): fully_operational=n_a by Bitfarms; 2025(year): project_announced=planned by Bitfarms; 2025(year): other=in_progress by Bitfarms
DaSTOR (King of Prussia) Data Center,King of Prussia,PA,Montgomery,40.08822,-75.339264,Operating,4,DaSTOR,1,2025,2025,fully_operational,2025(year): fully_operational=n_a by DaSTOR
CoreWeave Lancaster 1,Lancaster,PA,Lancaster,40.0485,-76.2598,Proposed,100-300,Chirisa Technology Parks and Machine Investment Group,6,2025,2025-07-15,land_purchased|other|project_announced|public_hearing_held,2025(year): other=approved by City of Lancaster / Chirisa Technology Parks; 2025(year): other=n_a by City of Lancaster; 2025(year): public_hearing_held=n_a by State Rep. Chris Rabb / Lancaster City; 2025(year): other=n_a by City of Lancaster / Chirisa Technology Parks; 2025-02(month): land_purchased=n_a by Machine Investment Group; 2025-07-15(day): project_announced=n_a by CoreWeave / Chirisa Technology Parks / Machine Investment Group
CoreWeave Lancaster 2,Lancaster,PA,Lancaster,40.05947,-76.33,Proposed,100-300,Chirisa Technology Parks and Machine Investment Group,5,2025,2025-07-15,land_purchased|other|project_announced,2025(year): other=approved by City of Lancaster / Chirisa Technology Parks; 2025(year): other=n_a by City of Lancaster; 2025(year): other=planned by Chirisa Technology Parks / Machine Investment Group; 2025-02(month): land_purchased=n_a by Machine Investment Group; 2025-07-15(day): project_announced=n_a by CoreWeave / Chirisa Technology Parks / Machine Investment Group
Lumen: Lancaster 1 Data Center,Lancaster,PA,Lancaster,40.049385,-76.25195,Operating,,Lumen,0,,,,
Northern Data/ Ardent Data Center,McKees Rock,PA,Allegheny,40.43956,-80.1421,Operating,20,Northern Data,3,2024,2025-06-08,fully_operational|land_purchased|project_announced,2024(year): land_purchased=approved by Northern Data / Ardent Data Centers; 2025-06-08(day): project_announced=n_a by Northern Data / Ardent Data Centers; 2025-06-08(day): fully_operational=n_a by Northern Data / Ardent Data Centers
Robena Mine Data Center,Monongahela Township,PA,Greene,39.83526,-79.942505,Approved/Permitted/Under construction,910,Essential Utilities/ International Electric Power of Pittsburgh,9,2025-10-16,2029,construction_started|fully_operational|land_purchased|other|project_announced|public_hearing_held|site_plan_approved|water_permit_applied,2025-10-16(day): project_announced=n_a by Essential Utilities / International Electric Power of Pittsburgh; 2025-10-16(day): land_purchased=in_progress by International Electric Power of Pittsburgh; 2025-12-19(day): public_hearing_held=n_a by Greene County Planning Commission; 2025-12-19(day): site_plan_approved=approved by Greene County Planning Commission; 2025-12-19(day): water_permit_applied=planned by Essential Utilities; 2025-12-19(day): other=planned by International Electric Power of Pittsburgh; 2026(year): other=planned by International Electric Power of Pittsburgh; 2026(year): construction_started=planned by International Electric Power of Pittsburgh; 2029(year): fully_operational=planned by Essential Utilities / International Electric Power of Pittsburgh
Amazon Falls Township Data Center,Morrisville,PA,Bucks,40.15494,-74.744415,Proposed,,Amazon,7,2020,2025-06-09,land_purchased|other|project_announced|site_plan_approved,2020(year): land_purchased=n_a by NorthPoint Development; 2021-01(month): other=approved by Pennsylvania State / Regional Authorities; 2024-11(month): other=approved by Falls Township Zoning Hearing Board; 2024-11-28(day): other=approved by Falls Township Board of Supervisors; 2025-03(month): site_plan_approved=approved by Falls Township Board of Supervisors; 2025-06-09(day): project_announced=n_a by Amazon / Governor Josh Shapiro; 2025-06-09(day): other=approved by Pennsylvania Governor / PA DEP
Dorrance Township Data Center,Mountain Top,PA,Luzerne,41.080692,-75.95785,Proposed,,"Brewster Land Company, LLC",4,2025-07,2026-01-27,other|public_hearing_held,"2025-07(month): public_hearing_held=n_a by Dorrance Township Planning Commission; 2025-07-29(day): other=in_progress by Dorrance Township Planning Commission; 2025-10-08(day): other=filed by Brewster Land Company, LLC; 2026-01-27(day): public_hearing_held=planned by Dorrance Township"
Bitfarm Bitcoin Panther Creek,Nesquehoning,PA,Carbon,40.8556,-75.8781,Operating,60-80,BitFarms/T5,5,2025,2025-08-05,fully_operational|other|project_announced,2025(year): fully_operational=n_a by Bitfarms Ltd.; 2025(year): other=approved by Bitfarms Ltd.; 2025-08-05(day): project_announced=n_a by Bitfarms Ltd.; 2025-08-05(day): other=approved by Bitfarms Ltd. / T5 Data Centers; 2025-08-05(day): other=in_progress by Bitfarms Ltd. / T5 Data Centers
Bitfarms AI,Nesquehoning,PA,Carbon,40.85592,-75.87033,Proposed,,Bitfarms,3,2025-11,2025-11-20,other|project_announced|public_hearing_held,2025-11(month): public_hearing_held=n_a by Bitfarms; 2025-11-20(day): project_announced=planned by Bitfarms; 2025-11-20(day): other=n_a by Bitfarms
KRNL Data Center,New Castle Twp,PA,Schuylkill,40.7742,-76.235,Proposed,,,2,<UNKNOWN>,<UNKNOWN>,land_purchased|project_announced,<UNKNOWN>(year): project_announced=n_a by KRNL; <UNKNOWN>(year): land_purchased=in_progress by KRNL
Upper Burrell Data Center/TECfusions Keystone Connect,New Kensington (Upper Burrell),PA,Westmoreland,40.5489,-79.6466,Expanding,"12-3,000",TECfusions,4,2024-12-02,2026-01-14,land_purchased|other|project_announced,2024-12-02(day): land_purchased=approved by TECfusions; 2025-01(month): other=approved by Pennsylvania Redevelopment Assistance Capital Program (RACP); 2025-01-14(day): project_announced=n_a by TECfusions; 2026-01-14(day): other=n_a by TensorWave
Tierpoint Valley Forge Data Center,Norristown,PA,Montgomery,40.1223,-75.42087,Operating,,Tierpoint,1,<UNKNOWN>,<UNKNOWN>,fully_operational,<UNKNOWN>(year): fully_operational=n_a by Tierpoint
365 Data Centers Philadelphia (Downtown) Data Center,Philadelphia,PA,Philadelphia,39.962574,-75.16374,Operating,10,365 Data Centers,1,<UNKNOWN>,<UNKNOWN>,fully_operational,<UNKNOWN>(year): fully_operational=n_a by 365 Data Centers
H5 Philadelphia Data Center,Philadelphia,PA,Philadelphia,39.96254,-75.16369,Operating,,H5 Data Centers,1,2025,2025,fully_operational,2025(year): fully_operational=n_a by H5 Data Centers
Lumen Philadelphia 1,Philadelphia,PA,Philadelphia,39.959843,-75.160965,Operating,,Lumen,0,,,,
Lumen Philadelphia 2,Philadelphia,PA,Philadelphia,39.951508,-75.15258,Operating,,Lumen,0,,,,
Lumen Philadelphia 3,Philadelphia,PA,Philadelphia,39.95495,-75.1846,Operating,,Lumen,0,,,,
Lumen Philadelphia 4,Philadelphia,PA,Philadelphia,39.95055,-75.18009,Operating,,Lumen,0,,,,
Netrality Philadelphia (Downtown) Data Center,Philadelphia,PA,Philadelphia,39.960106,-75.161545,Operating,,Netrality,1,2025,2025,fully_operational,2025(year): fully_operational=n_a by Netrality
Philadelphia IBX Data Center (PH1),Philadelphia,PA,Philadelphia,39.959885,-75.16155,Operating,,Equinix,0,,,,
Philadelphia Vanguard Data Center,Philadelphia,PA,Philadelphia,40.116432,-75.00086,Operating,,The Vanguard Group,0,,,,
Tierpoint Philadelphia Navy Yard Data Center,Philadelphia,PA,Philadelphia,39.892517,-75.166374,Operating,,Tierpoint,1,<UNKNOWN>,<UNKNOWN>,fully_operational,<UNKNOWN>(year): fully_operational=n_a by Tierpoint
365 Data Centers Philadelphia (University City) Data Center,Philadephia,PA,Philadelphia,39.956966,-75.19623,Operating,,365 Data Centers,1,<UNKNOWN>,<UNKNOWN>,fully_operational,<UNKNOWN>(year): fully_operational=n_a by 365 Data Centers
Ascent Data,Pittsburgh,PA,Allegheny,40.49623,-79.866455,Operating,,,0,,,,
Consolidated Communications Pittsburgh (Evergreen) Data Center,Pittsburgh,PA,Allegheny,40.5186,-80.0152,Operating,4,,0,,,,
DataBank Downtown Pittsburgh Campus (PIT1),Pittsburgh,PA,Allegheny,40.451286,-80.00508,Operating,1.9,DataBank,1,<UNKNOWN>,<UNKNOWN>,fully_operational,<UNKNOWN>(year): fully_operational=n_a by DataBank
DataBank Summit Park Campus (PIT2),Pittsburgh,PA,Allegheny,40.45133,-80.1902,Operating,5,DataBank,1,<UNKNOWN>,<UNKNOWN>,fully_operational,<UNKNOWN>(year): fully_operational=n_a by DataBank
Expedient PIT1,Pittsburgh,PA,Allegheny,40.42745,-80.0425,Operating,1.8,Expedient,1,<UNKNOWN>,<UNKNOWN>,fully_operational,<UNKNOWN>(year): fully_operational=n_a by Expedient
Expedient PIT2,Pittsburgh,PA,Allegheny,40.45128,-80.0056,Operating,4.2,Expedient,1,2025,2025,fully_operational,2025(year): fully_operational=n_a by Expedient
H5 Pittsburgh,Pittsburgh,PA,Allegheny,40.451946,-79.980896,Operating,,H5 Data Centers,1,2025,2025,fully_operational,2025(year): fully_operational=n_a by H5 Data Centers
Lumen: Pittsburgh Data Center 1,Pittsburgh,PA,Allegheny,40.45482,-79.98007,Operating,,Lumen,0,,,,
Lumen: Pittsurgh Data Center 2,Pittsburgh,PA,Allegheny,40.430367,-79.95969,Operating,,Lumen,0,,,,
Pottstown Data Center,Pottstown,PA,Chester,40.21353,-75.596565,Proposed,,,4,2025-11,2026-02,project_announced|rezoning_applied|rezoning_council_decision|rezoning_planning_commission_recommendation,2025-11(month): project_announced=planned by Constellation Energy; 2025-12(month): rezoning_applied=filed by Constellation Energy; 2025-12(month): rezoning_planning_commission_recommendation=recommended_denial by East Coventry Township Planning Commission; 2026-02(month): rezoning_council_decision=planned by East Coventry Township Board of Supervisors
Project Laurel,Pottstown,PA,Montgomery,40.234047,-75.5769,Proposed,750,MCD 7 LLC,5,2024,2026-01-15,interconnection_agreement_executed|land_purchased|other|project_announced|public_hearing_held,2024(year): other=approved by Limerick Township; 2025(year): land_purchased=n_a by MCD 7 LLC; 2026-01-08(day): public_hearing_held=n_a by Limerick Township Planning Commission; 2026-01-15(day): project_announced=n_a by MCD 7 LLC; 2026-01-15(day): interconnection_agreement_executed=approved by PECO
Ransom Township Data Center,Ransom Twp,PA,Lackawanna,41.44154,-75.704315,Suspended,,,4,2026-01-21,2026-01-22,project_announced|public_hearing_held|rezoning_applied|rezoning_council_decision,2026-01-21(day): public_hearing_held=n_a by Ransom Township; 2026-01-21(day): rezoning_council_decision=denied by Ransom Township Board of Supervisors; 2026-01-22(day): project_announced=n_a by Scranton Materials; 2026-01-22(day): rezoning_applied=filed by Scranton Materials
DaSTOR (Reading) Data Center,Reading,PA,Berks,40.380787,-75.98114,Operating,6,DaSTOR,1,2025,2025,fully_operational,2025(year): fully_operational=n_a by DaSTOR
Direct LTx Cloud Data Center,Reading,PA,Berks,40.381546,-75.98202,Operating,6,Directlink Technologies,1,2006,2006,other,2006(year): other=n_a by Directlink Technologies
Omega Systems Reading Data Center,Reading,PA,Berks,40.34144,-76.00547,Operating,,Omega,0,,,,
Bitfarm Bitcoin mine,Sharon,PA,Mercer,41.234673,-80.493576,Operating,30-110,,3,2025,2025,fully_operational|other|project_announced,2025(year): fully_operational=n_a by Bitfarms; 2025(year): project_announced=planned by Bitfarms; 2025(year): other=approved by Bitfarms / Macquarie
Zediker Station Data Center,South Strabane Township,PA,Washington,40.17106,-80.16807,Proposed,500-700,CNX Resources/Jones Lang LaSalle (JLL),3,2025-10-21,2025-12-16,other|project_announced|public_hearing_held,2025-10-21(day): project_announced=n_a by CNX Resources / JLL; 2025-12(month): other=planned by South Strabane Township Board of Supervisors; 2025-12-16(month): public_hearing_held=in_progress by South Strabane Township Board of Supervisors
Pennhurst Data Center,Spring City (East Vincent Township),PA,Chester,40.194553,-75.56007,Proposed,,Pennhurst Holdings LLC,10,2025-09-22,2026-04-20,conditional_use_permit_applied|other|project_announced|public_hearing_held|site_plan_applied,"2025-09-22(day): other=in_progress by East Vincent Township Board of Supervisors; 2025-10-09(day): public_hearing_held=n_a by East Vincent Township Planning Commission; 2025-10-09(day): conditional_use_permit_applied=filed by Penn Hurst Holdings DE, LLC; 2025-10-17(day): project_announced=n_a by Pennhurst Holdings LLC; 2025-10-17(day): site_plan_applied=filed by Pennhurst Holdings LLC; 2025-11-12(day): public_hearing_held=n_a by East Vincent Township Board of Supervisors; 2025-12-17(day): other=planned by East Vincent Township Board of Supervisors; 2026(year): other=filed by Pennhurst Holdings LLC; 2026-03-16(day): public_hearing_held=n_a by East Vincent Township Board of Supervisors; 2026-04-20(day): public_hearing_held=planned by East Vincent Township Board of Supervisors"
Springdale Data Center,Springdale,PA,Allegheny,40.53866,-79.7906,Proposed,180,Allegheny DC Property Co,5,2025,2025-12-16,conditional_use_permit_decision|project_announced|public_hearing_held|rezoning_planning_commission_recommendation,2025(year): project_announced=n_a by Allegheny DC Property Co; 2025(year): public_hearing_held=n_a by Springdale Borough; 2025-11-17(day): rezoning_planning_commission_recommendation=recommended_approval by Springdale Planning Commission; 2025-12-16(day): conditional_use_permit_decision=approved by Springdale Borough Council; 2025-12-16(day): public_hearing_held=n_a by Springdale Borough Council
Centre WISP SCDC1,State College,PA,Centre,40.785908,-77.90064,Operating,,"Centre WISP Venture Company, LLC",0,,,,
McKees Rocks Rock Point Industrial Site Data Center,Stowe Township,PA,Allegheny,40.480453,-80.06048,Proposed,,SunCap Property Group,3,2025,2025,project_announced|public_hearing_held|rezoning_applied,2025(year): project_announced=n_a by SunCap Property Group; 2025(year): rezoning_applied=filed by Stowe Township Board of Commissioners; 2025(year): public_hearing_held=planned by Stowe Township Board of Commissioners
LBT Investment Group LLC Data Center,Sugarloaf,PA,Luzerne,40.97039,-76.0435,Proposed,,,5,2025-03,2025-07-15,lawsuit_filed|project_announced|public_hearing_held|rezoning_applied|rezoning_council_decision,2025-03(month): project_announced=n_a by LBT Investment Group LLC; 2025-05-20(day): rezoning_applied=filed by LBT Investment Group LLC; 2025-06-17(day): rezoning_council_decision=denied by Sugarloaf Township Supervisors; 2025-06-25(day): lawsuit_filed=filed by LBT Investment Group LLC; 2025-07-15(day): public_hearing_held=n_a by Sugarloaf Township Supervisors
Tarentum (Rockpointe) Data Center,Tarentum,PA,Allegheny,40.60163,-79.8196,Operating,,,0,,,,
Upper Macungie Data Center,Upper Macungie,PA,Lehigh,40.55624,-75.59831,Proposed,,,7,2025-11,2025-12-18,moratorium_enacted|other|project_announced|public_hearing_held|site_plan_applied|special_use_permit_applied|state_environmental_review_initiated,2025-11(month): site_plan_applied=filed by Air Products; 2025-11(month): moratorium_enacted=approved by Upper Macungie Township; 2025-11(month): special_use_permit_applied=filed by Air Products; 2025-11(month): state_environmental_review_initiated=in_progress by Lehigh Valley Planning Commission; 2025-11-09(day): project_announced=n_a by Air Products / Unknown Developer; 2025-11-12(day): other=n_a by Air Products; 2025-12-18(day): public_hearing_held=n_a by Lehigh Valley Planning Commission
Wampum Data Center,Wampum,PA,Beaver,40.851284,-80.34748,Proposed,,,3,2025-10,2025-10-01,land_purchased|other|project_announced,2025-10(month): land_purchased=n_a by Unknown Developer; 2025-10(month): project_announced=planned by Unknown Developer; 2025-10-01(day): other=n_a by Jim and Kathy Stout (Pitt Race owners)
Montour County Amazon Data Center,Washingtonville,PA,Montour,41.071083,-76.67566,Suspended,,Talen Energy,3,2025-08,2026-02-10,project_suspended|rezoning_applied|rezoning_council_decision,2025-08(month): rezoning_applied=filed by Talen Energy; 2026-02-10(day): rezoning_council_decision=denied by Montour County Commissioners; 2026-02-10(day): project_suspended=halted by Talen Energy
Comcast West Chester Data Center,West Chester,PA,Chester,39.9987,-75.5737,Operating,,Comcast,1,2025-08-11,2025-08-11,other,2025-08-11(day): other=n_a by Comcast
Wyalusing Data Center,Wyalusing,PA,Bradford,41.653572,-76.23531,Proposed,248,New Fortress Energy,6,2025-07,other_info,air_permit_applied|air_permit_issued|other|project_announced|public_hearing_held|water_permit_applied,2025-07(month): air_permit_applied=filed by KDI Wyalusing Power LLC; 2025-07(month): public_hearing_held=n_a by Pennsylvania Department of Environmental Protection; 2025-10-25(day): air_permit_issued=approved by Pennsylvania Department of Environmental Protection; 2025-10-25(day): other=planned by Susquehanna River Basin Commission; 2025-10-25(day): water_permit_applied=planned by KDI Wyalusing Power LLC; other_info(year): project_announced=n_a by New Fortress Energy / KDI Wyalusing Power LLC
Contegix Wyomissing Data Center,Wyomissing,PA,Berks,40.354046,-75.98731,Operating,2,Contegix,0,,,,
Fairview Crossroads LLC Data Center,York,PA,York,40.00698,-76.7439,Proposed,,,5,2025-06-28,2025-06-28,conditional_use_permit_applied|project_announced|rezoning_council_decision|rezoning_planning_commission_recommendation,2025-06-28(day): project_announced=n_a by Fairview Crossroads LLC / Elysian Partners LLC; 2025-06-28(day): rezoning_planning_commission_recommendation=recommended_approval by Fairview Township Planning Commission; 2025-06-28(day): rezoning_planning_commission_recommendation=recommended_approval by York County Planning Commission; 2025-06-28(day): rezoning_council_decision=approved by Fairview Township Board of Supervisors; 2025-06-28(day): conditional_use_permit_applied=planned by Fairview Crossroads LLC / Elysian Partners LLC
Terra Nexus Ventures Data Center,Camden,SC,Kershaw,34.29839,-80.534,Proposed,,,5,2025-09,2025-09-11,other|project_announced|rezoning_applied|rezoning_council_decision|rezoning_planning_commission_recommendation,2025-09(month): rezoning_planning_commission_recommendation=recommended_approval by Kershaw County Planning Commission; 2025-09(month): rezoning_council_decision=planned by Kershaw County Council; 2025-09-11(day): project_announced=filed by Terra Nexus Ventures; 2025-09-11(day): rezoning_applied=filed by Terra Nexus Ventures; 2025-09-11(day): other=in_progress by Terra Nexus Ventures
Cielo Digital Infrastructure,Gaffney,SC,Cherokee,35.07913,-81.5961,Proposed,300,,2,2025-06-24,2028,partial_operational|project_announced,2025-06-24(day): project_announced=planned by Cielo Digital Infrastructure; 2028(year): partial_operational=planned by Cielo Digital Infrastructure
Meta Data Center,Graniteville,SC,Aiken,33.62525,-81.83863,Approved/Permitted/Under construction,100,Meta,5,2024-08,2027,construction_started|fully_operational|other|power_purchase_agreement_signed|project_announced,2024-08(month): construction_started=n_a by Meta; 2024-08-30(day): project_announced=n_a by Meta; 2024-08-30(day): other=n_a by Meta; 2025-08-19(day): power_purchase_agreement_signed=approved by Meta / Silicon Ranch / Central Electric Power Cooperative; 2027(year): fully_operational=planned by Meta
DC Blox,Greenville,SC,Greenville,34.8071,-82.3455,Operating,,,0,,,,
Project Spero,Moore,SC,Spartanburg,34.85631,-82.00952,Cancelled,100-500,TigerDC,7,2025-11,2026-02-27,other|project_announced|project_withdrawn|public_hearing_held,2025-11(month): other=approved by Spartanburg County Council; 2025-12(month): other=in_progress by TigerDC; 2026-01-26(day): project_announced=n_a by TigerDC; 2026-02-16(day): public_hearing_held=n_a by Spartanburg County Council; 2026-02-16(day): other=approved by Spartanburg County Council; 2026-02-27(day): other=denied by Spartanburg County Council; 2026-02-27(day): project_withdrawn=withdrawn by TigerDC
DC Blox: Camp Hall,Ridgeville,SC,Berkeley,33.13228,-80.2672,Proposed,45,,3,2023-09,2023-09-28,land_purchased|other|project_announced,2023-09(month): land_purchased=n_a by DC Blox; 2023-09-28(day): project_announced=n_a by DC Blox; 2023-09-28(day): other=n_a by Santee Cooper
York 1 Data Center,Rock Hill,SC,York,35.03438,-81.1071,Operating,,,0,,,,
Walterboro Data Center,Walterboro,SC,Colleton,32.84068,-80.60291,Proposed,"1,000",Eagle Rock Partners,5,2025-11,2025-12-18,other|project_announced|public_hearing_held|special_use_permit_applied|special_use_permit_decision,2025-11(month): other=approved by Colleton County Council; 2025-12(month): project_announced=n_a by Eagle Rock Partners; 2025-12(month): special_use_permit_applied=filed by Eagle Rock Partners / Thomas & Hutton; 2025-12-18(day): public_hearing_held=n_a by Colleton County Board of Appeals; 2025-12-18(day): special_use_permit_decision=in_progress by Colleton County Board of Appeals
Gemini Data Center SD LLC,Sioux Falls,SD,Minnehaha,43.59399,-96.64092,Proposed,500,,8,2024,2028,construction_started|fully_operational|land_purchased|other|project_announced|rezoning_applied|rezoning_council_decision,2024(year): land_purchased=n_a by Gemini Data Center SD LLC; 2025-08-06(day): other=approved by Sioux Falls City Council; 2025-08-07(day): project_announced=n_a by Gemini Data Center SD LLC; 2025-10-07(day): other=approved by Sioux Falls City Council; 2026(year): construction_started=planned by Gemini Data Center SD LLC; 2026-01(month): rezoning_applied=filed by Gemini Data Center SD LLC; 2026-01(month): rezoning_council_decision=approved by City of Sioux Falls; 2028(year): fully_operational=planned by Gemini Data Center SD LLC
Applied Digital Data Center,Toronto,SD,Deuel,44.583656,-96.56283,Suspended,430,Applied Digital,5,2025,2025-05-14,other|project_announced|project_suspended|public_hearing_held|rezoning_applied,2025(year): project_suspended=halted by Applied Digital; 2025-04-15(day): public_hearing_held=n_a by Deuel County Commissioners; 2025-04-15(day): rezoning_applied=in_progress by Applied Digital; 2025-04-15(day): other=in_progress by Applied Digital; 2025-05-14(day): project_announced=n_a by Applied Digital
DC Blox,Chattanooga,TN,Hamilton,35.03158,-85.2973,Operating,,,0,,,,
Urban Story Ventures Data Center,Chattanooga,TN,Hamilton,35.049557,-85.30803,Proposed,,,4,2025,2026-01-07,other|project_announced|public_hearing_held,2025(year): other=n_a by Hamilton County; 2026-01(month): other=n_a by Residents / Community Members; 2026-01-07(day): project_announced=planned by Urban Story Ventures; 2026-01-07(day): public_hearing_held=n_a by Hamilton County Commission
Cielo Digital Infrastructure,Clarksville,TN,Montgomery,36.57269,-87.3423,Proposed,350,,1,2025-06-24,2025-06-24,project_announced,2025-06-24(day): project_announced=planned by Cielo Digital Infrastructure
Google,Clarksville,TN,Montgomery,36.62078,-87.2622,Operating,,Google,0,,,,
Gallatin Data Center,Gallatin,TN,Sumner,36.41011,-86.3724,Operating,,Meta,4,2020,2024-04-29,construction_started|partial_operational|public_hearing_held|site_plan_applied,2020(year): construction_started=n_a by Meta; 2024-04(month): partial_operational=n_a by Meta; 2024-04(month): site_plan_applied=filed by Meta; 2024-04-29(day): public_hearing_held=planned by Gallatin Municipal Planning Commission
Data center: Arnold Air Force Base (2 sites),Manchester,TN,Coffee,35.37539,-86.07293,Proposed,,,3,2025-10-15,2025-11-14,other|project_announced,2025-10-15(day): other=filed by US Department of the Air Force; 2025-10-16(day): project_announced=n_a by US Department of the Air Force; 2025-11-14(day): other=planned by US Department of the Air Force
MEM1,Memphis,TN,Shelby,35.0631,-89.7861,Operating,1.5,,1,2025,2025,fully_operational,2025(year): fully_operational=n_a by Expedient
xAI Colossus 2,Memphis,TN,Shelby,34.998074,-90.03507,Expanding,1400,xAI,9,2025,2026-04-14,building_permit_applied|fully_operational|land_purchased|lawsuit_filed|other|partial_operational|project_announced,2025(year): other=n_a by xAI; 2025(year): other=n_a by xAI; 2025(year): partial_operational=n_a by xAI; 2025-03-10(day): land_purchased=n_a by xAI (via CTC Properties); 2025-03-10(day): project_announced=n_a by xAI / Memphis Chamber of Commerce; 2026-01(month): fully_operational=n_a by xAI; 2026-02(month): other=n_a by SELC / NAACP; 2026-03-04(day): building_permit_applied=filed by xAI; 2026-04-14(day): lawsuit_filed=filed by SELC / Earthjustice / NAACP
xAI Colossus 1,Memphis,TN,Shelby,35.05983,-90.1562,Operating,498,xAI,8,2024-06,2025-05-07,air_permit_applied|construction_started|fully_operational|other,"2024-06(month): construction_started=n_a by xAI; 2024-06(month): other=in_progress by xAI; 2024-07(month): fully_operational=n_a by xAI; 2024-11(month): other=approved by Tennessee Valley Authority; 2025(year): air_permit_applied=approved by xAI; 2025(year): other=planned by Memphis Light, Gas and Water; 2025-04(month): other=filed by SELC / NAACP; 2025-05-07(day): other=in_progress by xAI"
Google Abernathy Data Center,Abernathy,TX,Hale,33.8333,-101.85482,Proposed,168-240+,Fluidstack/TeraWulf,5,2025-10-29,2026,construction_started|other|power_purchase_agreement_signed|project_announced,2025-10-29(day): project_announced=n_a by TeraWulf / Fluidstack; 2025-10-29(day): power_purchase_agreement_signed=approved by TeraWulf / Fluidstack / Google; 2025-10-29(day): other=filed by TeraWulf; 2025-12-19(day): other=approved by TeraWulf / Fluidstack; 2026(year): construction_started=planned by TeraWulf / Fluidstack
Frontier: Vantage Data Center,Abilene,TX,Shackelford,32.55212,-99.5651,Approved/Permitted/Under construction,1400,,7,2025,2026,construction_started|other|partial_operational|project_announced|public_hearing_held,2025(year): other=filed by Vantage Data Centers; 2025(year): public_hearing_held=n_a by Shackelford County Commissioners Court; 2025(year): other=approved by Shackelford County Commissioners Court; 2025-08-19(day): project_announced=n_a by Vantage Data Centers; 2025-10(month): other=n_a by Vantage Data Centers; 2025-12-15(day): construction_started=n_a by Vantage Data Centers; 2026(year): partial_operational=planned by Vantage Data Centers
Open AI/ SoftBank Stargate Data Center (Lancium Clean Campus),Abilene,TX,Taylor,32.50204,-99.7907,Operating,1200,Open AI,9,2024-06,2026-03-27,construction_started|other|partial_operational|project_announced|project_cancelled|public_hearing_held,2024-06(month): construction_started=n_a by Crusoe / DPR Construction; 2025-01(month): project_announced=n_a by OpenAI / SoftBank / Oracle (Stargate JV); 2025-03-18(day): project_announced=planned by Crusoe; 2025-03-18(day): construction_started=n_a by Crusoe / DPR Construction; 2025-09-23(day): public_hearing_held=n_a by OpenAI / Oracle; 2025-09-24(day): partial_operational=n_a by Crusoe / Oracle / OpenAI; 2026-03-06(day): project_cancelled=withdrawn by Oracle / OpenAI; 2026-03-06(day): other=in_progress by Nvidia; 2026-03-27(day): other=approved by Microsoft / Crusoe
Helios (Galaxy Digital),Afton,TX,Dickens,33.77858,-100.86909,Expanding,800,,6,2022,2025-08-13,fully_operational|other|project_announced,2022(year): other=approved by Galaxy Digital; 2022-05(month): project_announced=n_a by Argo Blockchain; 2022-05-05(day): fully_operational=n_a by Argo Blockchain; 2023-01-17(day): other=n_a by Galaxy Digital; 2025(year): project_announced=planned by Galaxy Digital; 2025-08-13(day): other=in_progress by Galaxy Digital
ALLEN DATA CENTER ZX026E,Allen,TX,Collin,33.09598,-96.6816,Operating,,,1,<UNKNOWN>,<UNKNOWN>,fully_operational,<UNKNOWN>(year): fully_operational=n_a by unknown
EXPERIAN DATA CENTER ALLEN,Allen,TX,Collin,33.08641,-96.6802,Operating,,,1,<UNKNOWN>,<UNKNOWN>,fully_operational,<UNKNOWN>(year): fully_operational=n_a by Experian
AIG DATA CENTER,AMARILLO,TX,Potter,35.18739,-101.812,Operating,,,1,<UNKNOWN>,<UNKNOWN>,fully_operational,<UNKNOWN>(year): fully_operational=n_a by AIG Data Center
Hypergrid / Fermi America AI Data Center ,Amarillo,TX,Carson,35.28762,-101.554,Proposed,"11,000",Fermi America and Texas Tech,10,2025-06-17,2025-12-12,construction_started|other|project_announced|project_suspended|public_hearing_held,2025-06-17(day): other=filed by Fermi America / Nuclear Regulatory Commission; 2025-06-27(day): project_announced=n_a by Fermi America / Texas Tech University System; 2025-06-27(month): construction_started=n_a by Fermi America; 2025-07-03(month): other=approved by Fermi America / Firebird LNG / Siemens Energy; 2025-08-25(day): other=n_a by Fermi America / Westinghouse; 2025-10(month): other=approved by City of Amarillo; 2025-11(month): public_hearing_held=n_a by Amarillo City Council; 2025-11-04(day): other=n_a by Fermi America (FRMI); 2025-12-12(day): project_suspended=halted by Fermi America (FRMI) tenant; 2025-12-12(day): project_suspended=halted by Fermi America
AUSTIN DATA CENTER AUS-02,Austin,TX,Travis,30.1991,-97.7134,Operating,,,1,<UNKNOWN>,<UNKNOWN>,fully_operational,<UNKNOWN>(year): fully_operational=n_a by unknown
Giga Texas Datacenter,Austin,TX,Travis,30.22492,-97.6196,Operating,,,0,,,,
ORACLE-AUSTIN DATA CENTER,Austin,TX,Travis,30.38364,-97.6863,Operating,,,1,<UNKNOWN>,<UNKNOWN>,fully_operational,<UNKNOWN>(year): fully_operational=n_a by Oracle
CleanSpark Data Center,Austin County,TX,Austin,29.884085,-96.219376,Proposed,285,CleanSpark,4,2025-10-30,2027,land_purchased|other|power_purchase_agreement_signed|project_announced,2025-10-30(day): project_announced=n_a by CleanSpark; 2025-10-30(day): land_purchased=n_a by CleanSpark; 2025-10-30(day): power_purchase_agreement_signed=n_a by CleanSpark; 2027(year): other=planned by CleanSpark
EdgeConneX  AUS02,Bastrop,TX,Bastrop,30.141737,-97.56553,Proposed,,,4,2025-11,2026-01-15,land_purchased|other|partial_operational|project_announced,2025-11(month): land_purchased=approved by EdgeConneX; 2026(year): partial_operational=planned by EdgeConneX; 2026-01-15(day): project_announced=n_a by EdgeConneX; 2026-01-15(day): other=in_progress by Texas Department of Licensing and Regulation
EdgeConneX potential Data Center,Bastrop,TX,Bastrop,30.003628,-97.432915,Proposed,,EdgeConneX,4,2025-11,2026-01-15,land_purchased|other|partial_operational|project_announced,2025-11(month): land_purchased=n_a by EdgeConneX; 2026(year): partial_operational=planned by EdgeConneX; 2026-01-15(day): project_announced=n_a by EdgeConneX; 2026-01-15(day): other=in_progress by EdgeConneX
CleanSpark Data Center,Brazoria County,TX,Brazoria,29.182318,-95.47511,Proposed,300-600,CleanSpark,3,2026-01,2026-01-15,land_purchased|other|project_announced,2026-01(month): land_purchased=planned by CleanSpark; 2026-01-15(day): project_announced=n_a by CleanSpark; 2026-01-15(day): other=approved by CleanSpark
"Open AI/ SoftBank ""Freebird""",Burlington,TX,Milam,31.00507,-97.0179,Proposed,1500,,5,2025-01,2026-04-22,construction_started|other|project_announced|state_environmental_review_initiated,2025-01(month): project_announced=n_a by OpenAI / SoftBank (Stargate Project); 2025-09-25(day): project_announced=n_a by OpenAI / SoftBank (Stargate Project); 2026-03(month): construction_started=n_a by SB Energy / Stargate; 2026-04(month): state_environmental_review_initiated=filed by Texas Department of Licensing and Regulation; 2026-04-22(day): other=n_a by OpenAI / SB Energy
Microsoft Corporation Data Center (SAT 89-90),Castroville,TX,Medina,29.35138,-98.9406,Proposed,,Microsoft,4,2025-03-21,2027-07,construction_started|fully_operational|other|project_announced,2025-03-21(day): project_announced=filed by Microsoft; 2025-03-21(day): other=filed by Texas Department of Licensing and Regulation; 2025-06(month): construction_started=planned by Microsoft; 2027-07(month): fully_operational=planned by Microsoft
EdgeConnex,Cedar Creek,TX,Bastrop,30.14096,-97.5668,Proposed,,,6,2024-07,2026-06-14,construction_started|fully_operational|other|project_announced,2024-07(month): other=approved by Bastrop County Commissioners Court; 2024-12(month): other=approved by Bastrop County Commissioners Court; 2025-07-14(day): other=filed by Texas Department of Licensing and Regulation; 2025-07-16(day): project_announced=planned by EdgeConneX; 2025-08-01(day): construction_started=planned by EdgeConneX; 2026-06-14(day): fully_operational=planned by EdgeConneX
Childress Data Center (Horizon 1),Childress,TX,Childress,34.383278,-100.056885,Operating,750,IREN,4,2025,2025-03-11,other|partial_operational|project_announced,2025(year): partial_operational=planned by IREN (Iris Energy); 2025(year): other=approved by Texas Comptroller of Public Accounts; 2025-03-11(day): project_announced=n_a by IREN (Iris Energy); 2025-03-11(day): other=in_progress by IREN (Iris Energy)
Lancium Childress,Childress,TX,Childress,34.37564,-100.053,Proposed,,,2,2022-07-20,2025,other|project_announced,2022-07-20(day): other=approved by Texas Comptroller; 2025(year): project_announced=planned by Lancium
Goodnight Campus,Claude,TX,Armstrong,35.018444,-101.311516,Approved/Permitted/Under construction,1030,Crusoe,5,2024-05,2025-01,air_permit_applied|construction_started|interconnection_request_filed|other|project_announced,2024-05(month): construction_started=n_a by Crusoe; 2024-11(month): project_announced=n_a by Google; 2025(year): interconnection_request_filed=filed by Public Utility Commission of Texas; 2025-01(month): air_permit_applied=filed by Texas Commission on Environmental Quality; 2025-01(month): other=n_a by Crusoe
Project Aggie (PPM Data LLC),College Station City,TX,Brazos,30.56981,-96.2592,Suspended,600,,5,2025-09-09,2025-09-12,land_purchased|other|project_announced|project_suspended,2025-09-09(day): project_announced=n_a by Priority Power Management (PPM Data LLC); 2025-09-09(day): land_purchased=filed by Priority Power Management (PPM Data LLC); 2025-09-09(day): other=recommended_approval by College Station City Staff; 2025-09-12(day): other=denied by College Station City Council; 2025-09-12(day): project_suspended=halted by Priority Power Management (PPM Data LLC)
Fluidstack,Colorado City,TX,Mitchell,32.396473,-100.91535,Operating,300,,5,2025-09,2026-10,other|power_purchase_agreement_signed,2025-09(month): power_purchase_agreement_signed=approved by Cipher Mining / Fluidstack; 2025-09(month): other=approved by Google; 2025-11-21(day): power_purchase_agreement_signed=approved by Cipher Mining / Fluidstack; 2025-11-21(day): other=approved by Google; 2026-10(month): other=planned by Cipher Mining
Riot Platforms,Corsicana,TX,Navarro,31.963621,-96.521034,Operating,400-1000,,8,2022,2026-01-19,construction_started|land_purchased|other|partial_operational|project_announced|public_hearing_held,2022(year): land_purchased=n_a by Riot Platforms; 2022-04-27(day): project_announced=n_a by Riot Blockchain (Riot Platforms); 2023(year): construction_started=n_a by Riot Platforms; 2023-10(month): public_hearing_held=n_a by Texas Coalition Against Cryptomining; 2024-04-18(day): partial_operational=n_a by Riot Platforms; 2025(year): other=in_progress by Riot Platforms; 2025(year): other=in_progress by Riot Platforms; 2026-01-19(day): other=in_progress by Riot Platforms
Fort Hood data base,Coryell,TX,Coryell,31.155802,-97.80226,Proposed,,,2,2026-01-12,2026-01-12,other|project_announced,2026-01-12(day): project_announced=filed by US Department of Defense; 2026-01-12(day): other=filed by US Department of Defense
Centersquare Dallas/Fort Worth Data Center,Dallas,TX,Dallas,32.91178,-96.8711,Operating,,,0,,,,
Cologix Dallas Data Centers,Dallas,TX,Dallas,32.80122,-96.81958,Operating,,,0,,,,
Equinix Data Center,Dallas,TX,Dallas,32.78737,-96.7944,Operating,,,0,,,,
Equinix: DA12-1 and DA12-2,Dallas,TX,Dallas,32.821037,-96.85867,Proposed,,Equinix,6,2025-11,2028-03,construction_started|fully_operational|other|project_announced,2025-11(month): project_announced=n_a by Equinix; 2025-11(month): other=filed by Equinix; 2026-02(month): construction_started=planned by Equinix; 2027-09(month): construction_started=planned by Equinix; 2027-10(month): fully_operational=planned by Equinix; 2028-03(month): fully_operational=planned by Equinix
Flexential Dallas - Richardson Data Center,Dallas,TX,Collin,32.99478,-96.7526,Operating,3.75,,0,,,,
KYNDRYL DALLAS DATA CENTER,Dallas,TX,Dallas,32.76849,-96.7941,Operating,,,1,<UNKNOWN>,<UNKNOWN>,fully_operational,<UNKNOWN>(year): fully_operational=n_a by Kyndryl
Dallas Data Center,Dallas,TX,Dallas,32.83822,-96.8789,Operating,12,,1,2023-04,2023-04,project_announced,2023-04(month): project_announced=planned by Prime Data Centers
Stemmons Corridor data campus,Dallas,TX,Dallas,32.805115,-96.83142,Proposed,70-245,CleanArc,3,2026-01-21,2027,other|partial_operational|project_announced,2026-01-21(day): project_announced=n_a by CleanArc / Crow Holdings; 2026-01-21(day): other=n_a by Crow Holdings; 2027(year): partial_operational=planned by CleanArc / Crow Holdings
TierPoint - Dallas Data Center,Dallas,TX,Dallas,32.80838,-96.8576,Operating,,,0,,,,
Denton Data Center (Core Scientific),Denton,TX,Denton,33.21948,-97.2129,Operating,391,,6,2021,2027,fully_operational|other|partial_operational|project_announced,2021(year): fully_operational=n_a by Core Scientific; 2024-02-20(day): other=approved by Texas Comptroller; 2024-11-27(day): other=filed by Core Scientific; 2024-11-27(day): project_announced=planned by Core Scientific; 2024-11-27(day): other=approved by City of Denton; 2027(year): partial_operational=n_a by Core Scientific
Texas Critical Data Centers,Ector County,TX,Ector,31.89517,-102.556,Proposed,"250-1,000",,6,2024,2026-12,land_purchased|other|partial_operational,2024(year): other=n_a by Texas Critical Data Centers (New Era Helium / Sharon AI); 2025-06(month): other=n_a by Texas Critical Data Centers / PowerForward Energy; 2025-07-30(day): land_purchased=approved by Texas Critical Data Centers; 2025-07-30(day): other=n_a by Texas Critical Data Centers / Grow Odessa; 2025-07-30(day): other=planned by Texas Critical Data Centers; 2026-12(month): partial_operational=planned by Texas Critical Data Centers
Cawley Partners,Ferris,TX,Ellis,32.53902,-96.6347,Proposed,,,3,2025,2025-06-20,construction_started|land_purchased|project_announced,2025(year): construction_started=planned by Cawley Partners; 2025-06-20(day): land_purchased=approved by Cawley Partners; 2025-06-20(day): project_announced=n_a by Cawley Partners
Fort Bliss Data Center,Fort Bliss,TX,El Paso,31.82617,-106.4042,Proposed,,,2,2026-01-12,2026-01-22,other|project_announced,2026-01-12(day): project_announced=planned by U.S. Department of Defense; 2026-01-22(day): other=in_progress by U.S. Department of Defense
Project Horizon,Fort Stockton,TX,Pecos,30.421732,-102.509315,Proposed,2000,Poolside,5,2025-10-16,2027-01,construction_started|land_purchased|other|power_purchase_agreement_signed|project_announced,2025-10-16(day): project_announced=n_a by Poolside / CoreWeave; 2025-10-16(day): land_purchased=n_a by Poolside; 2025-10-16(day): power_purchase_agreement_signed=n_a by Poolside / CoreWeave; 2025-10-16(day): other=n_a by Poolside; 2027-01(month): construction_started=planned by Poolside
Black Mountain Data Center,Fort Worth,TX,Tarrant,32.64334,-97.25621,Proposed,,,6,2024,2024-12-10,project_announced|public_hearing_held|rezoning_council_decision|rezoning_planning_commission_recommendation,2024(year): project_announced=n_a by Black Mountain LLC; 2024-01(month): rezoning_council_decision=approved by Fort Worth City Council; 2024-06(month): rezoning_council_decision=approved by Fort Worth City Council; 2024-09(month): rezoning_council_decision=approved by Fort Worth City Council; 2024-12-02(day): public_hearing_held=n_a by Black Mountain Power; 2024-12-10(day): rezoning_planning_commission_recommendation=recommended_approval by Fort Worth Zoning Commission
Centersquare Dallas/Fort Worth Data Center,Fort Worth,TX,Tarrant,32.83233,-97.0405,Operating,,,0,,,,
CyrusOne/Eolian Data Center,Fort Worth,TX,Tarrant,32.90195,-97.39384,Approved/Permitted/Under construction,70?,CyrusOne,6,2020-08,2026-01-14,construction_started|other|project_announced,2020-08(month): other=n_a by Eolian / Astral Energy / Able Grid / Map Energy; 2021(year): other=n_a by Eolian (Chisholm Grid); 2024-09(month): other=filed by CyrusOne; 2025-04(month): construction_started=n_a by CyrusOne; 2026(year): other=planned by CyrusOne; 2026-01-14(day): project_announced=n_a by CyrusOne
Meta Data Center,Fort Worth,TX,Tarrant,32.98489,-97.262,Operating,,Meta,1,<UNKNOWN>,<UNKNOWN>,project_announced,<UNKNOWN>(year): project_announced=planned by Meta
QTS- Fort Worth-Dallas,Fort Worth,TX,Tarrant,32.98912,-97.2622,Operating,,,0,,,,
NTT Global Data Centers Americas - Dallas TX1,Garland,TX,Dallas,32.98221,-96.6574,Operating,,,0,,,,
GEORGETOWN DATA CENTER,GEORGETOWN,TX,Williamson,30.60149,-97.6773,Operating,,,1,<UNKNOWN>,<UNKNOWN>,fully_operational,<UNKNOWN>(year): fully_operational=n_a by unknown
MARA Bitcoin Mining Data Center,Granbury,TX,Hood,32.341797,-97.731636,Operating,,Marathon Digital Holdings (MARA),4,2022,2023,construction_started|fully_operational|land_purchased|other,2022(year): construction_started=n_a by Compute North; 2022(year): other=n_a by Compute North; 2023(year): land_purchased=approved by Marathon Digital Holdings; 2023(year): fully_operational=n_a by Marathon Digital Holdings
"Serverfarm Data Center (CTX 1, CTX 2)",Houston,TX,Harris,29.996,-95.5633,Expanding,40-100,,4,2024,2026-02-09,building_permit_applied|land_purchased|other,2024(year): land_purchased=approved by Serverfarm (Manulife); 2024-07-20(day): other=approved by Texas Comptroller; 2025(year): building_permit_applied=filed by Serverfarm; 2026-02-09(day): other=n_a by Serverfarm
CyrusOne LLC - Houston West III Data Center,Houston,TX,Harris,29.84402,-95.5609,Operating,,,0,,,,
ENERGY CONTROL & DATA CENTER,HOUSTON,TX,Harris,29.94515,-95.5388,Operating,,,1,<UNKNOWN>,<UNKNOWN>,fully_operational,<UNKNOWN>(year): fully_operational=n_a by Energy Control & Data Center
Nexus Data Center,Hubbard,TX,Hill,31.825197,-96.75136,Proposed,600,,6,2025-06,2026,air_permit_applied|other|partial_operational|power_purchase_agreement_signed|project_announced|public_hearing_held,2025-06(month): other=n_a by Nexus Data Centers / AirJoule Technologies; 2025-11(month): project_announced=n_a by Nexus Data Centers; 2025-11(month): public_hearing_held=n_a by Nexus Data Centers; 2025-12-03(day): air_permit_applied=filed by Nexus Data Centers; 2025-12-03(day): power_purchase_agreement_signed=in_progress by Nexus Data Centers / AirJoule Technologies; 2026(year): partial_operational=planned by AirJoule Technologies
Colovore: Project Raptor,Hutto,TX,Williamson,30.54322,-97.57,Proposed,,,4,2024-12,2026,construction_started|project_announced|special_use_permit_applied|special_use_permit_decision,2024-12(month): special_use_permit_applied=filed by Colovore; 2024-12(month): special_use_permit_decision=granted by Hutto City Council; 2024-12-09(day): project_announced=n_a by Colovore; 2026(year): construction_started=planned by Colovore
Skybox Hutto PowerCampus Data Center ,Hutto,TX,Williamson,30.53681,-97.5178,Approved/Permitted/Under construction,,,7,2022-08,2026-06,construction_started|fully_operational|land_purchased|other|project_announced,2022-08(month): land_purchased=n_a by Skybox Datacenters / Prologis; 2023-05(month): project_announced=n_a by Skybox Datacenters / Prologis; 2023-06-15(day): other=approved by Hutto City Council; 2024(year): construction_started=n_a by Skybox Datacenters; 2025-09-04(day): other=filed by Texas Department of Licensing and Regulation; 2025-10-01(day): construction_started=planned by Skybox Datacenters; 2026-06(month): fully_operational=planned by Skybox Datacenters
QTS-Irving,Irving,TX,Dallas,32.89704,-96.9832,Operating,147,,1,2026-04-10,2026-04-10,fully_operational,2026-04-10(day): fully_operational=n_a by QTS
Jarrell Data Center,Jarrell,TX,Williamson,30.81534,-97.6328,Proposed,200,Mesones,2,2025-08-29,2025-08-29,other|project_announced,"2025-08-29(day): project_announced=n_a by Prominent Property Group, Savannah Developers, Power Infrastructure Partners; 2025-08-29(day): other=in_progress by Jarrell, TX"
Houston One Data Center,Katy,TX,Harris,29.803122,-95.75579,Operating,26,Element Critical,5,2025,2026-10,construction_started|fully_operational|partial_operational|project_announced,2025(year): fully_operational=n_a by Element Critical; 2025-11-19(day): construction_started=n_a by Element Critical; 2025-11-19(day): project_announced=planned by Element Critical; 2026(year): partial_operational=planned by Element Critical; 2026-10(month): partial_operational=planned by Element Critical
Lacy Lakeview Data Center ,Lacy Lakeview,TX,McLennan,31.66293,-97.110344,Approved/Permitted/Under construction,1000,InfraKey Capital,5,2025-12-09,2026-01-21,interconnection_request_filed|other|project_announced|public_hearing_held|rezoning_council_decision,2025-12-09(day): rezoning_council_decision=approved by Lacy Lakeview City Council; 2025-12-09(day): public_hearing_held=n_a by Lacy Lakeview City Council; 2025-12-10(day): project_announced=n_a by InfraKey Capital; 2026-01-21(day): other=approved by InfraKey DC Parks / City of Lacy Lakeview; 2026-01-21(day): interconnection_request_filed=planned by InfraKey DC Parks
Digital Bridge Data Center,Lancaster,TX,Dallas,32.57545,-96.6995,Proposed,550,,3,2025-08-18,2026,construction_started|land_purchased|project_announced,2025-08-18(day): project_announced=n_a by Yondr Group; 2025-08-18(day): land_purchased=n_a by Yondr Group; 2026(year): construction_started=planned by Yondr Group
PowerCampus Dallas by Lancaster Data Center Campus LP,Lancaster,TX,Dallas,32.56777,-96.7739,Operating,300,,3,2026,2026,construction_started|fully_operational|other,2026(year): construction_started=in_progress by Skybox Datacenters / Lancaster Data Center Campus LP; 2026(year): fully_operational=in_progress by Skybox Datacenters / Lancaster Data Center Campus LP; 2026(year): other=approved by Texas Comptroller
Project Labrador (WHL Dallas 45 LLC),Lancaster,TX,Dallas,32.59966,-96.7302,Proposed,,,6,2012,2030,land_purchased|other|project_announced|rezoning_council_decision|rezoning_planning_commission_recommendation|site_plan_applied,2012(year): land_purchased=n_a by WHL Dallas 45 LLC; 2025-08(month): rezoning_council_decision=approved by Lancaster City Council; 2025-08-19(day): project_announced=n_a by WHL Dallas 45 LLC; 2025-08-19(day): site_plan_applied=filed by WHL Dallas 45 LLC; 2025-08-19(day): rezoning_planning_commission_recommendation=recommended_approval by Lancaster Planning and Zoning Commission; 2030(year): other=planned by WHL Dallas 45 LLC
Project Oranger (WHL Dallas 45 LLC),Lancaster,TX,Dallas,32.57294,-96.6993,Proposed,252,,4,2012,2025-08-19,land_purchased|project_announced|rezoning_council_decision|rezoning_planning_commission_recommendation,2012(year): land_purchased=n_a by WHL Dallas 45 LLC; 2025-08(month): rezoning_planning_commission_recommendation=recommended_approval by Lancaster Planning and Zoning Commission; 2025-08(month): rezoning_council_decision=approved by Lancaster City Council; 2025-08-19(day): project_announced=n_a by WHL Dallas 45 LLC
Digital Realty Data Center,Lewisville,TX,Denton,32.9994,-96.9996,Operating,,,0,,,,
Tract Data Centers,Lockhart,TX,Caldwell,29.91816,-97.7668,Proposed,360-1600,,8,2024-10,2028,interconnection_agreement_executed|land_purchased|other|partial_operational|project_announced|rezoning_applied,2024-10(month): project_announced=n_a by Tract; 2024-10(month): rezoning_applied=filed by Tract; 2025-05(month): land_purchased=n_a by Tract; 2026-01(month): land_purchased=n_a by Tract; 2026-01-14(day): project_announced=n_a by Tract; 2026-01-14(day): interconnection_agreement_executed=approved by Bluebonnet Electric Cooperative / LCRA; 2026-01-14(day): other=planned by Tract; 2028(year): partial_operational=planned by Tract
Texas Solarworks LLC,Lubbock,TX,Lubbock,33.62028,-101.7919,Proposed,,,1,<UNKNOWN>,<UNKNOWN>,project_announced,<UNKNOWN>(year): project_announced=planned by Texas Solarworks LLC
Data Center THM1A,Lueders,TX,Haskell,32.98045,-99.5673,Proposed,,,3,2025-06-18,2027-04,construction_started|fully_operational|project_announced,2025-06-18(day): construction_started=n_a by HDR Engineering; 2025-06-21(day): project_announced=n_a by Texas Department of Licensing and Regulation; 2027-04(month): fully_operational=planned by HDR Engineering
Matagorda County Data Centers,Matagora County,TX,Matagorda,28.74159,-95.9322,Proposed,20,,3,2025,2026,partial_operational|project_announced,2025(year): partial_operational=planned by Barrio Energy; 2025-08-13(day): project_announced=n_a by Barrio Energy; 2026(year): partial_operational=planned by Barrio Energy
1547 Data Center: MCTX1,McAllen,TX,Hidalgo,26.20193,-98.2316,Operating,1.5-5,,3,2025-08,2025-08-06,construction_started|fully_operational|other,2025-08(month): construction_started=planned by 1547 Critical Systems Realty; 2025-08-06(day): fully_operational=n_a by 1547 Critical Systems Realty; 2025-08-06(day): other=filed by Texas Department of Licensing and Regulation (TDLR)
EXPERIAN DATA CENTER MCKINNEY,MCKINNEY,TX,Collin,33.17172,-96.7252,Operating,,,1,<UNKNOWN>,<UNKNOWN>,fully_operational,<UNKNOWN>(year): fully_operational=n_a by Experian
FO Permian Partners and HiVolt Energy Data Center,Midland County,TX,Midland,31.76912,-101.898,Proposed,,,2,2025-09-15,2025-09-15,land_purchased|project_announced,2025-09-15(day): project_announced=n_a by FO Permian Partners and HiVolt Energy; 2025-09-15(day): land_purchased=n_a by FO Permian Partners and HiVolt Energy
Sharka Data Center (Google),Midlothian,TX,Ellis,32.44324,-97.0605,Proposed,,Google,3,2018-06,2018-08-01,land_purchased|other|project_announced,2018-06(month): other=approved by Midlothian City Council; 2018-08-01(day): project_announced=n_a by Google; 2018-08-01(day): land_purchased=n_a by Google
MIlan County Data Center,Milam County,TX,Milam,30.99355,-97.0035,Proposed,,Google,3,2024-10,2025-01-15,fully_operational|power_purchase_agreement_signed|project_announced,2024-10(month): fully_operational=n_a by SB Energy; 2025-01-15(day): project_announced=n_a by SB Energy / Google; 2025-01-15(day): power_purchase_agreement_signed=n_a by SB Energy / Google
Cielo Digital Infrastructure,Mustang Ridge,TX,Travis,30.05179,-97.6772,Proposed,500,,1,2025-06-24,2025-06-24,project_announced,2025-06-24(day): project_announced=planned by Cielo Digital Infrastructure
Project Gladys (Soluna),near Bishop?,TX,Nueces,27.58049,-97.6401,Approved/Permitted/Under construction,150,,4,2025-08-26,2025-08-26,interconnection_request_filed|land_purchased|power_purchase_agreement_signed|project_announced,2025-08-26(day): project_announced=n_a by Soluna; 2025-08-26(day): land_purchased=in_progress by Soluna; 2025-08-26(day): interconnection_request_filed=in_progress by Soluna; 2025-08-26(day): power_purchase_agreement_signed=in_progress by Soluna
Project Fei (Soluna),near Childress,TX,Childress,34.37431,-100.094,Approved/Permitted/Under construction,100,,4,2025-08-26,2025-08-26,interconnection_request_filed|land_purchased|power_purchase_agreement_signed|project_announced,2025-08-26(day): project_announced=n_a by Soluna; 2025-08-26(day): land_purchased=in_progress by Soluna; 2025-08-26(day): power_purchase_agreement_signed=in_progress by Soluna; 2025-08-26(day): interconnection_request_filed=in_progress by Soluna
Project Hedy (Soluna),near Lyford,TX,Willacy,26.32319,-97.585,Approved/Permitted/Under construction,120,,3,2025-04-08,2025-04-08,other|power_purchase_agreement_signed|project_announced,"2025-04-08(day): project_announced=n_a by Soluna Holdings, Inc.; 2025-04-08(day): power_purchase_agreement_signed=filed by Soluna Holdings, Inc.; 2025-04-08(day): other=planned by Soluna Holdings, Inc."
Project Ellen (Soluna),near Rio Hondo,TX,Cameron,26.2517,-97.4894,Approved/Permitted/Under construction,100,,1,2025-08-26,2025-08-26,project_announced,2025-08-26(day): project_announced=n_a by Soluna
Project Rosa (Soluna),near Santa Rosa,TX,Cameron,26.2419,-97.8223,Approved/Permitted/Under construction,187,,1,2025-08-26,2025-08-26,project_announced,2025-08-26(day): project_announced=n_a by Soluna
Project Dorothy 1A and 1B (Soluna),near Silverton,TX,Briscoe,34.41811,-101.315,Operating,50,,1,2025-08-26,2025-08-26,project_announced,2025-08-26(day): project_announced=n_a by Soluna
Project Dorothy 2 (Soluna),near Silverton,TX,Briscoe,34.41811,-101.315,Approved/Permitted/Under construction,48,,1,2025-08-26,2025-08-26,project_announced,2025-08-26(day): project_announced=n_a by Soluna
CloudBurst Data Center,New Braunfels,TX,Hays,29.76201,-97.9909,Proposed,1200,,4,2025,2025-05,air_permit_applied|power_purchase_agreement_signed|project_announced|public_hearing_held,2025(year): air_permit_applied=filed by CloudBurst Data Centers; 2025(year): power_purchase_agreement_signed=approved by CloudBurst Data Centers; 2025-02(month): project_announced=n_a by CloudBurst Data Centers; 2025-05(month): public_hearing_held=n_a by Hays County Commissioners Court
APR Energy Data Center,Pampa,TX,Gray,35.54431,-101.004,Proposed,,,5,2025-06-16,2026,construction_started|other|project_announced,2025-06-16(day): project_announced=n_a by APR Energy; 2025-06-16(day): other=approved by Texas state regulators; 2025-06-16(day): other=n_a by APR Energy; 2025-07-10(day): other=approved by Pampa Chamber of Commerce and Pampa Economic Development Corporation; 2026(year): construction_started=planned by APR Energy
Project Annie (Soluna),Paris,TX,Lamar,33.65263,-95.6048,Approved/Permitted/Under construction,75,,1,2025-08-26,2025-08-26,project_announced,2025-08-26(day): project_announced=n_a by Soluna
GW Ranch (Pacifico Energy),Pecos County,TX,Pecos,31.147247,-102.89146,Proposed,"5,000",,6,2025-08-21,2031,air_permit_applied|air_permit_issued|construction_started|fully_operational|partial_operational|project_announced,2025-08-21(day): project_announced=n_a by Pacifico Energy; 2025-08-21(day): air_permit_applied=filed by Texas Commission on Environmental Quality (TCEQ); 2026-01(month): construction_started=planned by Pacifico Energy; 2026-01-26(day): air_permit_issued=approved by Texas Commission on Environmental Quality (TCEQ); 2027-01(month): partial_operational=planned by Pacifico Energy; 2031(year): fully_operational=planned by Pacifico Energy
Skybox - Austin 2,Pflugerville,TX,Travis,30.48241,-97.6246,Approved/Permitted/Under construction,,,4,2024-04-16,2025-06-01,construction_started|other|project_announced,2024-04-16(day): other=filed by Texas Department of Licensing and Regulation; 2024-04-19(day): project_announced=n_a by Skybox Datacenters LLC; 2024-10-09(day): construction_started=n_a by Skybox Datacenters LLC; 2025-06-01(day): other=planned by Skybox Datacenters LLC
Aligned DFW1 and DFW2,Plano,TX,Collin,33.00918,-96.6745,Proposed,36+,,4,2015,2022-09-14,fully_operational|project_announced|rezoning_applied|rezoning_planning_commission_recommendation,2015(year): fully_operational=n_a by Aligned Data Centers; 2022-09(month): rezoning_applied=filed by Aligned Data Centers; 2022-09(month): rezoning_planning_commission_recommendation=recommended_approval by Plano Planning Commission; 2022-09-14(day): project_announced=n_a by Aligned Data Centers
CoreWeave Plano,Plano,TX,Collin,33.01469,-96.7651,Operating,30,,1,2025-05-08,2025-05-08,other,2025-05-08(day): other=approved by Texas Comptroller of Public Accounts
DataBank Data Centers - Legacy Park Plano,Plano,TX,Collin,33.08736,-96.8139,Operating,,,0,,,,
DFW-04 Data Center,Plano,TX,Collin,33.00439,-96.6502,Operating,,,5,2024,2026-10,construction_started|fully_operational|other|power_purchase_agreement_signed|project_announced,2024(year): other=filed by Aligned Data Centers; 2025-05-08(day): project_announced=n_a by Aligned Data Centers; 2025-05-08(day): power_purchase_agreement_signed=approved by Lambda Cloud / Aligned Data Centers; 2025-10(month): construction_started=planned by Aligned Data Centers; 2026-10(month): fully_operational=planned by Aligned Data Centers
Equinix DA7 Data Center,Plano,TX,Collin,33.06499,-96.8109,Operating,,,0,,,,
Evocative DAL6,Plano,TX,Collin,33.01578,-96.7688,Operating,12,,0,,,,
Skybox Atlantic Station,Plano,TX,Collin,33.00508,-96.7421,Operating,100,,0,,,,
Pyote Data Center,Pyote,TX,Ward,31.52544,-103.117,Operating,300,,2,2025,2025,fully_operational|other,2025(year): fully_operational=n_a by Genesis Digital Assets; 2025(year): other=n_a by Genesis Digital Assets
Red Oak Data Center Campus,Red Oak,TX,Ellis,32.54188,-96.7998,Approved/Permitted/Under construction,350,,6,2019-11-14,2020-06-29,construction_started|fully_operational|land_purchased|other|partial_operational|project_announced,2019-11-14(day): construction_started=n_a by Compass Datacenters; 2020-01-30(day): land_purchased=n_a by Compass Datacenters; 2020-01-30(day): project_announced=n_a by Compass Datacenters; 2020-06(month): partial_operational=n_a by Compass Datacenters; 2020-06-10(day): fully_operational=n_a by Compass Datacenters; 2020-06-29(day): other=filed by Texas Department of Licensing and Regulation
Databank: DFW11 and DFW12,Red Oak,TX,Ellis,32.53531,-96.7339,Proposed,480,,8,2024-06,2028-11,construction_started|fully_operational|other|project_announced,2024-06(month): other=filed by DataBank; 2024-09(month): project_announced=n_a by DataBank; 2024-11(month): other=filed by DataBank; 2025-06-20(day): other=filed by DataBank; 2025-12(month): construction_started=planned by DataBank; 2026-11(month): construction_started=planned by DataBank; 2028-01(month): fully_operational=planned by DataBank; 2028-11(month): fully_operational=planned by DataBank
Google Data Center,Red Oak,TX,Ellis,32.53763,-96.7968,Proposed,,Google,2,2023-09-01,2023-09-01,other|project_announced,2023-09-01(day): project_announced=n_a by Google; 2023-09-01(day): other=n_a by Google
1210 Integrity Drive (DFW18),Richardson,TX,Dallas,32.96639,-96.7138,Proposed,100,,0,,,,
1232 Alma Road Data Center,Richardson,TX,Dallas,32.96619,-96.7159,Operating,6.7,,0,,,,
365 Data Centers - Richardson,Richardson,TX,Dallas,32.97615,-96.7073,Operating,6.2,,0,,,,
850 E. Collins Boulevard (DFW28),Richardson,TX,Dallas,32.96746,-96.7132,Operating,6.8,,0,,,,
Richardson Data Center,Richardson,TX,Dallas,32.98529,-96.6969,Operating,24,,1,2023-05,2023-05,project_announced,2023-05(month): project_announced=planned by Prime Data Centers
CORNERSTONE SOUTHWEST DATA CENTER,ROANOKE,TX,Denton,33.00576,-97.2459,Operating,,,1,<UNKNOWN>,<UNKNOWN>,fully_operational,<UNKNOWN>(year): fully_operational=n_a by Cornerstone Southwest Data Center
Advanced Micro Devices Data Center,Rockdale,TX,Milam,30.56359,-97.08498,Expanding,25-200,Riot,1,<UNKNOWN>,<UNKNOWN>,other,<UNKNOWN>(year): other=in_progress by Riot
Sabey Data Center,Round Rock,TX,Williamson,30.48796,-97.6468,Operating,,,0,,,,
Skybox Data Center,San Angelo,TX,Tom Green,31.52764,-100.33235,Proposed,,,4,2025-05,2026-01,land_purchased|project_announced|public_hearing_held|rezoning_applied,2025-05(month): project_announced=n_a by Skybox Datacenters; 2025-05(month): land_purchased=approved by San Angelo City Council; 2026-01(month): rezoning_applied=filed by Skybox Datacenters; 2026-01(month): public_hearing_held=planned by San Angelo City Council
AWS Rockfish,San Antonio,TX,Bexar,29.3019,-98.3888,Approved/Permitted/Under construction,,,6,2020-10,2021-04-01,building_permit_applied|land_purchased|project_announced|public_hearing_held,2020-10(month): land_purchased=approved by Amazon Web Services; 2021-04-01(day): project_announced=n_a by Amazon Web Services; 2021-04-01(day): building_permit_applied=filed by Amazon Web Services; 2021-04-01(day): building_permit_applied=filed by Amazon Web Services; 2021-04-01(day): building_permit_applied=filed by Amazon Web Services; 2021-04-01(day): public_hearing_held=n_a by San Antonio Planning and Land Development Committee
AWS Rockfish,San Antonio,TX,Bexar,29.45094,-98.6388,Approved/Permitted/Under construction,,,6,2020-10,2021-04-01,building_permit_applied|land_purchased|project_announced|public_hearing_held,2020-10(month): land_purchased=approved by Amazon Web Services; 2021-04-01(day): project_announced=n_a by Amazon Web Services; 2021-04-01(day): building_permit_applied=filed by Amazon Web Services; 2021-04-01(day): building_permit_applied=filed by Amazon Web Services; 2021-04-01(day): building_permit_applied=filed by Amazon Web Services; 2021-04-01(day): public_hearing_held=n_a by San Antonio Planning and Land Development Committee
AWS Rockfish,San Antonio,TX,Bexar,29.42085,-98.7818,Approved/Permitted/Under construction,,,6,2020-10,2021-04-01,building_permit_applied|land_purchased|project_announced|public_hearing_held,2020-10(month): land_purchased=approved by Amazon Web Services; 2021-04-01(day): project_announced=n_a by Amazon Web Services; 2021-04-01(day): building_permit_applied=filed by Amazon Web Services; 2021-04-01(day): building_permit_applied=filed by Amazon Web Services; 2021-04-01(day): building_permit_applied=filed by Amazon Web Services; 2021-04-01(day): public_hearing_held=n_a by San Antonio Planning and Land Development Committee
Chevron Data Center (closed),San Antonio,TX,Bexar,29.48045,-98.6963,Operating,,,1,<UNKNOWN>,<UNKNOWN>,fully_operational,<UNKNOWN>(year): fully_operational=n_a by unknown
CITICORP DATA SYSTEMS,San Antonio,TX,Bexar,29.41341,-98.7773,Operating,,,1,<UNKNOWN>,<UNKNOWN>,fully_operational,<UNKNOWN>(year): fully_operational=n_a by Citicorp Data Systems
CyrusOne Data Center,San Antonio,TX,Bexar,29.46616,-98.6885,Operating,,,0,,,,
H5 Data Center,San Antonio,TX,Bexar,29.42938,-98.4868,Operating,,,0,,,,
LOWES DATA CENTER,San Antonio,TX,Bexar,29.47334,-98.69,Operating,,,1,<UNKNOWN>,<UNKNOWN>,fully_operational,<UNKNOWN>(year): fully_operational=n_a by Lowes Data Center
SAT 80-82 Data Center Campus,San Antonio,TX,Medina,29.43363,-98.8263,Proposed,,Microsoft,3,2025-03-21,2025-06,construction_started|other|project_announced,2025-03-21(day): project_announced=n_a by Microsoft; 2025-03-21(day): other=filed by Microsoft; 2025-06(month): construction_started=planned by Microsoft
Microsoft Data Center,San Antonio,TX,Bexar,29.46696,-98.7134,Proposed,,Microsoft,3,2025-09-22,2025-09-22,building_permit_applied|land_purchased|project_announced,2025-09-22(day): land_purchased=n_a by Microsoft; 2025-09-22(day): building_permit_applied=filed by Microsoft; 2025-09-22(day): project_announced=n_a by Microsoft
Microsoft Data Center: SAT14,San Antonio,TX,Bexar,29.47118,-98.6785,Proposed,,Microsoft,1,2023-09-01,2023-09-01,other,2023-09-01(day): other=n_a by Microsoft
Microsoft Data Center: SAT15,San Antonio,TX,Bexar,29.46977,-98.7015,Proposed,,Microsoft,4,2022-08-22,2024,construction_started|fully_operational|other|project_announced,2022-08-22(day): project_announced=n_a by Microsoft; 2022-08-22(day): other=filed by Microsoft; 2022-10(month): construction_started=planned by Microsoft; 2024(year): fully_operational=planned by Microsoft
Microsoft Data Center: SAT46,San Antonio,TX,Bexar,29.41427,-98.8029,Operating,,Microsoft,2,2023,2023,construction_started|fully_operational,2023(year): construction_started=n_a by Microsoft; 2023(year): fully_operational=n_a by Microsoft
MICROSOFT SAN ANTONIO DATA CENTER,San Antonio,TX,Bexar,29.47843,-98.693,Operating,,Microsoft,1,<UNKNOWN>,<UNKNOWN>,fully_operational,<UNKNOWN>(year): fully_operational=n_a by Microsoft
MICROSOFT SAN ANTONIO DATA CENTER,San Antonio,TX,Bexar,29.47843,-98.693,Operating,,Microsoft,1,<UNKNOWN>,<UNKNOWN>,fully_operational,<UNKNOWN>(year): fully_operational=n_a by Microsoft
NSA Texas Cryptology Center,San Antonio,TX,Bexar,29.44724,-98.6421,Approved/Permitted/Under construction,,,0,,,,
QTS San Antonio,San Antonio,TX,Bexar,29.44862,-98.6509,Operating,,,0,,,,
Stream Data Center,San Antonio,TX,Bexar,29.47177,-98.6716,Operating,,,0,,,,
TX11: Vantage Data Center,San Antonio,TX,Bexar,29.4181,-98.7897,Proposed,32,,5,2023-07,2026-01,construction_started|fully_operational|land_purchased|other,2023-07(month): land_purchased=n_a by Vantage Data Centers; 2023-08-09(day): land_purchased=n_a by Vantage Data Centers; 2023-12-15(day): construction_started=n_a by Vantage Data Centers; 2023-12-19(day): other=filed by Texas Department of Licensing and Regulation; 2026-01(month): fully_operational=planned by Vantage Data Centers
TX12: Vantage Data Center,San Antonio,TX,Medina,29.42026,-98.8087,Proposed,96,,5,2023-07,2027-08,construction_started|fully_operational|land_purchased|other|project_announced,2023-07(month): land_purchased=n_a by Vantage Data Centers; 2025-09-23(day): other=filed by Vantage Data Centers; 2025-09-23(day): project_announced=n_a by Vantage Data Centers; 2025-10(month): construction_started=planned by Vantage Data Centers; 2027-08(month): fully_operational=planned by Vantage Data Centers
TX21: Vantage Data Center,San Antonio,TX,Bexar,29.47603,-98.6976,Proposed,,,3,2023-07,2023-09-01,land_purchased|project_announced,2023-07(month): land_purchased=n_a by Vantage Data Centers; 2023-08-09(day): land_purchased=n_a by Vantage Data Centers; 2023-09-01(day): project_announced=n_a by Vantage Data Centers
TX22: Vantage Data Center,San Antonio,TX,Bexar,29.479109,-98.697105,Proposed,,,6,2023-08,2027-06,construction_started|fully_operational|land_purchased|other|project_announced,2023-08(month): land_purchased=n_a by Vantage Data Centers; 2023-11(month): other=filed by Vantage Data Centers; 2025-10(month): construction_started=planned by Vantage Data Centers; 2025-10-15(day): other=filed by Vantage Data Centers; 2025-10-15(day): project_announced=n_a by Vantage Data Centers; 2027-06(month): fully_operational=planned by Vantage Data Centers
Highlander SM One LLC,San Marcos,TX,Hays,29.79031,-97.9952,Suspended,,,6,2025-02-19,2025-04-15,other|project_announced|public_hearing_held|rezoning_applied|rezoning_planning_commission_recommendation,2025-02-19(day): other=approved by San Marcos City Council; 2025-03(month): rezoning_applied=filed by Armbrust & Brown PLLC / Highlander SM One LLC; 2025-03-08(day): project_announced=n_a by Highlander SM One LLC / Armbrust & Brown PLLC; 2025-03-29(month): public_hearing_held=n_a by San Marcos Planning and Zoning Commission; 2025-03-29(month): rezoning_planning_commission_recommendation=recommended_denial by San Marcos Planning and Zoning Commission; 2025-04-15(day): public_hearing_held=planned by San Marcos City Council
Project Kati 1 and 2(Soluna),Santa Monica,TX,Willacy,26.37778,-97.5874,Approved/Permitted/Under construction,166,,5,2025-08,2026-01-15,construction_started|other|power_purchase_agreement_signed|project_announced,2025-08(month): power_purchase_agreement_signed=n_a by Soluna / Galaxy Digital; 2025-08-26(day): project_announced=n_a by Soluna; 2025-09(month): construction_started=n_a by Soluna; 2026-01-15(day): project_announced=n_a by Soluna / Metrobloks; 2026-01-15(day): other=filed by Soluna / EDF Power Solutions
Oppidan Data Center,Socorro,TX,El Paso,31.67769,-106.289,Proposed,5,,5,2022,2026-01,construction_started|fully_operational|other|project_announced|rezoning_applied,"2022(year): rezoning_applied=filed by Hunt Eastlake Industrial, LLC; 2024-09-09(day): other=filed by Texas Department of Licensing and Regulation (TDLR); 2024-09-09(day): project_announced=n_a by Oppidan; 2025-01(month): construction_started=planned by Oppidan; 2026-01(month): fully_operational=planned by Oppidan"
Sugar Land Data center,Sugar Land,TX,Fort Bend,29.62003,-95.6306,Operating,,,0,,,,
MSB Global Services Matrix Data Center,Sulphur Springs,TX,Hopkins,33.08515,-95.546,Proposed,3000,,7,2025-02,2028,construction_started|fully_operational|other|partial_operational|project_announced,"2025-02(month): construction_started=n_a by MSB Global Services, LLC; 2025-06-13(day): project_announced=n_a by MSB Global Services, LLC; 2025-06-13(day): other=n_a by MSB Global Services, LLC; 2025-06-13(day): other=approved by City of Sulphur Springs / Hopkins County; 2025-06-13(day): other=granted by City of Sulphur Springs / Hopkins County; 2026-09(month): partial_operational=planned by MSB Global Services, LLC; 2028(year): fully_operational=planned by MSB Global Services, LLC"
Sweetwater 1 and 2,Sweetwater,TX,Fisher,32.533386,-100.409615,Proposed,2000,IREN,3,2025-03-11,2028,other|project_announced,2025-03-11(day): project_announced=n_a by IREN; 2026-04(month): other=planned by IREN; 2028(year): other=planned by IREN
Meta Data Center,Temple,TX,Bell,31.13252,-97.3644,Approved/Permitted/Under construction,152,Meta,2,2022-04,2022-04,construction_started|other,2022-04(month): construction_started=n_a by JE Dunn Construction; 2022-04(month): other=n_a by Meta
Polmer Data Center,Temple,TX,Bell,31.13391,-97.3723,Approved/Permitted/Under construction,,,8,2022-01,2025-01-02,construction_started|other|project_announced,"2022-01(month): other=approved by City of Temple, TX; 2022-01(month): other=approved by City of Temple, TX; 2022-01(month): other=approved by Bell County Commissioners Court; 2022-01(month): project_announced=n_a by Polmer LLC (Meta Platforms); 2022-01-24(day): other=planned by Temple College Board of Trustees; 2024-12-13(day): other=filed by Texas Department of Licensing and Regulation (TDLR); 2025(year): other=approved by Texas Department of Licensing and Regulation (TDLR); 2025-01-02(day): construction_started=n_a by Polmer LLC"
Rowan Digital Infrastructure Data Center,Temple,TX,Bell,31.06445,-97.2875,Approved/Permitted/Under construction,300,,6,2023,2026-03,construction_started|fully_operational|other|project_announced|public_hearing_held|rezoning_council_decision,2023(year): fully_operational=n_a by Rowan Digital Infrastructure; 2026(year): rezoning_council_decision=approved by Temple City Council; 2026(year): other=approved by Temple City Council; 2026(year): construction_started=n_a by Rowan Digital Infrastructure; 2026-03(month): project_announced=n_a by Rowan Digital Infrastructure; 2026-03(month): public_hearing_held=n_a by City of Temple
Rowan Digital Infrastructure Data Center,Temple,TX,Bell,31.05745,-97.2979,Approved/Permitted/Under construction,300,,6,2023,2026-03,construction_started|fully_operational|other|project_announced|public_hearing_held|rezoning_council_decision,2023(year): fully_operational=n_a by Rowan Digital Infrastructure; 2026(year): rezoning_council_decision=approved by Temple City Council; 2026(year): other=approved by Temple City Council; 2026(year): construction_started=n_a by Rowan Digital Infrastructure; 2026-03(month): project_announced=n_a by Rowan Digital Infrastructure; 2026-03(month): public_hearing_held=n_a by City of Temple
Texarkana Data center,Texarkana,TX,Bowie,33.4248,-94.044,Operating,,,0,,,,
Huge Data Center development,"Texas panhandle, location unknown",TX,Carson,35.48043,-101.622,Proposed,,,2,2025-06-17,2025-06-17,land_purchased|project_announced,2025-06-17(day): project_announced=n_a by 8888CRE (Roxanne Marquis); 2025-06-17(day): land_purchased=planned by unknown
Venus Data Center,Venus,TX,Ellis,32.43176,-97.0869,Proposed,,,0,,,,
Midlothian 1 Data Center,Venus,TX,Ellis,32.4049,-97.0522,Proposed,,,0,,,,
Midlothian 2 Data Center,Venus,TX,Ellis,32.3897,-97.05,Proposed,,,0,,,,
Midlothian 3 Data Center,Venus,TX,Ellis,32.3862,-97.064,Proposed,,,0,,,,
Midlothian 4 Data Center,Venus,TX,Ellis,32.3862,-97.064,Proposed,,,0,,,,
Midlothian 5 Data Center,Venus,TX,Ellis,32.3757,-97.0817,Proposed,,,0,,,,
Midlothian 6 Data Center,Venus,TX,Johnson,32.3797,-97.0997,Proposed,,,0,,,,
Rowdy Data Center,Vernon,TX,Wilbarger,34.08236,-99.1772,Operating,60-400,,2,2024-09,2024-09,fully_operational|other,2024-09(month): fully_operational=n_a by Genesis Digital Assets; 2024-09(month): other=n_a by Genesis Digital Assets
Crusoe/ Blue Energy Data Center,Victoria,TX,Victoria,28.689142,-96.96172,Proposed,1500,Crusoe,5,2025-10-30,2031,fully_operational|land_purchased|partial_operational|power_purchase_agreement_signed|project_announced,2025-10-30(day): project_announced=n_a by Crusoe / Blue Energy; 2025-10-30(day): land_purchased=n_a by Blue Energy; 2025-10-30(day): power_purchase_agreement_signed=n_a by Crusoe / Blue Energy; 2028(year): partial_operational=planned by Blue Energy; 2031(year): fully_operational=planned by Blue Energy
DFW-10 Data Center,Whitney,TX,Bosque,31.85679,-97.3625,Proposed,190,,4,2025-07-30,2026,construction_started|fully_operational|power_purchase_agreement_signed|project_announced,2025-07-30(day): project_announced=n_a by CyrusOne / Calpine Corporation; 2025-07-30(day): power_purchase_agreement_signed=approved by CyrusOne / Calpine Corporation; 2025-07-30(day): construction_started=in_progress by CyrusOne; 2026(year): fully_operational=planned by CyrusOne
Willis Data Center (Comcast),Willis,TX,Montgomery,30.43083,-95.4817,Proposed,,,5,2024,2025-12-15,construction_started|other|project_announced,"2024(year): project_announced=n_a by Comcast of Houston, LLC; 2024(year): other=approved by Texas Department of Licensing and Regulation; 2024-08-20(day): other=filed by Comcast of Houston, LLC; 2024-11-01(day): construction_started=planned by Comcast of Houston, LLC; 2025-12-15(day): other=planned by Comcast of Houston, LLC"
BluSky AI,Delta,UT,Millard,39.50757,-112.601,Proposed,50,,3,2025-07-30,2026,construction_started|land_purchased|project_announced,2025-07-30(day): project_announced=n_a by BluSky AI; 2025-Q4(year): land_purchased=planned by BluSky AI; 2026(year): construction_started=planned by BluSky AI
"Fibernet MercuryDelta, LLC",Delta,UT,Millard,39.28873,-112.465,Proposed,4000,,6,2025-05,2025-08,conditional_use_permit_applied|project_announced|public_hearing_held|rezoning_applied|rezoning_council_decision|rezoning_planning_commission_recommendation,"2025-05(month): rezoning_applied=filed by Fibernet MercuryDelta, LLC; 2025-05(month): rezoning_planning_commission_recommendation=recommended_approval by Millard County Planning Commission; 2025-05-28(day): public_hearing_held=n_a by Millard County Planning Commission; 2025-06(month): project_announced=n_a by Fibernet MercuryDelta, LLC; 2025-06-03(day): rezoning_council_decision=approved by Millard County Commission; 2025-08(month): conditional_use_permit_applied=planned by Fibernet MercuryDelta, LLC"
"Joule Capital Partners, LLC Data Center",Delta,UT,Millard,39.19891,-112.36232,Proposed,,,4,2025-08-05,2026,conditional_use_permit_applied|construction_started|project_announced|rezoning_council_decision,2025-08-05(day): rezoning_council_decision=approved by Millard County Commission; 2025-08-06(day): conditional_use_permit_applied=planned by Joule Capital Partners; 2025-08-06(day): project_announced=n_a by Joule Capital Partners; 2026(year): construction_started=planned by Joule Capital Partners
Dugway Proving Ground Data Center,Dugway,UT,Tooele,40.218567,-112.74486,Proposed,,,1,<UNKNOWN>,<UNKNOWN>,project_announced,<UNKNOWN>(year): project_announced=planned by unknown
SLC Data Center Campus,West Jordan,UT,Salt Lake,40.58617,-111.97,Expanding,200,,4,2018,2022-06-23,fully_operational|other|project_announced,2018(year): fully_operational=n_a by Aligned Data Centers; 2021-03(month): fully_operational=n_a by Aligned Data Centers; 2022(year): other=n_a by Aligned Data Centers; 2022-06-23(day): project_announced=planned by Aligned Data Centers
24244 QUAIL RIDGE LN,Aldie,VA,Loudoun,38.94905,-77.56043,Operating,,Amazon,1,<UNKNOWN>,<UNKNOWN>,fully_operational,<UNKNOWN>(year): fully_operational=n_a by Amazon
Allegro North Campus,ALDIE,VA,Loudoun,38.95632,-77.54516,Proposed,,,1,<UNKNOWN>,<UNKNOWN>,site_plan_applied,<UNKNOWN>(year): site_plan_applied=filed by Loudoun County Department of Building and Development
ALLEGRO SOUTH CAMPUS,ALDIE,VA,Loudoun,38.949844,-77.54914,Operating,,YONDR JK 2 LLC,1,<UNKNOWN>,<UNKNOWN>,fully_operational,<UNKNOWN>(year): fully_operational=n_a by Yondr JK 2 LLC
Plaza 500,Alexandria,VA,Fairfax,38.802273,-77.142525,Proposed,,,4,2022,2024-03,project_announced|project_suspended|public_hearing_held|site_plan_applied,2022(year): project_announced=n_a by Starwood Capital Group; 2022(year): project_suspended=halted by Starwood Capital Group; 2024-03(month): site_plan_applied=filed by Starwood Capital Group; 2024-03(month): public_hearing_held=in_progress by Save Bren Mar from a Data Center
Avaio Digital Partners,Appomattox,VA,Appomattox,37.355537,-78.82243,Proposed,300,Avaio Digital,6,2024-12-10,2027,construction_started|fully_operational|land_purchased|other|project_announced,2024-12-10(day): project_announced=n_a by Avaio Digital Partners; 2024-12-10(day): land_purchased=n_a by Avaio Digital Partners; 2024-12-10(day): other=approved by Appomattox County Economic Development Authority; 2024-12-10(day): other=approved by Central Virginia Electric Cooperative / Dominion Energy; 2025(year): construction_started=planned by Avaio Digital Partners; 2027(year): fully_operational=planned by Avaio Digital Partners
19508 Freedom Trail Road,Ashburn,VA,Loudoun,39.076466,-77.49912,Proposed,,JK Land Holdings,4,2023-12,2024-02-24,land_purchased|moratorium_enacted|other|project_announced,2023-12(month): moratorium_enacted=approved by Loudoun County Board of Supervisors; 2024-02-24(day): land_purchased=n_a by JK Land Holdings; 2024-02-24(day): project_announced=in_progress by JK Land Holdings; 2024-02-24(day): other=filed by Toll Brothers Inc.
21310 BEAUMEADE CIR,Ashburn,VA,Loudoun,39.01585,-77.45341,Operating,,BEAUMEADE DC BUILDING LLC,1,2024,2024,fully_operational,2024(year): fully_operational=n_a by BEAUMEADE DC BUILDING LLC
21455 Beaumeade Circle,Ashburn,VA,Loudoun,39.011536,-77.452644,Proposed,,Equinix,3,2021,2021-01-25,construction_started|land_purchased|project_announced,2021(year): construction_started=planned by American Real Estate Partners / Harrison Street; 2021-01-25(day): land_purchased=n_a by American Real Estate Partners / Harrison Street; 2021-01-25(day): project_announced=planned by American Real Estate Partners / Harrison Street
21673 BEAUMEADE CIRCLE LLC,Ashburn,VA,Loudoun,39.019413,-77.45795,Expanding,,Cologix,4,2018,2023-06,fully_operational|land_purchased|other|project_announced,2018(year): project_announced=n_a by Cologix; 2018-07(month): land_purchased=n_a by Cologix; 2023(year): fully_operational=n_a by Cologix; 2023-06(month): other=n_a by Cologix
21745 BEAUMEADE CIR,Ashburn,VA,Loudoun,39.018513,-77.4589,Operating,,21673 BEAUMEADE CIRCLE LLC,3,2018,2023,construction_started|fully_operational|land_purchased,2018(year): land_purchased=n_a by Cologix (21673 Beaumeade Circle LLC); 2020(year): construction_started=n_a by Cologix (21673 Beaumeade Circle LLC); 2023(year): fully_operational=n_a by Cologix (21673 Beaumeade Circle LLC)
21821 UUNET DR,Ashburn,VA,Loudoun,39.010254,-77.474976,Operating,,Aligned Data Centers,1,<UNKNOWN>,<UNKNOWN>,fully_operational,<UNKNOWN>(year): fully_operational=n_a by Aligned Data Centers
Loudoun County Pkwy Data Center,Ashburn,VA,Loudoun,39.01003,-77.46274,Operating,144,CloudHQ,0,,,,
43831 DEVIN SHAFRON DR,Ashburn,VA,Loudoun,39.002693,-77.485344,Operating,,Digital Realty,1,2024,2024,fully_operational,2024(year): fully_operational=n_a by Digital Realty
44470 Chilum Place,Ashburn,VA,Loudoun,39.02221,-77.46144,Operating,,Equinix,1,2024,2024,fully_operational,2024(year): fully_operational=n_a by Equinix
44490 CHILUM PL,Ashburn,VA,Loudoun,39.02134,-77.4583,Operating,,BLUE SLING ACC 2 LLC,1,<UNKNOWN>,<UNKNOWN>,fully_operational,<UNKNOWN>(year): fully_operational=n_a by BLUE SLING ACC 2 LLC
44520 HASTINGS DR,Ashburn,VA,Loudoun,39.019936,-77.45989,Operating,,QUILL EQUITY LLC,1,<UNKNOWN>,<UNKNOWN>,fully_operational,<UNKNOWN>(year): fully_operational=n_a by QUILL EQUITY LLC
44621 WAXPOOL RD,Ashburn,VA,Loudoun,39.01214,-77.46291,Operating,,KAVEH VENTURES LLC,1,<UNKNOWN>,<UNKNOWN>,fully_operational,<UNKNOWN>(year): fully_operational=n_a by KAVEH VENTURES LLC
44790 PERFORMANCE CIR,Ashburn,VA,Loudoun,39.02357,-77.450905,Operating,,Equinix,1,2024,2024,fully_operational,2024(year): fully_operational=n_a by Equinix
ACC11 Digital Realty,Ashburn,VA,Loudoun,39.014893,-77.46363,Expanding,,Digital Realty,1,<UNKNOWN>,<UNKNOWN>,site_plan_applied,<UNKNOWN>(year): site_plan_applied=filed by Digital Realty
ACC4 Digital Realty,Ashburn,VA,Loudoun,39.017944,-77.46266,Expanding,,Digital Realty,1,2024,2024,other,2024(year): other=n_a by Digital Realty
ACC5 ACC6 Digital Realty,Ashburn,VA,Loudoun,39.020702,-77.46347,Operating,,FOX PROPERTIES LLC,1,<UNKNOWN>,<UNKNOWN>,fully_operational,<UNKNOWN>(year): fully_operational=n_a by FOX PROPERTIES LLC
ACC7 Digital Realty,Ashburn,VA,Loudoun,39.01753,-77.465675,Operating,,ALSHAIN VENTURES LLC,1,<UNKNOWN>,<UNKNOWN>,fully_operational,<UNKNOWN>(year): fully_operational=n_a by ALSHAIN VENTURES LLC
AID1 DataBank,Ashburn,VA,Loudoun,39.015617,-77.48247,Proposed,70,GI TC ASHBURN LLC,2,2024,<UNKNOWN>,fully_operational|other,2024(year): fully_operational=n_a by GI TC ASHBURN LLC / DataBank; <UNKNOWN>(year): other=filed by GI TC ASHBURN LLC
ALIGNED DATA CENTER IAD01,Ashburn,VA,Loudoun,39.013935,-77.46997,Operating,,Aligned Data Centers,1,<UNKNOWN>,<UNKNOWN>,fully_operational,<UNKNOWN>(year): fully_operational=n_a by Aligned Data Centers
ALIGNED ENERGY DATA CENTERS ASHBURN,Ashburn,VA,Loudoun,39.01321,-77.47297,Operating,,Aligned Data Centers,0,,,,
ASH1-BRODERICK DC2,Ashburn,VA,Loudoun,38.99814,-77.44936,Proposed,,,0,,,,
ASH3 DC2,Ashburn,VA,Loudoun,38.998657,-77.47419,Operating,,QTS Data Centers,1,<UNKNOWN>,<UNKNOWN>,fully_operational,<UNKNOWN>(year): fully_operational=n_a by QTS Data Centers
Ashburn Data Center,Ashburn,VA,Loudoun,39.02697,-77.44413,Proposed,,,1,<UNKNOWN>,<UNKNOWN>,site_plan_applied,<UNKNOWN>(year): site_plan_applied=filed by Unknown Developer
BCORE COPT DC-15,Ashburn,VA,Loudoun,39.026398,-77.45115,Operating,,BCORE COPT DC-15 LLC,1,2024,2024,other,2024(year): other=n_a by BCORE COPT DC-15 LLC
BEAUMEADE LC PHASE III LLC,Ashburn,VA,Loudoun,39.03638,-77.44979,Operating,,BEAUMEADE LC PHASE III LLC,1,2024,2024,other,2024(year): other=n_a by Beaumeade LC Phase III LLC
Belmont Innovation Campus,Ashburn,VA,Loudoun,39.072826,-77.50972,Proposed,,LOUDOUN GC LLC,8,2024,2024-04-10,other|public_hearing_held|rezoning_applied|rezoning_council_decision|special_use_permit_applied,2024(year): other=n_a by LOUDOUN GC LLC; 2024-01-10(day): special_use_permit_applied=filed by SDC Capital Partners; 2024-01-10(day): rezoning_applied=filed by SDC Capital Partners; 2024-01-10(day): public_hearing_held=n_a by Loudoun County Board of Supervisors; 2024-03-13(day): public_hearing_held=n_a by Loudoun County Board of Supervisors; 2024-03-13(day): rezoning_council_decision=denied by Loudoun County Board of Supervisors; 2024-03-19(day): other=in_progress by Loudoun County Board of Supervisors; 2024-04-10(day): public_hearing_held=planned by Loudoun County Board of Supervisors
BLUE SLING ACC 9,Ashburn,VA,Loudoun,39.01549,-77.46758,Operating,,BLUE SLING ACC 9 LLC,1,2024,2024,fully_operational,2024(year): fully_operational=n_a by Blue Sling ACC 9 LLC
Brambleton Business Campus Data Center,ASHBURN,VA,Loudoun,38.95391,-77.51837,Proposed,,,1,2015,2015,other,2015(year): other=n_a by Loudoun County
BRAMBLETON SHREVEPORT SOUTH DATA CENTER,Ashburn,VA,Loudoun,38.95967,-77.52909,Proposed,,,1,<UNKNOWN>,<UNKNOWN>,site_plan_applied,<UNKNOWN>(year): site_plan_applied=filed by Loudoun County
CLOUD HQ LC3,Ashburn,VA,Loudoun,39.011154,-77.45961,Operating,,LOHRASP VENTURES LLC,1,<UNKNOWN>,<UNKNOWN>,fully_operational,<UNKNOWN>(year): fully_operational=n_a by LOHRASP VENTURES LLC
CYRUSONE BROADLANDS DATA CENTER,Ashburn,VA,Loudoun,39.033375,-77.521706,Proposed,,,0,,,,
DARAB VENTURES SIX,Ashburn,VA,Loudoun,39.005962,-77.47724,Proposed,,,1,<UNKNOWN>,<UNKNOWN>,project_announced,<UNKNOWN>(year): project_announced=planned by Darab Ventures Six
DBT-DATA ASHBURN HOLDING I,Ashburn,VA,Loudoun,39.0249,-77.45765,Operating,,NTT GLOBAL DATA CENTERS AMERICAS INC,1,2024,2024,other,2024(year): other=n_a by Loudoun County Assessor
DC 8 9 10 DE,Ashburn,VA,Loudoun,39.02908,-77.45896,Operating,,DC 8 9 10 DE LLC,1,2024,2024,other,2024(year): other=n_a by Loudoun County
Digital Filigree,Ashburn,VA,Loudoun,39.013676,-77.45641,Proposed,,Digital Realty,0,,,,
DIGITAL REALTY ACC10,Ashburn,VA,Loudoun,39.013275,-77.46602,Operating,,BLUE SLING ACC 10 LLC,1,<UNKNOWN>,<UNKNOWN>,other,<UNKNOWN>(year): other=n_a by Blue Sling ACC 10 LLC
DIGITAL-GCEAR1 ASHBURN,Ashburn,VA,Loudoun,39.00286,-77.48192,Operating,,GI TC DEVIN SHAFRON LLC,1,<UNKNOWN>,<UNKNOWN>,fully_operational,<UNKNOWN>(year): fully_operational=n_a by GI TC DEVIN SHAFRON LLC
DULLES BERRY LC4,Ashburn,VA,Loudoun,39.00252,-77.47228,Operating,,,1,2024,2024,fully_operational,2024(year): fully_operational=n_a by unknown
EQUINEX DC13,Ashburn,VA,Loudoun,39.012604,-77.475334,Operating,,Equinix,1,<UNKNOWN>,<UNKNOWN>,other,<UNKNOWN>(year): other=n_a by Equinix
EQUINIX ASHBURN EAST,Ashburn,VA,Loudoun,39.01383,-77.45399,Proposed,,Equinix,0,,,,
Equinix Data Center,Ashburn,VA,Loudoun,39.02129,-77.4518,Operating,,,1,2024,2024,other,2024(year): other=n_a by Loudoun County
EQUINIX DC21,Ashburn,VA,Loudoun,39.011864,-77.45481,Operating,,Equinix,1,<UNKNOWN>,<UNKNOWN>,fully_operational,<UNKNOWN>(year): fully_operational=n_a by Equinix
Filigree Ct Campus,Ashburn,VA,Loudoun,39.015854,-77.459885,Operating,,Equinix,1,<UNKNOWN>,<UNKNOWN>,fully_operational,<UNKNOWN>(year): fully_operational=n_a by Equinix
H5 Data Center,Ashburn,VA,Loudoun,39.01393,-77.4516,Operating,42,,3,2023-03,2024,construction_started|partial_operational|project_announced,2023-03(month): construction_started=n_a by H5 Data Centers; 2023-03-21(day): project_announced=n_a by H5 Data Centers; 2024(year): partial_operational=planned by H5 Data Centers
"IAD 41, IAD 42, BLDG P",Ashburn,VA,Loudoun,39.008408,-77.45795,Operating,,DIGITAL LOUDOUN 3 LLC,1,<UNKNOWN>,<UNKNOWN>,fully_operational,<UNKNOWN>(year): fully_operational=n_a by DIGITAL LOUDOUN 3 LLC
IAD Digital Loudoun Plaza,Ashburn,VA,Loudoun,39.000828,-77.4792,Operating,,Digital Realty,1,<UNKNOWN>,<UNKNOWN>,fully_operational,<UNKNOWN>(year): fully_operational=n_a by Digital Realty
IAD Round Table Campus Digital Realty,Ashburn,VA,Loudoun,39.00663,-77.466194,Operating,,DIGITAL LOUDOUN 3 LLC,1,2024,2024,fully_operational,2024(year): fully_operational=n_a by Digital Loudoun 3 LLC
IAD114,Ashburn,VA,Loudoun,39.03563,-77.450935,Operating,,BEAUMEADE LC PHASE III LLC,1,2024,2024,fully_operational,2024(year): fully_operational=n_a by BEAUMEADE LC PHASE III LLC
IAD12,Ashburn,VA,Loudoun,39.001984,-77.48332,Operating,,Digital Realty,1,<UNKNOWN>,<UNKNOWN>,fully_operational,<UNKNOWN>(year): fully_operational=n_a by Digital Realty
IAD14,Ashburn,VA,Loudoun,39.003296,-77.48721,Operating,,Digital Realty,1,<UNKNOWN>,<UNKNOWN>,fully_operational,<UNKNOWN>(year): fully_operational=n_a by Digital Realty
IAD24,Ashburn,VA,Loudoun,39.00466,-77.48497,Operating,,DIGITAL LOUDOUN II LLC,1,<UNKNOWN>,<UNKNOWN>,fully_operational,<UNKNOWN>(year): fully_operational=n_a by DIGITAL LOUDOUN II LLC
IAD3 DataBank,Ashburn,VA,Loudoun,39.01779,-77.48172,Operating,,ZCOLO LLC,1,<UNKNOWN>,<UNKNOWN>,fully_operational,<UNKNOWN>(year): fully_operational=n_a by ZCOLO LLC
MONTEREY DC ASSETS,Ashburn,VA,Loudoun,39.021942,-77.45329,Operating,,MONTEREY DC ASSETS LLC,1,2024,2024,other,2024(year): other=n_a by Loudoun County
NTT Global Data Centers,Ashburn,VA,Loudoun,39.018154,-77.47289,Expanding,32,NTT GLOBAL DATA CENTERS VA LLC,1,2024,2024,other,2024(year): other=in_progress by NTT Global Data Centers VA LLC
PowerHouse/AREP ABX-1,Ashburn,VA,Loudoun,39.01958,-77.45049,Operating,,AREP BEAUMEADE LLC,1,2024,2024,fully_operational,2024(year): fully_operational=n_a by AREP BEAUMEADE LLC
QTS DATA CENTER ASH3-DC1,Ashburn,VA,Loudoun,38.998035,-77.47548,Operating,,QTS Data Centers,1,<UNKNOWN>,<UNKNOWN>,fully_operational,<UNKNOWN>(year): fully_operational=n_a by QTS Data Centers
RAGING WIRE VA1,Ashburn,VA,Loudoun,39.02266,-77.45487,Operating,,RAGINGWIRE DATA CENTERS INC,1,<UNKNOWN>,<UNKNOWN>,other,<UNKNOWN>(year): other=n_a by RagingWire Data Centers Inc
Red Rum Dr Campus Sabey Data Centers,Ashburn,VA,Loudoun,39.0147,-77.478455,Operating,,INTERGATE ASHBURN I LLC,1,<UNKNOWN>,<UNKNOWN>,fully_operational,<UNKNOWN>(year): fully_operational=n_a by INTERGATE ASHBURN I LLC
Sabey Data Center,Ashburn,VA,Loudoun,39.0155,-77.4783,Approved/Permitted/Under construction,85,,3,2017,2026,construction_started|fully_operational|partial_operational,2017(year): partial_operational=n_a by Sabey Data Centers; 2025-06-26(day): construction_started=n_a by Sabey Data Centers; 2026(year): fully_operational=planned by Sabey Data Centers
SDC ASHBURN I,Ashburn,VA,Loudoun,38.99621,-77.47164,Expanding,,SDC ASHBURN ALPHA I LLC,1,<UNKNOWN>,<UNKNOWN>,site_plan_applied,<UNKNOWN>(year): site_plan_applied=filed by SDC Ashburn Alpha I LLC
STACK NVA04,Ashburn,VA,Loudoun,38.999165,-77.460785,Operating,,STACK INFRASTRUCTURE,1,2025,2025,other,2025(year): other=in_progress by STACK Infrastructure
STACK NVA04,Ashburn,VA,Loudoun,39.000748,-77.460304,Operating,,STACK INFRASTRUCTURE,1,2025,2025,other,2025(year): other=in_progress by STACK Infrastructure
STACK NVA04,Ashburn,VA,Loudoun,39.002777,-77.46116,Expanding,,STACK INFRASTRUCTURE,1,2025,2025,other,2025(year): other=in_progress by STACK Infrastructure
Tech Park at Brambleton,Ashburn,VA,Loudoun,38.956566,-77.53436,Proposed,,BlackChamber Group,4,2022-02,2022-09-30,land_purchased|other|project_announced|rezoning_council_decision,2022-02(month): rezoning_council_decision=approved by Loudoun County Board of Supervisors; 2022-03(month): land_purchased=n_a by BlackChamber Group; 2022-09(month): other=filed by BlackChamber Group; 2022-09-30(day): project_announced=n_a by BlackChamber Group
TELOS DATA CENTER,Ashburn,VA,Loudoun,39.067024,-77.47857,Proposed,,,0,,,,
Vantage VA 3,Ashburn,VA,Loudoun,39.079758,-77.506546,Proposed,,VANTAGE DATA CENTERS VA3 LLC/Jeff Tench,1,<UNKNOWN>,<UNKNOWN>,other,<UNKNOWN>(year): other=in_progress by Vantage Data Centers VA3 LLC / Jeff Tench
Vantage VA 3,Ashburn,VA,Loudoun,39.077393,-77.506165,Expanding,,VANTAGE DATA CENTERS VA3 LLC/Jeff Tench,1,<UNKNOWN>,<UNKNOWN>,other,<UNKNOWN>(year): other=in_progress by Vantage Data Centers VA3 LLC / Jeff Tench
VISA USA INC,Ashburn,VA,Loudoun,39.049206,-77.445564,Operating,,VISA USA INC,1,2024,2024,fully_operational,2024(year): fully_operational=n_a by VISA USA INC
Zebra East,Ashburn,VA,Loudoun,39.00505,-77.471504,Proposed,,CloudHQ,1,<UNKNOWN>,<UNKNOWN>,site_plan_applied,<UNKNOWN>(year): site_plan_applied=filed by CloudHQ
Hanover-Ashland Data Center,Ashland,VA,Hanover,37.75563,-77.449936,Proposed,,Tradeport Ashland Land LLC,6,2024,2024-11,other|public_hearing_held|rezoning_council_decision|rezoning_planning_commission_recommendation,2024(year): rezoning_council_decision=planned by Hanover County Board of Supervisors; 2024(year): other=in_progress by Tradeport Ashland Land LLC / WestDulles Properties; 2024-10(month): rezoning_council_decision=approved by Ashland Town Council; 2024-10(month): rezoning_planning_commission_recommendation=in_progress by Hanover County Planning Commission; 2024-10(month): public_hearing_held=n_a by Hanover County Planning Commission; 2024-11(month): rezoning_planning_commission_recommendation=planned by Hanover County Planning Commission
Ironhorse East Ashland,Ashland,VA,Hanover,37.759018,-77.4508,Proposed,,"Harris and Douglass Properties, LLC",1,<UNKNOWN>,<UNKNOWN>,project_announced,"<UNKNOWN>(year): project_announced=planned by Harris and Douglass Properties, LLC"
Pixel Factory,Ashland,VA,Hanover,37.69901,-77.43627,Operating,,PIXEL FACTORY DEVELOPMENT LLC,0,,,,
Tract Technology Campus,Ashland,VA,Hanover,37.786198,-77.4404,Proposed,2400,VALCO HANOVER COUNTY,1,<UNKNOWN>,<UNKNOWN>,project_announced,<UNKNOWN>(year): project_announced=planned by VALCO Hanover County
Brush Mountain Blacksburg,Blacksburg,VA,Montgomery,37.203728,-80.4118,Operating,,BRUSH MOUNTAIN DATA CENTER LLC,0,,,,
Microsoft Azure,Boydton,VA,Mecklenburg,36.69652,-78.36116,Expanding,,Microsoft,5,2010-11-01,2014,construction_started|land_purchased|partial_operational,2010-11-01(day): land_purchased=approved by IDA of Mecklenburg County VA; 2011(year): construction_started=n_a by Microsoft Corporation; 2011(year): partial_operational=n_a by Microsoft Corporation; 2013(year): construction_started=n_a by Microsoft Corporation; 2014(year): construction_started=n_a by Microsoft Corporation
Microsoft Data Center,Boydton,VA,Mecklenburg,36.67847,-78.3752,Operating,,Microsoft,0,,,,
Microsoft Ridge Road Campus,Boydton,VA,Mecklenburg,36.69182,-78.3648,Proposed,,Microsoft,0,,,,
Bristow Campus,Bristow,VA,Prince William,38.73797,-77.54125,Proposed,,,0,,,,
Delvin Technology Park,Bristow,VA,Prince William,38.767223,-77.57575,Proposed,,"STANLEY MARTIN HOMES, LLC",2,2021-01-15,2025-11-05,land_purchased,2021-01-15(day): land_purchased=n_a by Stanley Martin Co LLC; 2025-11-05(day): land_purchased=n_a by Amazon Data Services Inc
Gainsville Tech Park,Bristow,VA,Prince William,38.780186,-77.568985,Proposed,,Microsoft,1,2021-06-25,2021-06-25,land_purchased,2021-06-25(day): land_purchased=n_a by Microsoft Corporation
Hunter Property,Bristow,VA,Prince William,38.773407,-77.59043,Proposed,,LHR GAINESVILLE LLC,1,2021-10-12,2021-10-12,land_purchased,2021-10-12(day): land_purchased=n_a by LHR GAINESVILLE LLC
MICROSOFT CORPORATION,Bristow,VA,Prince William,38.784103,-77.567726,Proposed,,Microsoft,1,2021-06-25,2021-06-25,land_purchased,2021-06-25(day): land_purchased=n_a by Microsoft Corporation
"NOVA MANGO FARMS LLC
 C/O CORPORATION SERVICE COMPANY",Bristow,VA,Prince William,38.77619,-77.583405,Operating,,"NOVA MANGO FARMS LLC
 C/O CORPORATION SERVICE COMPANY",1,2025,2025,other,2025(year): other=n_a by Prince William County
PROJECT INDUSTRY,Bristow,VA,Prince William,38.781742,-77.579185,Proposed,,,1,2023-09-18,2023-09-18,land_purchased,2023-09-18(day): land_purchased=n_a by Industrial Park Court LLC
SES AMERICOM INC,Bristow,VA,Prince William,38.78381,-77.57232,Operating,,SES AMERICOM INC,1,2023-12-31,2023-12-31,land_purchased,2023-12-31(day): land_purchased=n_a by SES AMERICOM INC
Sharpless Enterprises LLC,Bristow,VA,Prince William,38.786884,-77.57505,Proposed,,Sharpless Enterprises LLC,3,2017-08-31,2023-11-10,USACE_404_applied|land_purchased|project_announced,2017-08-31(day): land_purchased=n_a by Sharpless Enterprises LLC; 2023-11-10(day): project_announced=n_a by Sharpless Enterprises LLC; 2023-11-10(day): USACE_404_applied=filed by Sharpless Enterprises LLC
SI NVA17 LLC,Bristow,VA,Prince William,38.734524,-77.54742,Proposed,,STACK INFRASTRUCTURE,1,<UNKNOWN>,<UNKNOWN>,project_announced,<UNKNOWN>(year): project_announced=planned by Stack Infrastructure
MANUCHEHR VENTURES LLC,Buckhall,VA,Prince William,38.715088,-77.49477,Operating,,MANUCHEHR VENTURES LLC,1,2020-10-02,2020-10-02,land_purchased,2020-10-02(day): land_purchased=n_a by Manuchehr Ventures LLC
Bull Church Data Center,,VA,Caroline,38.009125,-77.49331,Proposed,,,0,,,,
Compton Property SUP,Bull run,VA,Prince William,38.775803,-77.51027,Proposed,,Amazon,2,2023-01-27,<UNKNOWN>,land_purchased|special_use_permit_applied,2023-01-27(day): land_purchased=n_a by Amazon Data Services Inc; <UNKNOWN>(year): special_use_permit_applied=filed by Amazon Data Services Inc
Catlett Data Center Park,Catlett,VA,Fauquier,38.661777,-77.63222,Proposed,,Catlett Station II LLC,1,<UNKNOWN>,<UNKNOWN>,other,<UNKNOWN>(year): other=filed by Catlett Station II LLC
Headwaters Site Development LLC,Catlett,VA,Fauquier,38.66282,-77.6317,Suspended,,,5,2024,2024-08-08,other|project_withdrawn|public_hearing_held|rezoning_applied,2024(year): rezoning_applied=filed by Headwaters Site Development LLC; 2024-07-03(day): other=in_progress by Headwaters Site Development LLC; 2024-07-15(day): project_withdrawn=withdrawn by Headwaters Site Development LLC; 2024-07-18(day): public_hearing_held=planned by Fauquier County Planning Commission; 2024-08-08(day): public_hearing_held=planned by Fauquier County Board of Supervisors
Warrenton Amazon Data Center,Catlett,VA,Fauquier,38.729473,-77.78753,Approved/Permitted/Under construction,,Amazon,4,2022-04,2023-02-15,public_hearing_held|special_use_permit_applied|special_use_permit_decision,2022-04(month): special_use_permit_applied=filed by Amazon Data Services; 2023-01-10(day): public_hearing_held=n_a by Warrenton Town Council; 2023-02-14(day): public_hearing_held=n_a by Warrenton Town Council; 2023-02-15(day): special_use_permit_decision=approved by Warrenton Town Council
Amazon Web Services Mallory,Chantilly,VA,Fairfax,38.904926,-77.45381,Expanding,,Amazon,4,2021,2025,other|project_announced|site_plan_applied,2021(year): site_plan_applied=filed by Fairfax County Department of Planning and Development; 2023-04-16(day): other=n_a by Fairfax County; 2023-11-03(day): other=n_a by Fairfax County; 2025(year): project_announced=planned by Amazon Web Services
LEE ROAD PROPERTY,Chantilly,VA,Fairfax,38.890537,-77.453674,Operating,,LEE ROAD PROPERTY LLC,1,2007,2007,fully_operational,2007(year): fully_operational=n_a by LEE ROAD PROPERTY LLC
"PARKSTONE TECH PARK, LLC",Chantilly,VA,Fairfax,38.87255,-77.46563,Proposed,,"PARKSTONE TECH PARK, LLC",6,2021-02,2022-02-22,public_hearing_held|rezoning_applied|rezoning_council_decision|rezoning_planning_commission_recommendation,"2021-02(month): rezoning_applied=filed by Parkstone Tech Park, LLC; 2021-09-29(day): public_hearing_held=n_a by Fairfax County Planning Commission; 2021-10-27(day): public_hearing_held=n_a by Fairfax County Planning Commission; 2021-12-08(day): public_hearing_held=n_a by Fairfax County Planning Commission; 2022-01-19(day): rezoning_planning_commission_recommendation=recommended_approval by Fairfax County Planning Commission; 2022-02-22(day): rezoning_council_decision=approved by Fairfax County Board of Supervisors"
PDCREF 2 Chantilly,Chantilly,VA,Fairfax,38.903057,-77.46525,Proposed,,PDCREF 2 CHANTILLY LLC,5,2022,2024-01-23,public_hearing_held|rezoning_applied|rezoning_council_decision|rezoning_planning_commission_recommendation,2022(year): rezoning_applied=filed by PDCREF 2 CHANTILLY LLC; 2023-06-28(day): public_hearing_held=n_a by Fairfax County Planning Commission; 2023-09-20(day): rezoning_planning_commission_recommendation=recommended_approval by Fairfax County Planning Commission; 2023-10-24(day): public_hearing_held=n_a by Fairfax County Board of Supervisors; 2024-01-23(day): rezoning_council_decision=approved by Fairfax County Board of Supervisors
Penzance Development Data Center,Chantilly,VA,Fairfax,38.90522,-77.4554,Approved/Permitted/Under construction,,,8,2022-08,2027,construction_started|fully_operational|land_purchased|other|power_purchase_agreement_signed|project_announced|rezoning_council_decision|rezoning_planning_commission_recommendation,2022-08(month): land_purchased=n_a by Penzance; 2022-10(month): project_announced=n_a by Penzance; 2023-09(month): rezoning_planning_commission_recommendation=recommended_approval by Fairfax County Planning Commission; 2024-01(month): rezoning_council_decision=approved by Fairfax County Board of Supervisors; 2025-02(month): power_purchase_agreement_signed=n_a by Penzance; 2025-10(month): other=approved by QuadReal Property Group; 2025-10(month): construction_started=n_a by Penzance; 2027(year): fully_operational=planned by Penzance
TFG INDEPENDENCE CENTER I PROPERTY,Chantilly,VA,Fairfax,38.880272,-77.462234,Operating,,TFG INDEPENDENCE CENTER I PROPERTY LLC,0,,,,
AWS IAD61-IAD63 South Riding,Chantily,VA,Loudoun,38.916767,-77.4938,Operating,,Amazon,1,<UNKNOWN>,<UNKNOWN>,other,<UNKNOWN>(year): other=n_a by Amazon
AWS Westfax A,Chantily,VA,Fairfax,38.897987,-77.454025,Operating,,Amazon,0,,,,
AWS Westfax B,Chantily,VA,Fairfax,38.899593,-77.45344,Operating,,Amazon,1,2025,2025,fully_operational,2025(year): fully_operational=n_a by Amazon
CHANTILLY TECHNOLOGY PARTNERS,Chantily,VA,Fairfax,38.91007,-77.472694,Operating,,CHANTILLY TECHNOLOGY PARTNERS LLC,0,,,,
Diode Ventures Data Center,Charles City,VA,Charles City,37.46036,-77.1559,Cancelled,,,6,2024,2025-08-22,other|project_withdrawn|public_hearing_held|rezoning_applied|rezoning_planning_commission_recommendation,2024(year): rezoning_applied=filed by Diode Ventures; 2025(year): rezoning_applied=filed by Diode Ventures; 2025-05(month): rezoning_planning_commission_recommendation=recommended_approval by Charles City County Planning Commission; 2025-06(month): public_hearing_held=in_progress by Charles City County Board of Supervisors; 2025-08-13(day): other=filed by Diode Ventures; 2025-08-22(day): project_withdrawn=withdrawn by Diode Ventures
LYH03 Bailey – Microsoft,Chase City,VA,Mecklenburg,36.780624,-78.467834,Proposed,,Microsoft,2,2022,2022,USACE_404_applied|land_purchased,"2022(year): USACE_404_applied=filed by US Army Corps of Engineers, Norfolk District; 2022(year): land_purchased=approved by Microsoft Corporation"
Pittsylvania County Data Center,Chatham,VA,Pittsylvania,36.84796,-79.370255,Cancelled,3500,Balico LLC,3,2025,2025,project_announced|project_withdrawn|rezoning_applied,2025(year): project_announced=n_a by Balico LLC; 2025(year): rezoning_applied=filed by Balico LLC; 2025(year): project_withdrawn=withdrawn by Balico LLC
CoreWeave,Chester,VA,Chesterfield,37.36344,-77.3273,Proposed,,,7,2024,2025-05-29,construction_started|other|partial_operational|power_purchase_agreement_signed,2024(year): construction_started=n_a by Blue Owl Capital / Chirisa Technology Parks / PowerHouse Data Centers; 2024(year): other=n_a by Societe Generale SA; 2024-08(month): other=n_a by Blue Owl Capital / Chirisa Technology Parks / PowerHouse Data Centers; 2025(year): power_purchase_agreement_signed=n_a by CoreWeave / Chirisa Technology Parks; 2025(year): partial_operational=n_a by Chirisa Technology Parks; 2025(year): other=planned by Blue Owl Capital / Chirisa Technology Parks / PowerHouse Data Centers; 2025-05-29(day): other=n_a by Blue Owl Capital / Chirisa Technology Parks / PowerHouse Data Centers
Digital Fortress: Richmond,Chester,VA,Chesterfield,37.36048,-77.32741,Operating,25,CHIRISA RICHMOND LLC,1,<UNKNOWN>,<UNKNOWN>,fully_operational,<UNKNOWN>(year): fully_operational=n_a by CHIRISA RICHMOND LLC
Project Peanut,Chester,VA,Chesterfield,37.34457,-77.30399,Proposed,,,3,2020,2025-08-28,land_purchased|other|project_announced,2020(year): land_purchased=n_a by Google (via Peanut LLC); 2025-08-28(day): project_announced=n_a by Google; 2025-08-28(day): other=n_a by Google / Governor Glenn Youngkin
Chesterfield Google Data Center,Chester,VA,Chesterfield,37.34593,-77.3102,Proposed,200,Google,6,2020,2025-11-09,construction_started|land_purchased|power_purchase_agreement_signed|project_announced|site_plan_applied,2020(year): land_purchased=n_a by Peanut LLC (Google); 2025-06(month): site_plan_applied=filed by Peanut LLC (Google); 2025-08(month): power_purchase_agreement_signed=n_a by Google / Commonwealth Fusion Systems; 2025-08-27(day): project_announced=n_a by Google; 2025-08-27(day): construction_started=in_progress by Google; 2025-11-09(day): site_plan_applied=filed by Google
Tract Data Center,Chester,VA,Chesterfield,37.29442,-77.453,Suspended,,,4,2025,2025-07-02,project_withdrawn|public_hearing_held|rezoning_applied|rezoning_planning_commission_recommendation,2025(year): rezoning_applied=filed by Tract; 2025-06-17(day): rezoning_planning_commission_recommendation=recommended_denial by Chesterfield County Planning Commission; 2025-06-17(day): public_hearing_held=n_a by Chesterfield County Planning Commission; 2025-07-02(day): project_withdrawn=withdrawn by Tract
Virginia Information Technologies Agency,Chester,VA,Chesterfield,37.360416,-77.33178,Operating,,SLK GLOBAL SOLUTIONS AMERICA,0,,,,
Clarksville Data Center Campus,Clarksville,VA,Mecklenburg,36.63564,-78.5181,Proposed,,Microsoft,3,2022-10,2022-11-24,USACE_404_applied|project_announced|public_hearing_held,"2022-10(month): USACE_404_applied=filed by US Army Corps of Engineers, Norfolk District; 2022-10-26(day): project_announced=n_a by Microsoft; 2022-11-24(day): public_hearing_held=in_progress by US Army Corps of Engineers, Norfolk District"
Cielo Digital Infrastructure,Culpeper,VA,Culpeper,38.466785,-77.96353,Proposed,,Cielo Digital Infrastructure,1,2023,2023,rezoning_applied,2023(year): rezoning_applied=filed by Cielo Digital Infrastructure LLC
CloudHQ,Culpeper,VA,Culpeper,38.46164,-77.977615,Proposed,,CloudHQ,1,<UNKNOWN>,<UNKNOWN>,project_announced,<UNKNOWN>(year): project_announced=planned by CloudHQ
Copper Ridge,Culpeper,VA,Culpeper,38.465294,-77.98739,Proposed,,,4,2022,2022-04-07,public_hearing_held|rezoning_applied|rezoning_council_decision|rezoning_planning_commission_recommendation,2022(year): rezoning_applied=filed by Amazon Web Services / Marvell Developments; 2022-03(month): rezoning_planning_commission_recommendation=recommended_denial by Culpeper County Planning Commission; 2022-04-07(day): rezoning_council_decision=approved by Culpeper County Board of Supervisors; 2022-04-07(day): public_hearing_held=n_a by Culpeper County Board of Supervisors
Culpeper Technology Campus,Culpeper,VA,Culpeper,38.46024,-77.98773,Proposed,,,3,2023-05,2023-07-10,project_announced|rezoning_council_decision,2023-05(month): rezoning_council_decision=approved by Culpeper County Board of Supervisors; 2023-07(month): rezoning_council_decision=approved by Culpeper County Board of Supervisors; 2023-07-10(day): project_announced=n_a by Peterson Companies
DataBank,Culpeper,VA,Culpeper,38.44996,-77.97819,Proposed,,,1,2019,2019,rezoning_applied,2019(year): rezoning_applied=filed by Red Ace Capital Management LLC
Culpeper Data Center ,Culpeper,VA,Culpeper,38.47151,-77.9693,Proposed,215-432,,0,,,,
Equinix Data Center,Culpeper,VA,Culpeper,38.45487,-77.9783,Operating,,Equinix,0,,,,
Keyser Farm,Culpeper,VA,Culpeper,38.46971,-77.973755,Proposed,,,1,<UNKNOWN>,<UNKNOWN>,conditional_use_permit_applied,<UNKNOWN>(year): conditional_use_permit_applied=filed by Culpeper County
SWIFT,Culpeper,VA,Culpeper,38.45554,-77.98348,Operating,,,0,,,,
XX Tech Park,Culpeper,VA,Culpeper,38.49927,-77.8971,Proposed,,,1,<UNKNOWN>,<UNKNOWN>,conditional_use_permit_applied,<UNKNOWN>(year): conditional_use_permit_applied=filed by XX Tech Park
Greenfield,DALEVILLE,VA,Botetourt,37.441696,-79.9127,Proposed,,,3,2025-06-25,2025-06-25,land_purchased|other|project_announced,2025-06-25(day): project_announced=n_a by Google / Botetourt County Board of Supervisors; 2025-06-25(day): land_purchased=n_a by Google; 2025-06-25(day): other=approved by Botetourt County Board of Supervisors / Economic Development Authority
Duffield Premier Data Center Site,Duffield,VA,Scott,36.712566,-82.802505,Operating,,ONEPARTNER LLC,1,2008-01,2008-01,fully_operational,2008-01(month): fully_operational=n_a by OnePartner LLC
Scott County Regional Business & Technology Park,Duffield,VA,Scott,36.715855,-82.80459,Proposed,,SCOTT COUNTY INDUSTRIAL DEV.,2,2025,2025,other|project_announced,2025(year): project_announced=n_a by Scott County Industrial Development Authority; 2025(year): other=approved by Tennessee Valley Authority (TVA)
DIGITAL LOUDOUN IV,Dulles,VA,Loudoun,39.005142,-77.451195,Operating,,DIGITAL LOUDOUN IV LLC,1,2024,2024,fully_operational,2024(year): fully_operational=n_a by DIGITAL LOUDOUN IV LLC
Fadeley Campus,Dulles,VA,Loudoun,38.948956,-77.52148,Operating,,Amazon,1,<UNKNOWN>,<UNKNOWN>,fully_operational,<UNKNOWN>(year): fully_operational=n_a by Amazon
Farah-Naples Data Center,Dulles,VA,Loudoun,38.95731,-77.51306,Proposed,,,1,<UNKNOWN>,<UNKNOWN>,site_plan_applied,<UNKNOWN>(year): site_plan_applied=filed by Loudoun County
IAD44,Dulles,VA,Loudoun,38.96118,-77.490524,Operating,,Digital Realty,1,<UNKNOWN>,<UNKNOWN>,fully_operational,<UNKNOWN>(year): fully_operational=n_a by Digital Realty
Northwoods Property,Dulles,VA,Loudoun,38.980717,-77.49382,Expanding,,Amazon,1,2025,2025,other,2025(year): other=in_progress by Amazon
SENTINEL ASHBURN II,Dulles,VA,Loudoun,39.000603,-77.43986,Operating,,GI TC LOUDOUN LLC,1,<UNKNOWN>,<UNKNOWN>,fully_operational,<UNKNOWN>(year): fully_operational=n_a by GI TC Loudoun LLC
WATERSIDE AWS,Dulles,VA,Loudoun,38.98125,-77.41793,Operating,,WATERSIDE I LLC,1,2024,2024,other,2024(year): other=n_a by Loudoun County Assessor
WHEELER SURVEY COMPANY,Dulles,VA,Loudoun,38.942364,-77.52864,Expanding,,WHEELER SURVEY COMPANY LLC,1,<UNKNOWN>,<UNKNOWN>,other,<UNKNOWN>(year): other=planned by Wheeler Survey Company LLC
Mid-Atlantic Advanced Manufacturing Center,Emporia,VA,Greensville,36.736736,-77.514694,Proposed,,Arup Americas Inc,1,2024-12,2024-12,project_announced,2024-12(month): project_announced=planned by Arup Americas Inc
BIT HOLDINGS FIFTY-FOUR,Fairfax,VA,Fairfax,38.860844,-77.39341,Operating,,BIT HOLDINGS FIFTY-FOUR INC,0,,,,
COPT STONECROFT,Fairfax,VA,Fairfax,38.876263,-77.46178,Operating,,COPT STONECROFT LLC,0,,,,
Data center,Falls Church,VA,Prince William,38.846428,-77.36562,Proposed,,"Black Chamber Partners, LLC",2,2025-10,2025-10,land_purchased|project_announced,"2025-10(month): land_purchased=approved by Black Chamber Partners, LLC; 2025-10(month): project_announced=n_a by Black Chamber Partners, LLC"
Northrop Grumman Systems Corporation,Falls Church,VA,Fairfax,38.92188,-77.20684,Operating,,NORTHROP GRUMMAN SYSTEMS CORP,0,,,,
Northrop Grummon Systems Corporation,Falls Church,VA,Fairfax,38.867813,-77.21562,Operating,,NORTHROP GRUMMAN SYSTEMS CORP,0,,,,
Heartland Innovative Technology (HIT) Park,Farmville,VA,Prince Edward,37.288517,-78.35012,Proposed,,Prince Edward County Industrial Development Authority,1,<UNKNOWN>,<UNKNOWN>,project_announced,<UNKNOWN>(year): project_announced=n_a by Prince Edward County Industrial Development Authority
Amazon Data Services,Fredericksburg,VA,Spotsylvania,38.19853,-77.475,Proposed,,Amazon,5,2023-06,2023-06-01,project_announced|rezoning_applied,"2023-06(month): rezoning_applied=filed by Amazon Data Services, Inc.; 2023-06(month): rezoning_applied=filed by Amazon Data Services, Inc.; 2023-06(month): rezoning_applied=filed by Amazon Data Services, Inc.; 2023-06(month): rezoning_applied=filed by Amazon Data Services, Inc.; 2023-06-01(day): project_announced=n_a by Amazon Data Services, Inc."
Amazon Data Services: Carter's Store Tech Campus,Fredericksburg,VA,Spotsylvania,38.191605,-77.47005,Proposed,,Amazon,2,2023-06-01,2023-06-01,project_announced|rezoning_applied,"2023-06-01(day): project_announced=n_a by Amazon Data Services, Inc.; 2023-06-01(day): rezoning_applied=filed by Amazon Data Services, Inc."
Amazon Data Services: Cosner Tech Campus,Fredericksburg,VA,Spotsylvania,38.198624,-77.47505,Proposed,,Amazon,2,2023-06-01,2023-06-01,project_announced|rezoning_applied,"2023-06-01(day): project_announced=filed by Amazon Data Services, Inc.; 2023-06-01(day): rezoning_applied=filed by Amazon Data Services, Inc."
Blaisdell Property Data Center,Fredericksburg,VA,Spotsylvania,38.33172,-77.48733,Proposed,,,5,2024-12,2025-02-17,conditional_use_permit_applied|other|project_announced|public_hearing_held|rezoning_applied,2024-12(month): rezoning_applied=filed by TC Blaisdell of Delaware / Trammell Crow; 2024-12(month): conditional_use_permit_applied=filed by TC Blaisdell of Delaware / Trammell Crow; 2024-12(month): other=filed by TC Blaisdell of Delaware / Trammell Crow; 2025-02(month): public_hearing_held=n_a by Stafford County; 2025-02-17(day): project_announced=n_a by TC Blaisdell of Delaware / Trammell Crow
Carter's Store Tech Campus,Fredericksburg,VA,Spotsylvania,38.18951,-77.45481,Proposed,,Amazon,2,2023-06-02,2023-06-02,project_announced|rezoning_applied,2023-06-02(day): project_announced=n_a by Amazon Web Services; 2023-06-02(day): rezoning_applied=filed by Amazon Web Services
Cosner Tech Campus,Fredericksburg,VA,Spotsylvania,38.209717,-77.48423,Proposed,,Amazon,2,2023-06-01,2023-06-01,project_announced|rezoning_applied,"2023-06-01(day): project_announced=n_a by Amazon Data Services, Inc.; 2023-06-01(day): rezoning_applied=filed by Amazon Data Services, Inc."
Cranes Corner Data Center,Fredericksburg,VA,Spotsylvania,38.371296,-77.45144,Proposed,,,3,2024-05-22,2025-01-22,land_purchased|project_announced|rezoning_applied,2024-05-22(day): land_purchased=n_a by GAM 403 Mountain LLC; 2025-01-22(day): project_announced=n_a by GAM 403 Mountain LLC (Jacob Manevich); 2025-01-22(day): rezoning_applied=filed by GAM 403 Mountain LLC (Jacob Manevich)
Enon Road Technologies,Fredericksburg,VA,Spotsylvania,38.36789,-77.47358,Proposed,,,4,2024-05-17,2025-01,land_purchased|other|project_announced|rezoning_applied,2024-05-17(day): land_purchased=n_a by GAM Stafford LLC; 2024-10-30(day): other=n_a by Enon RD LLC; 2025-01(month): project_announced=filed by GAM Stafford LLC (Jacob Manevich); 2025-01(month): rezoning_applied=filed by GAM Stafford LLC (Jacob Manevich)
Forest Lane Data Center,Fredericksburg,VA,Spotsylvania,38.26742,-77.3867,Proposed,,,4,2025,2025-07-29,other|project_announced|rezoning_applied,2025(year): other=n_a by Stafford County; 2025-07-29(day): project_announced=filed by Real Estate Pursuits 2 LC; 2025-07-29(day): rezoning_applied=filed by Real Estate Pursuits 2 LC; 2025-07-29(day): rezoning_applied=filed by Real Estate Pursuits 2 LC
George Washington Village Data Center,Fredericksburg,VA,Spotsylvania,38.40892,-77.44693,Proposed,,,4,2015-01-20,2024-12,conditional_use_permit_applied|other|public_hearing_held,2015-01-20(day): other=n_a by Augustine South Associates LLC; 2024(year): other=n_a by FracTracker; 2024-10(month): conditional_use_permit_applied=filed by Stafford County Planning and Zoning; 2024-12(month): public_hearing_held=planned by Stafford County Planning and Zoning
Hunter's Ridge South,Fredericksburg,VA,Spotsylvania,38.12168,-77.504196,Proposed,,"AREP SOF III HRS LLC C/O AMERICAN REAL ESTATE PARTNERS, LLC",1,<UNKNOWN>,<UNKNOWN>,project_announced,"<UNKNOWN>(year): project_announced=planned by AREP SOF III HRS LLC C/O AMERICAN REAL ESTATE PARTNERS, LLC"
Hunters Ridge LLC Data Center,Fredericksburg,VA,Spotsylvania,38.22135,-77.47741,Proposed,,,2,2023-06,2023-06-01,project_announced|rezoning_applied,2023-06(month): rezoning_applied=filed by Hunters Ridge LLC; 2023-06-01(day): project_announced=n_a by Hunters Ridge LLC
Hunters Ridge South Data Center (Amazon Data Services),Fredericksburg,VA,Spotsylvania,38.21137,-77.4848,Approved/Permitted/Under construction,,Amazon,4,2023-06,2025-09-23,other|public_hearing_held|rezoning_applied|rezoning_council_decision,2023-06(month): rezoning_applied=filed by Hunters Ridge LLC / Amazon Data Services; 2025-08-26(day): rezoning_council_decision=approved by Spotsylvania County Board of Supervisors; 2025-08-26(day): public_hearing_held=n_a by Spotsylvania County Board of Supervisors; 2025-09-23(day): other=planned by Spotsylvania County Board of Supervisors / Planning Commission
NEON AT CELEBRATE VIRGINIA SOUTH,Fredericksburg,VA,Spotsylvania,38.318707,-77.51735,Proposed,,STACK INFRASTRUCTURE,3,2025-03-01,2025-03-01,other|project_announced|rezoning_council_decision,2025-03-01(day): project_announced=n_a by Stack Infrastructure / Silver Companies; 2025-03-01(month): rezoning_council_decision=approved by Fredericksburg City Council; 2025-03-01(day): other=in_progress by Stack Infrastructure
Oasis Data Center,Fredericksburg,VA,Spotsylvania,38.30967,-77.1084,Approved/Permitted/Under construction,1200,,5,2024-04-17,2025-08-25,project_announced|public_hearing_held|rezoning_applied|rezoning_council_decision,2024-04-17(day): public_hearing_held=n_a by Dahlgren West / Oasis Digital Properties; 2024-10-30(day): public_hearing_held=n_a by Dahlgren West / Oasis Digital Properties; 2025(year): rezoning_applied=filed by Oasis Digital Properties; 2025-08-25(day): rezoning_council_decision=approved by King George County Board of Supervisors; 2025-08-25(day): project_announced=n_a by Oasis Digital Properties
Penzance Development Data Center,Fredericksburg,VA,Spotsylvania,38.29463,-77.5023,Suspended,,,2,2025-07,2025-07-29,project_announced|rezoning_planning_commission_recommendation,2025-07(month): rezoning_planning_commission_recommendation=recommended_denial by Fredericksburg Planning Commission; 2025-07-29(day): project_announced=n_a by Penzance Development
PowerHouse95,Fredericksburg,VA,Spotsylvania,38.222046,-77.4771,Expanding,150,,6,2024-01,2026-02-05,USACE_404_applied|construction_started|land_purchased|other|partial_operational|project_announced,2024-01(month): land_purchased=n_a by PowerHouse Data Centers; 2024-01-24(day): project_announced=n_a by PowerHouse Data Centers; 2024-07(month): construction_started=n_a by PowerHouse Data Centers; 2025(year): partial_operational=planned by PowerHouse Data Centers; 2026-02(month): USACE_404_applied=filed by PowerHouse Data Centers; 2026-02-05(day): other=filed by PowerHouse Data Centers
Sisson North,Fredericksburg,VA,Spotsylvania,38.25873,-77.38705,Proposed,,,1,2024-05-10,2024-05-10,other,2024-05-10(day): other=n_a by Greenlaw Robert H & Virginia P
Stack Infrastructure Data Center,Fredericksburg,VA,Spotsylvania,38.31828,-77.5166,Proposed,,,1,2025,2025,project_announced,2025(year): project_announced=filed by Stack Infrastructure
Summit Crossing (Amazon),Fredericksburg,VA,Spotsylvania,38.19338,-77.43845,Approved/Permitted/Under construction,,Amazon,4,2023-06,2024-07,construction_started|project_announced|rezoning_applied|rezoning_council_decision,"2023-06(month): rezoning_applied=filed by Amazon Data Services, Inc.; 2023-06-01(day): project_announced=n_a by Amazon Data Services, Inc.; 2023-10(month): rezoning_council_decision=approved by Spotsylvania County Board of Supervisors; 2024-07(month): construction_started=planned by Amazon Data Services, Inc."
Summit Crossing Tech Campus,Fredericksburg,VA,Spotsylvania,38.188473,-77.44053,Proposed,,,2,2023-06-01,2023-06-01,project_announced|rezoning_applied,"2023-06-01(day): project_announced=n_a by Amazon Data Services, Inc.; 2023-06-01(day): rezoning_applied=filed by Amazon Data Services, Inc."
Summit Technology Park,Fredericksburg,VA,Spotsylvania,38.19514,-77.43207,Proposed,,,0,,,,
Vantage Data Center,Fredericksburg,VA,Spotsylvania,38.39153,-77.46516,Operating,,,1,<UNKNOWN>,<UNKNOWN>,other,<UNKNOWN>(year): other=n_a by Vantage Data Centers
COPT DC 19 LLC,Gainesville,VA,Prince William,38.779423,-77.54248,Operating,,COPT DC 19 LLC,1,2016-06-09,2016-06-09,land_purchased,2016-06-09(day): land_purchased=n_a by COPT DC 19 LLC
Gainesville Crossing Data Campus,Gainesville,VA,Prince William,38.801327,-77.5803,Expanding,306,CORSCALE,5,2022-12-21,2025,construction_started|land_purchased|other|project_announced,2022-12-21(day): land_purchased=n_a by GCDC PURCHASER LLC; 2023-10-11(day): land_purchased=n_a by GCDC PURCHASER PHASE 2 LLC; 2025(year): project_announced=n_a by Corscale; 2025(year): construction_started=n_a by Corscale; 2025(year): other=planned by Corscale
Gainsville East,Gainesville,VA,Prince William,38.790676,-77.587975,Proposed,,Amazon,4,2021-04,2022-12-05,land_purchased|project_announced|special_use_permit_applied,2021-04(month): land_purchased=n_a by Amazon Data Services Inc; 2022-06(month): land_purchased=n_a by Amazon Data Services Inc; 2022-12(month): special_use_permit_applied=filed by Amazon Web Services; 2022-12-05(day): project_announced=n_a by Amazon Web Services
Gardner Property,Gainesville,VA,Prince William,38.7958,-77.62219,Proposed,,,1,2025-01-08,2025-01-08,land_purchased,2025-01-08(day): land_purchased=n_a by GAINESVILLE 13 LLC
GCDC PURCHASER PHASE 1 LLC,Gainesville,VA,Prince William,38.802406,-77.58256,Expanding,,GCDC PURCHASER PHASE 1 LLC,4,2020-07-15,2025-08-27,construction_started|land_purchased|other,2020-07-15(day): land_purchased=n_a by GCDC PURCHASER LLC; 2023(year): construction_started=n_a by GCDC PURCHASER PHASE 1 LLC; 2023-05-05(day): other=n_a by GCDC PURCHASER PHASE 1 LLC; 2025-08-27(day): other=n_a by GCDC PURCHASER PHASE 1 LLC
I-66 and Route 29 Technology Park,Gainesville,VA,Prince William,38.8008,-77.61256,Proposed,,NTT Global Data Centers,5,2021-07,2022-06-14,land_purchased|project_announced|public_hearing_held|rezoning_council_decision|special_use_permit_decision,2021-07(month): project_announced=n_a by Lerner (developer) / Southview 66 LLC / Gainesville JM LC; 2021-12(month): rezoning_council_decision=approved by Prince William County Board of Supervisors; 2021-12(month): special_use_permit_decision=approved by Prince William County Board of Supervisors; 2021-12(month): public_hearing_held=n_a by Prince William County Board of Supervisors; 2022-06-14(day): land_purchased=n_a by NTT Global Data Centers VA 10 LLC
John Marshall CommonsTech Park,Gainesville,VA,Prince William,38.803947,-77.61687,Proposed,,CTP-1 LLC,3,2021-12-15,<UNKNOWN>,land_purchased|site_plan_applied,2021-12-15(day): land_purchased=n_a by CTP-II LLC; 2025-07-09(day): land_purchased=n_a by PROLOGIS-EXCHANGE VA 2003 LLC; <UNKNOWN>(year): site_plan_applied=filed by CTP-1 LLC
PORPOISE VENTURES LLC (Digital Realty Trust),Gainesville,VA,Prince William,38.778057,-77.59468,Operating,,PORPOISE VENTURES LLC (Digital Realty Trust),1,2005-06-28,2005-06-28,land_purchased,2005-06-28(day): land_purchased=n_a by Porpoise Ventures LLC
Prince William Digital Gateway,Gainesville,VA,Prince William,38.82437,-77.56874,Cancelled,,"Compass, QTS Data Centers",5,2023-12,2026-04,appeals_court_ruling|court_ruling|project_cancelled|public_hearing_held|rezoning_council_decision,2023-12(month): rezoning_council_decision=approved by Prince William County Board of Supervisors; 2023-12-12(day): public_hearing_held=n_a by Prince William County Board of Supervisors; 2025-06(month): court_ruling=upheld by Circuit Judge Kimberly A. Irving; 2026-03-31(day): appeals_court_ruling=upheld by Virginia Court of Appeals; 2026-04(month): project_cancelled=withdrawn by Prince William County Board of Supervisors
University Business Park,Gainesville,VA,Prince William,38.79446,-77.58242,Proposed,,Microsoft,1,2024-02-07,2024-02-07,land_purchased,2024-02-07(day): land_purchased=n_a by Microsoft Corporation
Village Place at Gainesville Technology Park,Gainesville,VA,Prince William,38.801834,-77.6206,Proposed,,CTP-I LLC,4,2021-04,2021-07-15,land_purchased|public_hearing_held|rezoning_planning_commission_recommendation|special_use_permit_applied,2021-04(month): rezoning_planning_commission_recommendation=recommended_approval by Prince William County Planning Commission; 2021-04(month): special_use_permit_applied=filed by CTP-I LLC; 2021-04(month): public_hearing_held=n_a by Prince William County Planning Commission; 2021-07-15(day): land_purchased=n_a by CTP-I LLC
Cavalier Innsbrook Data Center,Glen Allen,VA,Henrico,37.660877,-77.57392,Operating,,HIGHWOODS PROP,0,,,,
Hunter Hawking Data Center,Glen Allen,VA,Hanover,37.71385,-77.6231,Cancelled,900,,5,2025-09,2026-02-25,project_announced|project_withdrawn|public_hearing_held|rezoning_applied|rezoning_planning_commission_recommendation,2025-09(month): project_announced=n_a by HHHunt; 2025-09(month): rezoning_applied=filed by HHHunt; 2026-02(month): rezoning_planning_commission_recommendation=recommended_denial by Hanover County Planning Commission; 2026-02-03(day): project_withdrawn=withdrawn by HHHunt; 2026-02-25(day): public_hearing_held=planned by Hanover County Board of Supervisors
Green Energy Ventures Data Center,,VA,King George,38.256557,-77.29122,Proposed,,,2,2022-05-17,2022-09-26,project_announced|rezoning_applied,2022-05-17(day): project_announced=n_a by Green Energy Ventures; 2022-09-26(day): rezoning_applied=filed by Green Energy Ventures
Unnamed Data Center,Gretna,VA,Pittsylvania,36.98035,-79.35187,Proposed,,"BOLES, BRENDA ET ALS EAST, SHARON ET ALS BOLES, DOUGLAS ET ALS KELLEY, OTEY HARRIS III ET ALS KELLEY, CHARLES ET ALS",0,,,,
DBT Data Cyber Integration Center,Harrisonburg,VA,Harrisonburg,38.462486,-78.8568,Expanding,,AC 139 TYCO STREET LLC,1,<UNKNOWN>,<UNKNOWN>,project_announced,<UNKNOWN>(year): project_announced=in_progress by AC 139 TYCO STREET LLC
AMAZON DATA SERVICES INC,Haymarket,VA,Prince William,38.815937,-77.652245,Operating,,Amazon,3,2015-09-14,2019-10-29,land_purchased|other,2015-09-14(day): land_purchased=n_a by VADATA INC; 2016-09-15(day): other=n_a by VADATA INC; 2019-10-29(day): other=n_a by AMAZON DATA SERVICES INC
DC 11 DE LLC (Amazon),Haymarket,VA,Prince William,38.815174,-77.64868,Operating,,Amazon,2,2013-05-07,2016-07-18,land_purchased,2013-05-07(day): land_purchased=n_a by COPT DC 11 LLC; 2016-07-18(day): land_purchased=n_a by DC 11 DE LLC (Amazon)
EdgeConneX Richmond - EDCRIC01,Henrico,VA,Henrico,37.63892,-77.46779,Operating,,NORTH RUN LH LLC,0,,,,
Lumen Richmond 2,Henrico,VA,Henrico,37.623894,-77.50267,Operating,,LEVEL 3 COMMUNICATIONS LLC,0,,,,
Equinix DC 97,Herndon,VA,Fairfax,38.96167,-77.37743,Operating,,LDI PROPCO 2 LLC,0,,,,
Renaissance Technology Park,Herndon,VA,Fairfax,38.932446,-77.42387,Proposed,,RP INDUSTRIAL OWNER II LLC,8,2021,2024-09-27,air_permit_applied|building_permit_applied|building_permit_issued|other|project_announced|site_plan_applied|special_use_permit_decision,2021(year): project_announced=n_a by Starwood Capital Group; 2022-07-19(day): special_use_permit_decision=approved by Fairfax County Board of Supervisors; 2024(year): building_permit_applied=filed by Amazon Data Services; 2024-02(month): building_permit_issued=approved by Fairfax County; 2024-05(month): site_plan_applied=filed by Amazon Data Services; 2024-09(month): air_permit_applied=filed by Amazon Data Services; 2024-09-10(day): other=approved by Fairfax County Board of Supervisors; 2024-09-27(day): other=n_a by Amazon Data Services
Renaissance Technology Park,Herndon,VA,Fairfax,38.935287,-77.42535,Proposed,,Amazon,8,2021,2024-09-27,air_permit_applied|building_permit_applied|building_permit_issued|other|project_announced|site_plan_applied|special_use_permit_decision,2021(year): project_announced=n_a by Starwood Capital Group; 2022-07-19(day): special_use_permit_decision=approved by Fairfax County Board of Supervisors; 2024(year): building_permit_applied=filed by Amazon Data Services; 2024-02(month): building_permit_issued=approved by Fairfax County; 2024-05(month): site_plan_applied=filed by Amazon Data Services; 2024-09(month): air_permit_applied=filed by Amazon Data Services; 2024-09-10(day): other=approved by Fairfax County Board of Supervisors; 2024-09-27(day): other=n_a by Amazon Data Services
DC-4,Innovation,VA,Prince William,38.75263,-77.5165,Proposed,,QTS MANASSAS I DC4 LLC,5,2018-08-29,2025-05-07,land_purchased|other,2018-08-29(day): land_purchased=n_a by Ashburn Acquisition Co LLC; 2019-04-17(day): land_purchased=n_a by Ashburn Acquisition Co LLC & QTS Investment Properties Manassas II LLC; 2022-03-25(day): other=n_a by QTS Manassas DC-5 LLC; 2022-12-15(day): other=n_a by QTS Manassas I DC4 LLC; 2025-05-07(day): other=n_a by QTS Manassas I DC4 LLC
EdgeCore,Kents Store,VA,Goochland,37.88311,-78.0388,Suspended,1100,,4,2019,2025-06-24,land_purchased|other|project_announced|rezoning_council_decision,2019(year): rezoning_council_decision=approved by Louisa County; 2025-06-24(day): project_announced=n_a by EdgeCore Digital Infrastructure; 2025-06-24(day): land_purchased=n_a by EdgeCore Digital Infrastructure; 2025-06-24(day): other=n_a by EdgeCore Digital Infrastructure
Birchwood AWS,King George,VA,King George,38.266403,-77.317726,Proposed,,Amazon,5,2023,<UNKNOWN>,lawsuit_filed|project_announced|rezoning_applied|rezoning_council_decision|rezoning_planning_commission_recommendation,2023(year): rezoning_council_decision=planned by King George County Board of Supervisors; 2023-07(month): rezoning_applied=filed by Birchwood Power Partners; 2023-08-11(day): project_announced=n_a by Birchwood Power Partners / Amazon; 2023-08-11(day): rezoning_planning_commission_recommendation=recommended_approval by King George County Planning Commission; <UNKNOWN>(year): lawsuit_filed=in_progress by Unknown
Dahlgren West,King George,VA,King George,38.30985,-77.11264,Proposed,,,4,2024,2025,construction_started|project_announced|public_hearing_held|rezoning_applied,2024(year): rezoning_applied=planned by Potomac Development Group; 2024-04-16(day): project_announced=n_a by Potomac Development Group; 2024-04-16(day): public_hearing_held=n_a by Potomac Development Group; 2025(year): construction_started=planned by Potomac Development Group
Ladysmith Technology Park,,VA,Caroline,38.0269,-77.50431,Proposed,,,0,,,,
Leesburg Data Center,Leesburg,VA,Loudoun,39.06878,-77.5313,Proposed,,Amazon,4,2022,2025-05-08,land_purchased|other|project_announced|rezoning_applied,2022(year): other=filed by Luck Stone Corp.; 2023(year): rezoning_applied=filed by Luck Stone Corp.; 2025-05-08(day): land_purchased=n_a by Amazon Data Services Inc.; 2025-05-08(day): project_announced=n_a by Amazon Data Services Inc.
Cochran Mill Road,Leesburg,VA,Loudoun,39.074635,-77.51654,Proposed,,,0,,,,
COMPASS DATACENTERS IAD I,Leesburg,VA,Loudoun,39.04382,-77.5376,Operating,,COMPASS DATACENTERS IAD I LLC,1,<UNKNOWN>,<UNKNOWN>,fully_operational,<UNKNOWN>(year): fully_operational=n_a by Compass Datacenters IAD I LLC
Cross Mill Center,Leesburg,VA,Loudoun,39.06295,-77.550476,Proposed,,"Kuhn, Charles C/JK Holdings II LLC",1,2024,2024,other,2024(year): other=in_progress by JK Holdings II LLC
Cross Mill Center Data Center,Leesburg,VA,Loudoun,39.06358,-77.5522,Proposed,,,4,2025,2025-07-15,public_hearing_held|rezoning_applied|rezoning_council_decision,2025(year): rezoning_applied=filed by JK Land Holdings; 2025-05(month): public_hearing_held=n_a by Loudoun County Board of Supervisors; 2025-07(month): public_hearing_held=n_a by Loudoun County Board of Supervisors; 2025-07-15(day): rezoning_council_decision=approved by Loudoun County Board of Supervisors
Greenlin Park,Leesburg,VA,Loudoun,39.056362,-77.55221,Proposed,,Charles S Kuhn/JK Landholdings II LLC,1,2024,2024,rezoning_applied,2024(year): rezoning_applied=filed by Charles S Kuhn/JK Landholdings II LLC
HAYDEN TECHNOLOGIES,Leesburg,VA,Loudoun,39.051716,-77.53956,Expanding,,HAYDEN TECHNOLOGIES LLC,1,2024,2024,other,2024(year): other=in_progress by Hayden Technologies LLC
IAD 01-04,Leesburg,VA,Loudoun,39.067856,-77.56021,Operating,,Microsoft,1,2024,2024,other,2024(year): other=n_a by Microsoft
Leesburg Gateway,Leesburg,VA,Loudoun,39.103153,-77.536385,Proposed,,Google,3,2015,2016,construction_started|land_purchased|project_announced,2015(year): project_announced=n_a by Google; 2015(year): land_purchased=n_a by Google; 2016(year): construction_started=planned by Google
NVA06 Campus,Leesburg,VA,Loudoun,39.080227,-77.56473,Operating,24,STACK INFRASTRUCTURE,1,2025,2025,fully_operational,2025(year): fully_operational=n_a by STACK Infrastructure
NVA06 Campus,Leesburg,VA,Loudoun,39.082626,-77.56523,Operating,48,STACK INFRASTRUCTURE,1,2025,2025,fully_operational,2025(year): fully_operational=n_a by STACK Infrastructure
Oaklawn,Leesburg,VA,Loudoun,39.091972,-77.56057,Proposed,,,4,2024,2024-08-01,lawsuit_filed|public_hearing_held|rezoning_applied|rezoning_planning_commission_recommendation,2024(year): rezoning_applied=filed by Keane Enterprises; 2024(year): lawsuit_filed=filed by unknown; 2024-08-01(day): public_hearing_held=n_a by Leesburg Planning Commission; 2024-08-01(day): rezoning_planning_commission_recommendation=recommended_denial by Leesburg Planning Commission
Orme Farm Rezoning,Leesburg,VA,Loudoun,39.059395,-77.55797,Proposed,,Van Metre Communities LLC/Roy Barnett,1,<UNKNOWN>,<UNKNOWN>,rezoning_applied,<UNKNOWN>(year): rezoning_applied=filed by Van Metre Communities LLC/Roy Barnett
Project Celtic Phase 1,Leesburg,VA,Loudoun,39.056915,-77.54663,Expanding,,Google,1,<UNKNOWN>,<UNKNOWN>,other,<UNKNOWN>(year): other=in_progress by Loudoun County
Project Celtic Phase 2,Leesburg,VA,Loudoun,39.0539,-77.54465,Expanding,,Google,1,2024,2024,other,2024(year): other=in_progress by Google
Spring Valley Technology Park,LEESBURG,VA,Loudoun,39.001057,-77.57126,Proposed,,,1,<UNKNOWN>,<UNKNOWN>,rezoning_applied,<UNKNOWN>(year): rezoning_applied=filed by Loudoun County
Tuscarora Crossing Landbay 3,Leesburg,VA,Loudoun,39.077232,-77.533745,Proposed,,BlackChamber Group,3,2021-11-19,2025-06,land_purchased|other|project_announced,2021-11-19(day): land_purchased=approved by BlackChamber Group; 2021-11-19(day): project_announced=planned by BlackChamber Group; 2025-06(month): other=denied by Loudoun County Planning Commission
Villages at Leesburg,Leesburg,VA,Loudoun,39.087734,-77.5195,Proposed,,STACK INFRASTRUCTURE,3,2024-02-27,2024-02-27,public_hearing_held|rezoning_council_decision|rezoning_planning_commission_recommendation,2024-02-27(day): rezoning_council_decision=approved by Leesburg Town Council; 2024-02-27(day): rezoning_planning_commission_recommendation=recommended_approval by Leesburg Planning Commission; 2024-02-27(day): public_hearing_held=n_a by Leesburg Town Council
Wilderness Crossing,Locust Grove,VA,Orange,38.33316,-77.73109,Proposed,,Amazon,6,2022,2025-09-16,court_ruling|lawsuit_filed|other|project_announced|rezoning_council_decision,2022(year): project_announced=n_a by Amazon; 2022(year): rezoning_council_decision=approved by Orange County Board of Supervisors; 2023-05(month): lawsuit_filed=filed by American Battlefield Trust et al.; 2024-05-01(day): other=n_a by National Trust for Historic Preservation; 2025-03(month): other=in_progress by Orange County Circuit Court; 2025-09-16(day): court_ruling=granted by Orange County Circuit Court
Amazon Data Center,Louisa,VA,Louisa,37.98242,-77.9511,Proposed,,Amazon,4,2022-08,2024-11-05,USACE_404_applied|other|project_announced,2022-08(month): other=n_a by Louisa County Board of Supervisors; 2023-09(month): USACE_404_applied=filed by Amazon Data Services; 2024-11-05(day): USACE_404_applied=filed by Amazon Data Services; 2024-11-05(day): project_announced=n_a by Amazon Data Services
North Creek Tech Campus,Louisa,VA,Louisa,37.968376,-77.95334,Proposed,,Amazon,5,2024,2024,construction_started|other|project_announced|public_hearing_held|water_permit_applied,2024(year): other=approved by Louisa County; 2024(year): public_hearing_held=n_a by Louisa County; 2024(year): project_announced=n_a by Amazon; 2024(year): construction_started=planned by Amazon; 2024(year): water_permit_applied=planned by Amazon
Amazon Data Center,Louisa County,VA,Louisa,38.00263,-77.94,Cancelled,,Amazon,5,2025-05,2025-07,conditional_use_permit_applied|other|project_announced|project_withdrawn|public_hearing_held,2025-05(month): conditional_use_permit_applied=filed by Amazon Web Services; 2025-06(month): other=n_a by Town Council of Mineral; 2025-06-05(day): project_announced=n_a by Amazon Web Services; 2025-06-11(day): public_hearing_held=n_a by Louisa County Community Development Department; 2025-07(month): project_withdrawn=withdrawn by Amazon Web Services
Desper Creek Technology Campus (AWS Data Center),Louisa County,VA,Louisa,37.97047,-77.9546,Proposed,,,3,2025-08,2025-09-18,USACE_404_applied|project_announced|water_permit_applied,2025-08(month): USACE_404_applied=filed by Amazon Data Services; 2025-08(month): water_permit_applied=filed by Amazon Data Services; 2025-09-18(day): project_announced=n_a by Amazon Web Services
Data center,Lynchburg,VA,Campbell County,37.3761,-79.0327,Cancelled,,,7,2025-09,2025-12-02,other|public_hearing_held|rezoning_applied|rezoning_council_decision|rezoning_planning_commission_recommendation|site_plan_applied,2025-09(month): rezoning_applied=filed by MESH Capital LLC; 2025-09(month): public_hearing_held=n_a by Campbell County Board of Supervisors; 2025-09(month): other=in_progress by Campbell County Board of Supervisors; 2025-10(month): rezoning_council_decision=denied by Campbell County Board of Supervisors; 2025-10-07(day): rezoning_planning_commission_recommendation=recommended_approval by Campbell County Planning Commission; 2025-11(month): site_plan_applied=filed by MESH Capital LLC; 2025-12-02(day): other=planned by Campbell County Board of Supervisors
9001 Hornbaker Rd,Manassas,VA,Prince William,38.762554,-77.53385,Proposed,,,1,2023-11-06,2023-11-06,land_purchased,2023-11-06(day): land_purchased=n_a by MJV Associates LLC
ABTEEN VENTURES LLC (CloudHQ),Manassas,VA,Prince William,38.716854,-77.49974,Operating,,ABTEEN VENTURES LLC (CloudHQ),1,2016-05-20,2016-05-20,land_purchased,2016-05-20(day): land_purchased=n_a by ABTEEN VENTURES LLC
AIRPORT GATEWAY COMMERCE CENTER,Manassas,VA,Prince William,38.72144,-77.49643,Proposed,,"UNICORN HOTEL LLC, C/O DUPONT FABROS DEVELOPMENT, PCL D",2,2006-09-15,2020-08-26,land_purchased|other,
Airport Gateway Commerce Center,Manassas,VA,Prince William,38.715843,-77.49836,Proposed,,"UNICORN INTERESTS LLC, PCL F1",2,2006-09-15,2020-08-26,land_purchased|other,2006-09-15(day): land_purchased=n_a by UNICORN INTERESTS LLC; 2020-08-26(day): other=n_a by UNICORN INTERESTS LLC
ALEXANDRIA TECHNOLOGY CENTER,Manassas,VA,Prince William,38.756546,-77.51377,Proposed,,QTS MANASSAS I LAND LLC C/O BLACKSTONE PROPERTY ADVISORS,3,2018-07-03,2022-12-15,land_purchased|other,2018-07-03(day): land_purchased=approved by QTS Investment Properties Manassas LLC; 2022-03-25(day): other=n_a by QTS Manassas DC-5 LLC; 2022-12-15(day): other=n_a by QTS Manassas I Land LLC / Blackstone Property Advisors
Alligned Data Centers (Balls Ford),Manassas,VA,Prince William,38.799274,-77.52802,Proposed,,PROPCO LLC,1,2022-11-02,2022-11-02,land_purchased,2022-11-02(day): land_purchased=n_a by Aligned Data Centers (Balls Ford) Propco LLC
Amazon Data Center,Manassas,VA,Prince William,38.7977,-77.54477,Proposed,,Amazon,2,2018-06-01,2019-10-29,land_purchased,2018-06-01(day): land_purchased=n_a by VADATA INC; 2019-10-29(day): land_purchased=n_a by AMAZON DATA SERVICES INC
Amazon Data Center,Manassas,VA,Prince William,38.7956,-77.54214,Proposed,,Amazon,2,2018-06-01,2019-10-29,land_purchased,2018-06-01(day): land_purchased=n_a by VADATA INC; 2019-10-29(day): land_purchased=n_a by AMAZON DATA SERVICES INC
Amazon Data Center,Manassas,VA,Prince William,38.792118,-77.53619,Proposed,,Amazon,2,2018-06-01,2019-10-29,land_purchased,2018-06-01(day): land_purchased=n_a by VADATA INC; 2019-10-29(day): land_purchased=n_a by AMAZON DATA SERVICES INC
Amazon Data Center,Manassas,VA,Prince William,38.733845,-77.51592,Proposed,,Amazon,2,2018-06-01,2019-10-29,land_purchased,2018-06-01(day): land_purchased=n_a by VADATA INC; 2019-10-29(day): land_purchased=n_a by AMAZON DATA SERVICES INC
AMAZON DATA SERVICES INC,Manassas,VA,Prince William,38.734943,-77.504524,Operating,,Amazon,1,2022-12-28,2022-12-28,land_purchased,2022-12-28(day): land_purchased=n_a by Amazon Data Services Inc
AMAZON DATA SERVICES INC,Manassas,VA,Prince William,38.79109,-77.54837,Operating,,Amazon,1,2022-12-28,2022-12-28,land_purchased,2022-12-28(day): land_purchased=n_a by Amazon Data Services Inc
AMAZON DATA SERVICES INC,Manassas,VA,Prince William,38.789906,-77.54799,Operating,,Amazon,1,2022-12-28,2022-12-28,land_purchased,2022-12-28(day): land_purchased=n_a by Amazon Data Services Inc
AMAZON DATA SERVICES INC,Manassas,VA,Prince William,38.792156,-77.54833,Operating,,Amazon,1,2022-12-28,2022-12-28,land_purchased,2022-12-28(day): land_purchased=n_a by Amazon Data Services Inc
Ashwood Addition,Manassas,VA,Prince William,38.731693,-77.51026,Proposed,,,0,,,,
BOURZOU VENTURES LLC (CloudHQ),Manassas,VA,Prince William,38.72298,-77.49923,Operating,,CloudHQ,1,2016-05-20,2016-05-20,land_purchased,2016-05-20(day): land_purchased=n_a by Bourzou Ventures LLC
COPT DC INNOVATION LLC,Manassas,VA,Prince William,38.74406,-77.529854,Operating,,COPT DC INNOVATION LLC,1,2016-09-01,2016-09-01,land_purchased,2016-09-01(day): land_purchased=n_a by COPT DC INNOVATION LLC
DC 12 14 DE LLC (Amazon),Manassas,VA,Prince William,38.778107,-77.558235,Operating,,DC 12 14 DE LLC (Amazon),2,2015-02-09,2016-07-18,land_purchased,2015-02-09(day): land_purchased=n_a by COPT DC-12 LLC; 2016-07-18(day): land_purchased=n_a by DC 12 14 DE LLC
Digital Second Manassas,Manassas,VA,Prince William,38.737873,-77.508286,Proposed,,DIGITAL CARVER BRICKYARD LLC,3,2016-12-19,2024-01-11,land_purchased,2016-12-19(day): land_purchased=n_a by VADATA INC; 2018-05-04(day): land_purchased=n_a by DIGITAL SECOND MANASSAS LLC; 2024-01-11(day): land_purchased=n_a by DIGITAL CARVER BRICKYARD LLC XI
EQUINIX LLC,Manassas,VA,Prince William,38.80344,-77.510796,Operating,,Equinix,4,2000-02-03,2022-12-02,land_purchased,2000-02-03(day): land_purchased=n_a by BECO BATTLEFIELD I LLC; 2005-10-12(day): land_purchased=n_a by MCI NETWORK SERVICES INC; 2017-05-01(day): land_purchased=n_a by VDC I LLC; 2022-12-02(day): land_purchased=n_a by Equinix LLC
GI TC 7510 MASON KING CT LLC (Amazon),Manassas,VA,Prince William,38.790344,-77.54118,Operating,,Amazon,1,2013-12-18,2013-12-18,land_purchased,2013-12-18(day): land_purchased=n_a by GI TC 7510 MASON KING CT LLC
INNOVATION EXECUTIVE CENTER DC-3,Manassas,VA,Prince William,38.75278,-77.51228,Proposed,,QTS MANASSAS I DC2 LLC,0,,,,
Manassas Data Center,Manassas,VA,Prince William,38.75382,-77.5245,Proposed,,,4,2021-11-23,2025-07-28,land_purchased|project_announced|public_hearing_held|rezoning_planning_commission_recommendation,2021-11-23(day): land_purchased=n_a by University Blvd LLC; 2025(year): project_announced=n_a by JK Holdings; 2025-07(month): rezoning_planning_commission_recommendation=recommended_approval by Prince William County Planning Commission; 2025-07-28(day): public_hearing_held=n_a by Prince William County Planning Commission
Iron Mountain Building 7,Manassas,VA,Prince William,38.775063,-77.539795,Proposed,,IRON MOUNTAIN DATA CENTERS VA 7 LLC,2,2021-03-05,2026,fully_operational|land_purchased,2021-03-05(day): land_purchased=approved by Iron Mountain Data Centers LLC; 2026(year): fully_operational=n_a by Iron Mountain Data Centers
Iron Mountain Data Center VA-1,Manassas,VA,Prince William,38.77727,-77.5477,Operating,280,,2,2016-09-21,2025,fully_operational|land_purchased,2016-09-21(day): land_purchased=n_a by KH Data Capital Building 4 LLC; 2025(year): fully_operational=n_a by Iron Mountain
Iron Mountain Data Center VA-5,Manassas,VA,Prince William,38.77139,-77.5423,Approved/Permitted/Under construction,,,5,2021-10-22,2025,USACE_404_applied|land_purchased|rezoning_council_decision|rezoning_planning_commission_recommendation,2021-10-22(day): land_purchased=n_a by Iron Mountain Data Centers LLC; 2024-11(month): land_purchased=n_a by Iron Mountain Data Centers LLC; 2024-12-16(day): USACE_404_applied=filed by US Army Corps of Engineers Norfolk District; 2025(year): rezoning_planning_commission_recommendation=recommended_approval by Prince William County Planning Commission; 2025(year): rezoning_council_decision=approved by Prince William Board of County Supervisors
KH Data Capital Development,Manassas,VA,Prince William,38.77393,-77.54234,Operating,,IRON MOUNTAIN DATA CENTERS VA 4/5 SUBSIDIARY LLC,4,2021,2021-09-24,land_purchased|other|rezoning_applied,2021(year): rezoning_applied=filed by Prince William County Planning; 2021-07-02(day): land_purchased=n_a by KH Data Capital Development Land LLC; 2021-09-24(day): other=n_a by Iron Mountain Data Centers VA 4/5 JV LLC; 2021-09-24(day): other=n_a by Iron Mountain Data Centers VA 4/5 Subsidiary LLC
"KH DATA CAPITAL DEVELOPMENT LAND LLC
 C/O IRON MOUNTAIN GLOBAL REAL ESTATE",Manassas,VA,Prince William,38.7768,-77.54394,Operating,,"KH DATA CAPITAL DEVELOPMENT LAND LLC
 C/O IRON MOUNTAIN GLOBAL REAL ESTATE",5,2016-04-11,2025-12-18,land_purchased|other,2016-04-11(day): land_purchased=n_a by Hayden Road Project LLC; 2016-08-31(day): other=n_a by KH Data Capital Development Land LLC; 2021-07-02(day): other=n_a by KH Data Capital Development Land LLC; 2023-06-20(day): other=n_a by KH Data Capital Development Land LLC; 2025-12-18(day): other=n_a by KH Data Capital Development Land LLC
Manassas Corporate Center MCC-7 PRA,Manassas,VA,Prince William,38.722412,-77.50135,Proposed,,UNICORN INTERESTS LLC,0,,,,
MANASSAS NCP LLC,Manassas,VA,Prince William,38.760582,-77.51869,Operating,,MANASSAS NCP LLC,1,2018-11-13,2018-11-13,land_purchased,2018-11-13(day): land_purchased=n_a by Manassas NCP LLC
Manassas Point,Manassas,VA,Prince William,38.783833,-77.53779,Proposed,,,5,2021-01-05,2025-10-21,land_purchased|other|site_plan_applied,2021-01-05(day): land_purchased=approved by Bethlehem Road Partners LLC; 2022-04-04(day): land_purchased=approved by Manassas DC Operating LLC; 2024(year): site_plan_applied=filed by Prince William County; 2024-11-14(day): land_purchased=approved by Iron Mountain Data Centers LLC; 2025-10-21(day): other=n_a by Iron Mountain Data Centers LLC
MANASSAS TECHNOLOGY PARTNERS LLC (Amazon),Manassas,VA,Prince William,38.791252,-77.53829,Operating,,MANASSAS TECHNOLOGY PARTNERS LLC (Amazon),4,2008-11-21,2026-03-26,land_purchased,2008-11-21(day): land_purchased=n_a by Digital 7505 Mason King Court LLC; 2013-10-01(day): land_purchased=n_a by Digital PR Mason King Court LLC; 2021-09-21(day): land_purchased=n_a by Manassas Technology Partners LLC; 2026-03-26(day): land_purchased=n_a by Amazon Data Services Inc
MCC5,Manassas,VA,Prince William,38.719757,-77.49309,Proposed,,"UNICORN INTERESTS LLC, CLOUD HQ",2,<UNKNOWN>,<UNKNOWN>,fully_operational|project_announced,<UNKNOWN>(year): project_announced=planned by CloudHQ; <UNKNOWN>(year): fully_operational=n_a by CloudHQ
MCI COMMUNICATION SERVICES LLC VERIZON GLOBAL REAL ESTATE,Manassas,VA,Prince William,38.80486,-77.51249,Operating,,MCI COMMUNICATION SERVICES LLC VERIZON GLOBAL REAL ESTATE,2,1999-03-10,2021-08-16,land_purchased,1999-03-10(day): land_purchased=n_a by America Online Inc; 2021-08-16(day): land_purchased=n_a by MCI Communication Services LLC
Mid-County Industrial Park,Manassas,VA,Prince William,38.63156,-77.41153,Proposed,,,2,2024,2024-07-25,land_purchased|other,2024(year): other=approved by Prince William County; 2024-07-25(day): land_purchased=n_a by Minnieville Capital Acquisitions LLC
NVA05A & NVA05B Proffer Amendment and Rezoning,Manassas,VA,Prince William,38.760544,-77.51536,Proposed,,,3,2022-04-11,2024-03-21,land_purchased|rezoning_applied,2022-04-11(day): land_purchased=approved by SI NVA13 LLC; 2024(year): rezoning_applied=filed by SI NVA05A LLC; 2024-03-21(day): land_purchased=n_a by SI NVA05A LLC
NVA05C,MANASSAS,VA,Prince William,38.761223,-77.511635,Proposed,,,0,,,,
NVA15 LLC,Manassas,VA,Prince William,38.74385,-77.53758,Proposed,48,STACK INFRASTRUCTURE,4,2020-01,2022-12-13,land_purchased|project_announced,2020-01(month): land_purchased=n_a by Stack Infrastructure; 2022-09-02(day): land_purchased=n_a by Stack Infrastructure / SI NVA15 LLC; 2022-12-13(day): project_announced=n_a by Stack Infrastructure; 2022-12-13(day): land_purchased=n_a by Stack Infrastructure
NVA16 LLC,Manassas,VA,Prince William,38.748554,-77.53744,Proposed,48,Amazon,4,2020-01,2022-12-13,land_purchased|project_announced,2020-01(month): land_purchased=n_a by Stack Infrastructure / TPC Hornbaker LC; 2022-09-01(day): land_purchased=n_a by Stack Infrastructure (SI NVA16 LLC); 2022-12-13(day): project_announced=n_a by Stack Infrastructure; 2022-12-13(day): land_purchased=n_a by Stack Infrastructure
PARSONS BUSINESS PARK LLC,Manassas,VA,Prince William,38.645596,-77.4416,Proposed,,,2,2024,2024-04-25,land_purchased|other,2024(year): other=n_a by Parsons Business Park LLC; 2024-04-25(day): land_purchased=n_a by Amazon Data Services Inc
Potomac Technology Park,Manassas,VA,Prince William,38.630245,-77.42247,Proposed,,Plaza Realty Management Inc,1,2021-08-19,2021-08-19,land_purchased,2021-08-19(day): land_purchased=n_a by Plaza Realty Management Inc
POWERLOFT @ INNOVATION I,Manassas,VA,Prince William,38.74736,-77.53177,Operating,,POWERLOFT @ INNOVATION I,2,2010-09-14,2025-12-31,land_purchased,2010-09-14(day): land_purchased=n_a by POWERLOFT @ INNOVATION I LLC; 2025-12-31(day): land_purchased=n_a by COPT DC-6 LLC
Project Well,Manassas,VA,Prince William,38.780552,-77.56264,Proposed,,,1,2026-02-05,2026-02-05,land_purchased,2026-02-05(day): land_purchased=approved by Amazon Data Services Inc
QTS Manassas DC 2,Manassas,VA,Prince William,38.752438,-77.513145,Operating,,QTS Manassas DC 2,1,2018-12-05,2018-12-05,land_purchased,2018-12-05(day): land_purchased=n_a by QTS Investments Properties Manassas LLC
QTS Manassas DC 5,Manassas,VA,Prince William,38.75485,-77.51758,Operating,,QTS Manassas DC 5,4,2018-07-03,2022-03-25,land_purchased|other,2018-07-03(day): land_purchased=n_a by QTS Investment Properties Manassas LLC; 2019-02-21(day): other=n_a by QualityTech LP; 2019-02-21(day): other=n_a by QTS Investment Properties Manassas II LLC; 2022-03-25(day): other=n_a by QTS Manassas DC-5 LLC
QTS MANASSAS I DC3 LLC,Manassas,VA,Prince William,38.753265,-77.510345,Expanding,,QTS MANASSAS I DC3 LLC,7,2018-03-02,<UNKNOWN>,land_purchased|other|project_announced,2018-03-02(day): land_purchased=approved by QTS INVESTMENTS PROPERTIES MANASSAS LLC; 2018-07-31(day): other=n_a by QTS INVESTMENTS PROPERTIES MANASSAS LLC; 2018-12-05(day): other=n_a by QTS INVESTMENTS PROPERTIES MANASSAS LLC; 2019-02-21(day): other=n_a by QTS INVESTMENT PROPERTIES MANASSAS II LLC; 2022-03-25(day): other=n_a by QTS MANASSAS DC-5 LLC; 2022-12-13(day): other=n_a by QTS MANASSAS I DC3 LLC; <UNKNOWN>(year): project_announced=planned by QTS MANASSAS I DC3 LLC
QTS MANASSAS I DC6 LLC,Manassas,VA,Prince William,38.75438,-77.509895,Expanding,,QTS MANASSAS I DC6 LLC C/O BLACKSTONE PROPERTY ADVISORS,3,2020-12-02,2022-12-15,land_purchased,2020-12-02(day): land_purchased=n_a by QTS Investment Properties Manassas II LLC; 2022-03-25(day): land_purchased=n_a by QTS Manassas DC-5 LLC; 2022-12-15(day): land_purchased=n_a by QTS Manassas I DC6 LLC
SI NVA 04 LLC (Avanti at Innovation),Manassas,VA,Prince William,38.74576,-77.53817,Operating,,STACK INFRASTRUCTURE,1,2021-03-09,2021-03-09,land_purchased,2021-03-09(day): land_purchased=approved by SI NVA 04 LLC
SI NVA02 LLC A1A,Manassas,VA,Prince William,38.74435,-77.53293,Operating,,STACK INFRASTRUCTURE,1,2020-01-21,2020-01-21,land_purchased,2020-01-21(day): land_purchased=approved by SI NVA02 LLC
SI NVA02 LLC A2A,Manassas,VA,Prince William,38.743156,-77.53342,Operating,,STACK INFRASTRUCTURE,3,2020-06-23,2025-11-18,land_purchased|other,2020-06-23(day): land_purchased=n_a by SI NVA02 LLC; 2024-01-26(day): other=n_a by SI NVA02A-C LLC; 2025-11-18(day): other=n_a by PUGET BORROWER LLC XI
SI NVA05 LLC,Manassas,VA,Prince William,38.748386,-77.521545,Operating,,STACK INFRASTRUCTURE,3,2022-02-22,2024-10-23,land_purchased,2022-02-22(day): land_purchased=n_a by STACK INNOVATION HOLDINGS LLC; 2022-03-14(day): land_purchased=n_a by SI NVA05 LLC; 2024-10-23(day): land_purchased=n_a by SI NVA03A LLC
SI NVA06 LLC,Manassas,VA,Prince William,38.747314,-77.51989,Operating,,STACK INFRASTRUCTURE,3,2022-02-22,2024-10-23,land_purchased,2022-02-22(day): land_purchased=n_a by Stack Innovation Holdings LLC; 2022-03-14(day): land_purchased=n_a by SI NVA06 LLC; 2024-10-23(day): land_purchased=n_a by SI NVA03B LLC
SI NVA07 LLC,Manassas,VA,Prince William,38.746647,-77.51876,Operating,,STACK INFRASTRUCTURE,3,2022-02-22,2024-10-23,land_purchased,2022-02-22(day): land_purchased=n_a by Stack Innovation Holdings LLC; 2022-03-14(day): land_purchased=n_a by SI NVA07 LLC; 2024-10-23(day): land_purchased=n_a by SI NVA03C LLC
SI NVA08 LLC,Manassas,VA,Prince William,38.746067,-77.51748,Operating,,STACK INFRASTRUCTURE,3,2022-02-22,2024-10-23,land_purchased,2022-02-22(day): land_purchased=n_a by STACK INNOVATION HOLDINGS LLC; 2022-03-14(day): land_purchased=n_a by SI NVA08 LLC; 2024-10-23(day): land_purchased=n_a by SI NVA03D LLC
South Point Phase II LLC,Manassas,VA,Prince William,38.77665,-77.5567,Proposed,,South Point Phase II LLC,3,2019-07-24,2021-09,land_purchased|public_hearing_held|rezoning_planning_commission_recommendation,2019-07-24(day): land_purchased=n_a by South Point Phase II LLC; 2021-09(month): rezoning_planning_commission_recommendation=recommended_approval by Prince William County Planning Commission; 2021-09(month): public_hearing_held=n_a by Prince William County Planning Commission
Stoneview,Manassas,VA,Prince William,38.76551,-77.51943,Proposed,,,1,2022-10-25,2022-10-25,land_purchased,2022-10-25(day): land_purchased=n_a by 8625 Wellington Road LLC
"UNICORN INTERESTS LLC, PCL C1",Manassas,VA,Prince William,38.719288,-77.496185,Proposed,,UNICORN INTERESTS LLC,0,,,,
VA6B1 and VA6B2,Manassas,VA,Prince William,38.76804,-77.53841,Operating,,IRON MOUNTAIN DATA CENTERS LLC,3,2022-05-10,2023-11-16,land_purchased,2022-05-10(day): land_purchased=n_a by Iron Mountain Data Centers LLC; 2023-09-01(day): land_purchased=n_a by Iron Mountain Data Centers LLC; 2023-11-16(day): land_purchased=n_a by Iron Mountain Data Centers Virginia 6 LLC
Vulcan Data Center,Manassas,VA,Prince William,38.77115,-77.51435,Proposed,,Amazon,1,2023-12-28,2023-12-28,land_purchased,2023-12-28(day): land_purchased=n_a by Vulcan Lands Inc
WELLINGTON GLEN TECHNOLOGY PARK,Manassas,VA,Prince William,38.764816,-77.54452,Proposed,,,1,2025,2025,other,2025(year): other=in_progress by Wellington Glen Technology Park (developer)
Wellington Road PRA,Manassas,VA,Prince William,38.763477,-77.513535,Proposed,,,0,,,,
Westview 66,Manassas,VA,Prince William,38.79625,-77.53552,Proposed,,Microsoft,3,2020-09-23,2022-04-27,USACE_404_applied|land_purchased|project_announced,2020-09-23(day): land_purchased=n_a by Microsoft Corporation; 2022-04-27(day): USACE_404_applied=filed by Microsoft Corporation; 2022-04-27(day): project_announced=n_a by Microsoft Corporation
Roosevelt Building,McLean,VA,Fairfax,38.919983,-77.211754,Operating,,YOSEMITE DC ASSETS LLC,1,2025,2025,fully_operational,2025(year): fully_operational=n_a by YOSEMITE DC ASSETS LLC
Middletown Data Center,MIddletown,VA,Frederick,39.01765,-78.29093,Operating,6.7,MIDDLETOWN DATA CENTER LLC,3,2018-10-29,2023-01-01,fully_operational|land_purchased|other,2018-10-29(day): land_purchased=n_a by Middletown Data Center LLC; 2023(year): fully_operational=n_a by Middletown Data Center LLC; 2023-01-01(day): other=n_a by Frederick County Commissioner of the Revenue
Project Loch,Midlothian,VA,Chesterfield,37.499065,-77.69161,Proposed,,,2,2025,2025-05-09,other|rezoning_applied,2025(year): rezoning_applied=filed by Chesterfield County; 2025-05-09(day): other=n_a by unknown
Province Group @Powhatan Technology Park,MIDLOTHIAN,VA,Powhatan,37.50839,-77.73239,Approved/Permitted/Under construction,"365-2,400",Province Group,11,2024-05,2025-11-13,conditional_use_permit_decision|other|project_announced|public_hearing_held|rezoning_applied|rezoning_council_decision|rezoning_planning_commission_recommendation,2024-05(month): rezoning_applied=filed by Province Group; 2024-05-13(day): project_announced=n_a by Province Group; 2024-06-04(day): public_hearing_held=n_a by Powhatan County Planning Department; 2024-08(month): rezoning_planning_commission_recommendation=recommended_denial by Powhatan County Planning Commission; 2024-11-01(day): rezoning_council_decision=approved by Powhatan County Board of Supervisors; 2024-11-01(day): conditional_use_permit_decision=approved by Powhatan County Board of Supervisors; 2025-10(month): rezoning_planning_commission_recommendation=recommended_denial by Powhatan County Planning Commission; 2025-10-28(day): rezoning_council_decision=approved by Powhatan County Board of Supervisors; 2025-11-13(day): other=approved by Powhatan County Board of Supervisors; 2025-11-13(day): other=n_a by Province Group / Newport Equities LLC; 2025-11-13(day): other=n_a by Province Group
Project Loch (Google),Midloththian,VA,Chesterfield,37.49932,-77.6884,Proposed,,Google,5,2025-05,2025-08-27,land_purchased|other|project_announced|rezoning_council_decision,2025-05(month): rezoning_council_decision=approved by Chesterfield County Board of Supervisors / EDA; 2025-06(month): other=approved by Chesterfield County Board of Supervisors; 2025-06(month): land_purchased=n_a by Aeris Investments (Google); 2025-08-27(day): project_announced=n_a by Google; 2025-08-27(day): other=n_a by Google
Lake Anna Tech Campus,Mineral,VA,Louisa,38.04825,-77.80991,Proposed,,Amazon,7,2023-04,2040,USACE_404_applied|construction_started|fully_operational|other|partial_operational|project_announced|water_permit_applied,"2023-04(month): other=approved by Louisa County Board of Supervisors; 2023-08(month): project_announced=n_a by Amazon Web Services / Louisa County; 2023-09-01(day): USACE_404_applied=filed by Amazon Web Services / REB Investment Company, LLC; 2023-09-01(day): water_permit_applied=filed by Amazon Web Services / REB Investment Company, LLC; 2024-04(month): construction_started=planned by Amazon Web Services; 2025(year): partial_operational=planned by Amazon Web Services; 2040(year): fully_operational=planned by Amazon Web Services"
Project Skye (Google),Moseley,VA,Chesterfield,37.44824,-77.781,Proposed,,Google,4,2025-05,2025-08-28,land_purchased|other|project_announced|rezoning_council_decision,2025-05(month): rezoning_council_decision=approved by Chesterfield County (EDA-initiated application); 2025-06(month): other=approved by Chesterfield County Board of Supervisors; 2025-06(month): land_purchased=n_a by Skyward Holdings (Google LLC); 2025-08-28(day): project_announced=n_a by Google
Upper Magnolia Green East,Moseley,VA,Chesterfield,37.42037,-77.75997,Proposed,,,1,2025-04-09,2025-04-09,other,2025-04-09(day): other=approved by Chesterfield County
Upper Magnolia Green West Tract A and Tract B,Moseley,VA,Chesterfield,37.444225,-77.77384,Proposed,,,1,2025-05-09,2025-05-09,rezoning_applied,2025-05-09(day): rezoning_applied=filed by Chesterfield County
EdgeConneX Norfolk,Norfolk,VA,Norfolk,36.86186,-76.235344,Operating,,"Warehouse 888, Llc",1,<UNKNOWN>,<UNKNOWN>,partial_operational,"<UNKNOWN>(year): partial_operational=n_a by EdgeConneX / Warehouse 888, LLC"
Zone5,Norfolk,VA,Norfolk,36.87813,-76.21608,Operating,,Fair Holdings Llc,0,,,,
Perspecta Datacenter Campus,Oak Hill,VA,Fairfax,38.923347,-77.426834,Expanding,,Amazon,1,2025,2025,other,2025(year): other=in_progress by Amazon
Convergent Technology Park,Remington,VA,Fauquier,38.546986,-77.80626,Proposed,,Convergent VA LLC,1,<UNKNOWN>,<UNKNOWN>,other,<UNKNOWN>(year): other=filed by Convergent VA LLC
Gigaland LLC Data Center,Remington,VA,Fauquier,38.5367,-77.7811,Suspended,,,10,2023-10,2025-09-01,land_purchased|other|project_announced|project_withdrawn|public_hearing_held|rezoning_applied|rezoning_planning_commission_recommendation|special_use_permit_applied,2023-10(month): land_purchased=n_a by Gigaland LLC; 2024-01(month): project_announced=n_a by Gigaland LLC; 2024-01(month): rezoning_applied=filed by Gigaland LLC; 2024-01(month): special_use_permit_applied=filed by Gigaland LLC; 2024-06-18(day): rezoning_planning_commission_recommendation=recommended_denial by Fauquier County Planning Commission; 2024-07(month): public_hearing_held=n_a by Fauquier County Board of Supervisors; 2024-07-23(day): public_hearing_held=n_a by Gigaland LLC; 2025(year): other=in_progress by Gigaland LLC; 2025-08(month): project_withdrawn=withdrawn by Gigaland LLC; 2025-09-01(day): other=planned by Gigaland LLC
Gigaland Remington,Remington,VA,Fauquier,38.534485,-77.78287,Proposed,,Gigaland Data Centers,5,2023-10,2024-02,land_purchased|other|project_announced|public_hearing_held|rezoning_applied,2023-10(month): land_purchased=n_a by Gigaland Data Centers; 2023-12(month): other=n_a by Fauquier County Board of Supervisors; 2024(year): rezoning_applied=planned by Gigaland Data Centers; 2024-01(month): public_hearing_held=n_a by Gigaland Data Centers; 2024-02(month): project_announced=n_a by Gigaland Data Centers
Remington Innovation Campus,REMINGTON,VA,Fauquier,38.56304,-77.77671,Proposed,,,0,,,,
Remington Technology Park,Remington,VA,Fauquier,38.54051,-77.78908,Proposed,300,REMINGTON TECHNOLOGY PARK LTD PTNRSHP,0,,,,
SAMX Data Center,Remington,VA,Fauquier,38.543182,-77.7834,Proposed,,SAMX Data,1,<UNKNOWN>,<UNKNOWN>,other,<UNKNOWN>(year): other=n_a by SAMX Data
Coresite 12100 SV & 12098 SV,Reston,VA,Fairfax,38.948456,-77.371704,Expanding,,Coresite,1,2025,2025,other,2025(year): other=in_progress by Coresite
LEMUR PROPERTIES LLC,Reston,VA,Fairfax,38.948555,-77.32714,Operating,,Digital Realty,1,2025,2025,fully_operational,2025(year): fully_operational=n_a by Digital Realty
RDC-1807 MICHAEL FARADAY COURT,Reston,VA,Fairfax,38.948864,-77.32922,Operating,,RDC-1807 MICHAEL FARADAY COURT LLC,0,,,,
Science Applications International Corp (SAIC),Reston,VA,Fairfax,38.952652,-77.34998,Operating,,DISCOVERY SQUARE LLC,1,2001,2001,fully_operational,2001(year): fully_operational=n_a by Discovery Square LLC
SUNRISE TECHNOLOGY PARK,Reston,VA,Fairfax,38.950703,-77.36489,Operating,,Coresite,1,2025,2025,fully_operational,2025(year): fully_operational=n_a by Coresite
Azalea,Richmond,VA,Henrico,37.604717,-77.423416,Proposed,10,BWS Enterprises,5,1998,2024-08-19,conditional_use_permit_applied|other|project_announced|public_hearing_held|rezoning_planning_commission_recommendation,1998(year): other=n_a by BWS Enterprises; 2024-08(month): project_announced=filed by DC Blox / BWS Enterprises; 2024-08(month): public_hearing_held=n_a by Henrico County Planning Commission; 2024-08(month): conditional_use_permit_applied=filed by DC Blox / BWS Enterprises; 2024-08-19(day): rezoning_planning_commission_recommendation=in_progress by Henrico County Planning Commission
Richmond Data Center,Richmond,VA,Henrico,37.60576,-77.4211,Operating,,,4,2024-10,2025-02,land_purchased|rezoning_applied|rezoning_council_decision|rezoning_planning_commission_recommendation,2024-10(month): rezoning_planning_commission_recommendation=recommended_denial by Henrico Planning Commission; 2025-02(month): land_purchased=n_a by DC Blox; 2025-02(month): rezoning_applied=filed by DC Blox; 2025-02(month): rezoning_council_decision=in_progress by Henrico Board of Supervisors
Infotel Systems Data Center,Richmond,VA,Henrico,37.61285,-77.47348,Operating,,Infotel,0,,,,
Lumen Richmond 1,Richmond,VA,Henrico,37.646786,-77.438446,Operating,,LEVEL 3 COMMUNICATIONS LLC,0,,,,
Wagner Urban Logistics LLC Data Center,Richmond,VA,Henrico,37.48448,-77.3579,Suspended,,,4,2025,2025-09-11,conditional_use_permit_applied|other|public_hearing_held|rezoning_planning_commission_recommendation,2025(year): conditional_use_permit_applied=filed by Wagner Urban Logistics LLC; 2025-08(month): other=recommended_approval by Henrico County Planning Department; 2025-09-11(day): public_hearing_held=n_a by Henrico Planning Commission; 2025-09-11(day): rezoning_planning_commission_recommendation=recommended_denial by Henrico Planning Commission
Google Data Center: Center for Research and Technology,Roanoke,VA,Roanoke,37.33734,-79.9992,Proposed,,Google,6,2024,2028,construction_started|fully_operational|land_purchased|other|power_purchase_agreement_signed|project_announced,2024(year): power_purchase_agreement_signed=n_a by Google / Rocky Forge Wind Farm; 2024-06-20(day): land_purchased=n_a by Helio Capital LLC / Google; 2024-06-24(day): project_announced=n_a by Botetourt County / Google (via Helio Capital LLC); 2024-06-24(day): other=n_a by Helio Capital LLC / Botetourt County; 2025(year): construction_started=planned by Helio Capital LLC / Google; 2028(year): fully_operational=planned by Helio Capital LLC / Google
Google Data Center: Summit View Business Park,Rocky Mount,VA,Franklin,37.07742,-79.9252,Proposed,,Google,5,2024,2028,construction_started|fully_operational|land_purchased|power_purchase_agreement_signed|project_announced,2024(year): power_purchase_agreement_signed=approved by Google / Rocky Forge Wind Farm; 2024-06-20(day): land_purchased=approved by Botetourt County; 2024-06-24(day): project_announced=n_a by Google / Helio Capital LLC / Botetourt County; 2025(year): construction_started=planned by Helio Capital LLC; 2028(year): fully_operational=planned by Helio Capital LLC
Green Energy Center,Rushmere,VA,Surry,37.152023,-76.685074,Proposed,,Green Energy Partners,4,2023-04,2023-08,construction_started|land_purchased|other|project_announced,2023-04(month): project_announced=n_a by Green Energy Partners LLC; 2023-04(month): land_purchased=n_a by Green Energy Partners LLC; 2023-04(month): construction_started=planned by Green Energy Partners LLC; 2023-08(month): other=n_a by Green Energy Partners LLC / IP3 Corporation
ADP Ladysmith Data Hub,Ruther Glen,VA,Caroline,38.00433,-77.50445,Proposed,,,0,,,,
Airlee Industrial and Data Center Site,Ruther Glen,VA,Caroline,37.997375,-77.50243,Proposed,,,1,<UNKNOWN>,<UNKNOWN>,project_announced,<UNKNOWN>(year): project_announced=planned by unknown
Carmel Church Data Hub,Ruther Glen,VA,Caroline,37.939327,-77.477974,Proposed,,W & F PARTNERS,1,2023,2023,rezoning_applied,2023(year): rezoning_applied=filed by W & F Partners
Carmel Technology & Enterprise Center,Ruther Glen,VA,Caroline,37.924026,-77.50552,Proposed,,,1,2024,2024,rezoning_applied,2024(year): rezoning_applied=filed by unknown
Caroline Center for Innovation,Ruther Glen,VA,Caroline,37.942783,-77.41627,Proposed,,,1,2025,2025,rezoning_applied,2025(year): rezoning_applied=filed by Caroline County
Caroline Center for Innovation - North,Ruther Glen,VA,Caroline,37.95119,-77.42421,Proposed,,,0,,,,
CleanArc Data Center (VA1),Ruther Glen,VA,Caroline,38.01594,-77.4973,Approved/Permitted/Under construction,300-600,CleanArc,5,2025-09-18,2027,construction_started|partial_operational|public_hearing_held|rezoning_council_decision,2025-09-18(day): rezoning_council_decision=approved by Caroline County Board of Supervisors; 2025-09-18(day): public_hearing_held=n_a by Caroline County Board of Supervisors; 2025-11-21(day): construction_started=n_a by CleanArc Data Centers; 2026(year): partial_operational=planned by CleanArc Data Centers; 2027(year): partial_operational=planned by CleanArc Data Centers
Thornberry Data Center Campus,Ruther Glen,VA,Caroline,37.95416,-77.40686,Proposed,,,1,2025,2025,rezoning_applied,2025(year): rezoning_applied=filed by Thornberry LLC
VALCO Data Center Park,Ruther Glen,VA,Caroline,37.924103,-77.54387,Proposed,,VALCO CAROLINE COUNTY,1,<UNKNOWN>,<UNKNOWN>,project_announced,<UNKNOWN>(year): project_announced=planned by VALCO CAROLINE COUNTY
VALCO Data Center Park,Ruther Glen,VA,Caroline,37.93823,-77.54898,Proposed,,,1,<UNKNOWN>,<UNKNOWN>,project_announced,<UNKNOWN>(year): project_announced=planned by VALCO CAROLINE COUNTY
Valo Park,Ruther Glen,VA,Fairfax,38.932384,-77.21859,Operating,,TAMARES 7950 OWNER LLC,0,,,,
Google Data Center,Salem,VA,Roanoke,37.2685,-80.1678,Proposed,,Google,7,2024,2028,construction_started|fully_operational|land_purchased|other|power_purchase_agreement_signed|project_announced,2024(year): power_purchase_agreement_signed=approved by Google / Rocky Forge Wind Farm; 2024-03(month): other=n_a by Western Virginia Water Authority; 2024-06-20(day): land_purchased=approved by Botetourt County; 2024-06-24(day): project_announced=n_a by Google / Helio Capital LLC / Botetourt County; 2024-06-24(day): other=approved by Helio Capital LLC / Botetourt County; 2025(year): construction_started=planned by Helio Capital LLC / Google; 2028(year): fully_operational=planned by Helio Capital LLC / Google
6200 TECHNOLOGY BLVD,Sandston,VA,Henrico,37.48185,-77.236465,Operating,,Meta,1,<UNKNOWN>,<UNKNOWN>,fully_operational,<UNKNOWN>(year): fully_operational=n_a by Meta
7301 TECHNOLOGY BLVD,Sandston,VA,Henrico,37.47831,-77.22688,Operating,,Meta,0,,,,
Atlantic Crossing,Sandston,VA,Henrico,37.504288,-77.26043,Proposed,,ATLANTIC CROSSING LLC,5,2021,2023-12-15,other|project_announced|rezoning_applied,"2021(year): rezoning_applied=filed by Atlantic Crossing LLC; 2022(year): rezoning_applied=withdrawn by Atlantic Crossing LLC; 2023-12-15(day): rezoning_applied=filed by Hourigan / VAH (Vienna Finance, Atlantic Crossing, Hourigan); 2023-12-15(day): project_announced=n_a by Hourigan / VAH (Vienna Finance, Atlantic Crossing, Hourigan); 2023-12-15(day): other=in_progress by Dominion Energy"
Bank of America,Sandston,VA,Henrico,37.495663,-77.23808,Operating,,Bank of America,0,,,,
Sandston Data Center Campus,Sandston,VA,Henrico,37.47669,-77.2329,Approved/Permitted/Under construction,200,,5,2024-11,2030,construction_started|fully_operational|land_purchased|partial_operational|project_announced,2024-11(month): land_purchased=n_a by Iron Mountain; 2025-05-21(day): project_announced=n_a by Iron Mountain; 2025-05-21(day): construction_started=n_a by Iron Mountain; 2027(year): partial_operational=planned by Iron Mountain; 2030(year): fully_operational=planned by Iron Mountain
Project Tropical,Sandston,VA,Henrico,37.4738,-77.23478,Expanding,,Meta,1,<UNKNOWN>,<UNKNOWN>,project_announced,<UNKNOWN>(year): project_announced=in_progress by Meta
White Oak Tech Park (QTS),Sandston,VA,Henrico,37.489464,-77.24603,Operating,,QTS Data Centers,0,,,,
Hillcrest Data Center,South Hill,VA,Mecklenburg,36.70315,-78.12708,Proposed,,Microsoft,6,2020,2022-08-17,USACE_404_applied|land_purchased|public_hearing_held|rezoning_council_decision|water_permit_applied,"2020(year): land_purchased=n_a by Microsoft Corporation; 2021(year): rezoning_council_decision=approved by Mecklenburg County; 2021-06-21(day): land_purchased=n_a by Microsoft Corporation; 2022-07-19(day): USACE_404_applied=filed by US Army Corps of Engineers, Norfolk District; 2022-07-19(day): water_permit_applied=filed by Microsoft Corporation; 2022-08-17(day): public_hearing_held=in_progress by US Army Corps of Engineers, Norfolk District"
Microsoft,South Hill,VA,Mecklenburg,36.70687,-78.1278,Approved/Permitted/Under construction,,Microsoft,0,,,,
South Hill Data Center Campus,South Hill,VA,Mecklenburg,36.74631,-78.1018,Proposed,,Microsoft,3,2022-10-26,2022-11-24,USACE_404_applied|project_announced|public_hearing_held,2022-10-26(day): project_announced=n_a by Microsoft; 2022-10-26(day): USACE_404_applied=filed by US Army Corps of Engineers Norfolk District; 2022-11-24(day): public_hearing_held=in_progress by US Army Corps of Engineers Norfolk District
AWS H&M Property,South Riding,VA,Loudoun,38.92111,-77.4863,Expanding,,Amazon,5,2020,2023,fully_operational|land_purchased|project_announced|rezoning_applied|rezoning_planning_commission_recommendation,2020(year): land_purchased=n_a by Amazon Data Services; 2020-07(month): rezoning_applied=filed by Blue Ridge Group LLC (on behalf of Amazon); 2020-07(month): rezoning_planning_commission_recommendation=recommended_approval by Loudoun County Planning Commission; 2023(year): fully_operational=n_a by Amazon; 2023(year): project_announced=planned by Amazon
Firefox Dulles,South Riding,VA,Loudoun,38.920612,-77.472885,Proposed,,Brian Clifford/DLA PIPER LLP (US),1,<UNKNOWN>,<UNKNOWN>,site_plan_applied,<UNKNOWN>(year): site_plan_applied=filed by Brian Clifford / DLA PIPER LLP (US)
Sutton Bay,South Riding,VA,Loudoun,38.91631,-77.47834,Operating,,Amazon,1,<UNKNOWN>,<UNKNOWN>,other,<UNKNOWN>(year): other=n_a by Amazon
Gateway Commerce Center,Spotsylvania,VA,Spotsylvania,38.165024,-77.529495,Proposed,,,1,<UNKNOWN>,<UNKNOWN>,other,<UNKNOWN>(year): other=n_a by unknown
SpotsyTech Campus,Spotsylvania Courthouse,VA,Spotsylvania,38.159935,-77.51494,Proposed,800,,7,2022,2023-01,construction_started|land_purchased|project_announced|public_hearing_held|rezoning_applied|rezoning_council_decision|rezoning_planning_commission_recommendation,"2022(year): project_announced=n_a by SpotsyTechnoCampus, LLC; 2022(year): rezoning_applied=filed by SpotsyTechnoCampus, LLC; 2022-01(month): land_purchased=n_a by SpotsyTechnoCampus, LLC; 2023(year): construction_started=planned by SpotsyTechnoCampus, LLC; 2023-01(month): rezoning_planning_commission_recommendation=recommended_approval by Spotsylvania County Planning Commission; 2023-01(month): public_hearing_held=n_a by Spotsylvania County Board of Supervisors; 2023-01(month): rezoning_council_decision=in_progress by Spotsylvania County Board of Supervisors"
AWS Loisdale Station,Springfield,VA,Fairfax,38.742268,-77.186424,Proposed,,Amazon,1,2025,2025,project_announced,2025(year): project_announced=planned by Amazon
VA 95 BUILDING NINE LP,Springfield,VA,Fairfax,38.739193,-77.20798,Operating,,VA 95 BUILDING NINE LP,0,,,,
Accokeek Center,Stafford,VA,Stafford,38.403713,-77.427,Proposed,,,2,2024-12,2025-06-16,land_purchased|rezoning_applied,2024-12(month): rezoning_applied=filed by Stafford County Planning and Zoning; 2025-06-16(day): land_purchased=n_a by Falmouth Tech LLC
Austin Ridge Logisitics Center,Stafford,VA,Stafford,38.4145,-77.43574,Proposed,,,3,2023-11-02,2025-01-22,land_purchased|project_announced|rezoning_applied,2023-11-02(day): land_purchased=n_a by NP Austin Ridge LLC; 2025-01-22(day): project_announced=n_a by NP Austin Ridge LLC; 2025-01-22(day): rezoning_applied=filed by NP Austin Ridge LLC
GWV,Stafford,VA,Stafford,38.419758,-77.44698,Proposed,,,4,2024-10,2025-04-03,conditional_use_permit_applied|project_announced|public_hearing_held|rezoning_applied,2024-10(month): rezoning_applied=filed by The Garrett Companies / Hirschler; 2024-10-15(day): conditional_use_permit_applied=filed by The Garrett Companies / Hirschler; 2025-03(month): public_hearing_held=n_a by The Garrett Companies / Hirschler; 2025-04-03(day): project_announced=n_a by The Garrett Companies
Old Potomac Church Data Center,Stafford,VA,Stafford,38.411324,-77.40424,Proposed,,,0,,,,
Stack Data Center,Stafford,VA,Stafford,38.38504,-77.4276,Proposed,1100,,7,2023,2027,construction_started|land_purchased|other|partial_operational|project_announced|rezoning_applied|rezoning_council_decision,2023(year): rezoning_applied=filed by Peterson Companies; 2024-09(month): rezoning_council_decision=approved by Stafford County; 2025(year): construction_started=planned by Stack Infrastructure; 2025-01(month): land_purchased=n_a by Stack Infrastructure; 2025-01-17(day): project_announced=n_a by Stack Infrastructure; 2025-01-17(day): other=n_a by Dominion Energy; 2027(year): partial_operational=planned by Stack Infrastructure
Stafford Technology Campus,Stafford,VA,Stafford,38.38512,-77.43162,Proposed,"1,000",,2,2026-01,2026-01,conditional_use_permit_applied|rezoning_applied,2026-01(month): conditional_use_permit_applied=filed by Elm Street Development (Joseph Jacobs); 2026-01(month): rezoning_applied=filed by Elm Street Development (Joseph Jacobs)
108 CARPENTER DRIVE,STERLING,VA,Loudoun,38.99123,-77.42243,Proposed,,,1,<UNKNOWN>,<UNKNOWN>,site_plan_applied,<UNKNOWN>(year): site_plan_applied=filed by Loudoun County Department of Building and Development
113 EXECUTIVE DR Prologis,Sterling,VA,Loudoun,38.99067,-77.44434,Proposed,,Prologis,2,2023-10,2023-10-26,project_announced|rezoning_applied,2023-10(month): rezoning_applied=filed by Prologis; 2023-10-26(day): project_announced=n_a by Prologis
1304 SQUIRE CT,Sterling,VA,Loudoun,39.02153,-77.43476,Operating,,ELECTRIC BUILDING LLC,1,2024,2024,fully_operational,2024(year): fully_operational=n_a by Electric Building LLC
1501 Moran Road,Sterling,VA,Loudoun,38.995197,-77.44623,Proposed,,EdgeCore Digital/Partners Group,0,,,,
21641 CHARLES VIEW DR,Sterling,VA,Loudoun,39.017963,-77.43968,Operating,,Amazon,1,<UNKNOWN>,<UNKNOWN>,other,<UNKNOWN>(year): other=n_a by Amazon
22350 KIPPER DR AWS,Sterling,VA,Loudoun,38.99509,-77.43511,Operating,,Amazon,1,2024,2024,fully_operational,2024(year): fully_operational=n_a by Amazon
22370 KIPPER DR AWS,Sterling,VA,Loudoun,38.996964,-77.43581,Operating,,Amazon,1,2024,2024,fully_operational,2024(year): fully_operational=n_a by Amazon
22660 Executive Dr Prologis,Sterling,VA,Loudoun,38.989754,-77.44206,Proposed,,Prologis,2,2023-10,2023-10-26,project_announced|rezoning_applied,2023-10(month): rezoning_applied=filed by Prologis; 2023-10-26(day): project_announced=n_a by Prologis
22945 INTERNATIONAL DR AWS,Sterling,VA,Loudoun,38.98216,-77.42751,Operating,,Amazon,1,<UNKNOWN>,<UNKNOWN>,fully_operational,<UNKNOWN>(year): fully_operational=n_a by Amazon
23005 INTERNATIONAL DR,Sterling,VA,Loudoun,38.98,-77.42562,Operating,,DULLES NCP II LLC,1,<UNKNOWN>,<UNKNOWN>,fully_operational,<UNKNOWN>(year): fully_operational=n_a by DULLES NCP II LLC
45845 NOKES BLVD,Sterling,VA,Loudoun,39.02387,-77.41527,Operating,,MEDINA DC 2 ASSETS LLC,1,2024,2024,fully_operational,2024(year): fully_operational=n_a by Cyxtera (MEDINA DC 2 ASSETS LLC)
Aligned: IAD03,Sterling,VA,Loudoun,38.98857,-77.4409,Operating,72,Vantage Data Centers VA2 LLC; Ryan Dorsett,7,2022,2024,construction_started|fully_operational|land_purchased|other|project_announced|rezoning_applied|rezoning_planning_commission_recommendation,2022(year): land_purchased=n_a by Aligned Data Centers; 2022-07(month): project_announced=n_a by Aligned Data Centers; 2023(year): other=planned by Aligned Data Centers; 2023-05(month): construction_started=n_a by Aligned Data Centers; 2023-05(month): rezoning_applied=filed by Aligned Data Centers; 2023-05(month): rezoning_planning_commission_recommendation=in_progress by Loudoun County Planning Commission; 2024(year): fully_operational=n_a by Aligned Data Centers
ARCOLA,STERLING,VA,Loudoun,38.94413,-77.5357,Proposed,,PowerHouse Data Centers,1,<UNKNOWN>,<UNKNOWN>,site_plan_applied,<UNKNOWN>(year): site_plan_applied=filed by PowerHouse Data Centers
Arcola Pacific Campus,STERLING,VA,Loudoun,39.004864,-77.44699,Proposed,,PowerHouse Data Centers,4,2022-01,2026,construction_started|fully_operational|other|project_announced,2022-01(month): other=n_a by AREP / Harrison Street; 2022-07-26(day): project_announced=n_a by PowerHouse Data Centers / AREP; 2024-04(month): construction_started=planned by PowerHouse Data Centers / AREP; 2026(year): fully_operational=planned by PowerHouse Data Centers / AREP
Sterling Data Center,Sterling,VA,Loudoun,38.99129,-77.4414,Operating,,,6,2022,2023-05,construction_started|land_purchased|partial_operational|project_announced|rezoning_applied|rezoning_planning_commission_recommendation,2022(year): land_purchased=n_a by Aligned Data Centers; 2022-07(month): project_announced=n_a by Aligned Data Centers; 2023(year): partial_operational=planned by Aligned Data Centers; 2023-05(month): rezoning_applied=filed by Aligned Data Centers; 2023-05(month): rezoning_planning_commission_recommendation=in_progress by Loudoun County Planning Commission; 2023-05(month): construction_started=n_a by Aligned Data Centers
IAD57 Data Center,Sterling,VA,Loudoun,38.98704,-77.4426,Operating,,,5,2022,2023-05,construction_started|land_purchased|project_announced|rezoning_applied|rezoning_planning_commission_recommendation,2022(year): land_purchased=n_a by Aligned Data Centers; 2022-07(month): project_announced=n_a by Aligned Data Centers; 2023-05(month): rezoning_applied=filed by Aligned Data Centers; 2023-05(month): rezoning_planning_commission_recommendation=in_progress by Loudoun County Planning Commission; 2023-05(month): construction_started=n_a by Aligned Data Centers
AWS: IAD58,Sterling,VA,Loudoun,38.98633,-77.4419,Operating,,,2,2023-05-24,2023-05-24,fully_operational|other,2023-05-24(day): other=n_a by Amazon Web Services; 2023-05-24(day): fully_operational=n_a by Amazon Web Services
C1 NORTHERN VA - STERLING I-III,Sterling,VA,Loudoun,39.026066,-77.414536,Operating,48,CyrusOne,0,,,,
CORSCALE VA2 BLDG 1,Sterling,VA,Loudoun,39.03804,-77.433716,Proposed,,,1,2025,2025,project_announced,2025(year): project_announced=planned by CorScale
CPUS STERLING LP,Sterling,VA,Loudoun,38.987747,-77.410866,Operating,,CPUS STERLING LP,1,<UNKNOWN>,<UNKNOWN>,fully_operational,<UNKNOWN>(year): fully_operational=n_a by CPUS Sterling LP
CYXTERA COLOCATION,Sterling,VA,Loudoun,39.0248,-77.41234,Operating,,MEDINA DC 2 ASSETS LLC,2,2024,2024,fully_operational|other,2024(year): fully_operational=n_a by Cyxtera / MEDINA DC 2 ASSETS LLC; 2024(year): other=n_a by Loudoun County Assessor
CYXTERA DC2 COLOCATION,Sterling,VA,Loudoun,39.023247,-77.413185,Operating,,MEDINA DC 2 ASSETS LLC,1,2024,2024,fully_operational,2024(year): fully_operational=n_a by Cyxtera (Medina DC 2 Assets LLC)
DATA CENTER BUILDING C,Sterling,VA,Loudoun,38.99172,-77.448555,Operating,,DCT DULLES PHASE II LLC,1,<UNKNOWN>,<UNKNOWN>,fully_operational,<UNKNOWN>(year): fully_operational=n_a by DCT Dulles Phase II LLC
DC 21/IAD 98,Sterling,VA,Loudoun,39.01946,-77.434006,Operating,,BCORE COPT DC-21 LLC,1,2024,2024,other,2024(year): other=n_a by BCORE COPT DC-21 LLC
DCT DULLES DOWNS Land Bay A,Sterling,VA,Loudoun,38.991177,-77.44137,Operating,,DCT DULLES DOWNS LLC,2,2016,2016,fully_operational|project_announced,2016(year): fully_operational=n_a by DCT DULLES DOWNS LLC; 2016(year): project_announced=planned by DCT DULLES DOWNS LLC
DCT DULLES DOWNS Land Bay B,Sterling,VA,Loudoun,38.98938,-77.43785,Proposed,,DCT DULLES DOWNS LLC,2,2012,2014,construction_started|fully_operational,2012(year): construction_started=n_a by DCT Dulles Downs LLC; 2014(year): fully_operational=n_a by DCT Dulles Downs LLC
DCT DULLES DOWNS Land Bay B,Sterling,VA,Loudoun,38.990135,-77.437294,Operating,,DCT DULLES DOWNS LLC,2,2012,2014,construction_started|fully_operational,2012(year): construction_started=n_a by DCT Dulles Downs LLC; 2014(year): fully_operational=n_a by DCT Dulles Downs LLC
DCT DULLES PHASE II,Sterling,VA,Loudoun,38.988132,-77.450516,Operating,,DCT DULLES PHASE II LLC,1,<UNKNOWN>,<UNKNOWN>,fully_operational,<UNKNOWN>(year): fully_operational=n_a by DCT DULLES PHASE II LLC
DIGITAL STERLING PREMIER,Sterling,VA,Loudoun,38.99004,-77.43468,Operating,,DIGITAL STERLING PREMIER LLC,1,<UNKNOWN>,<UNKNOWN>,fully_operational,<UNKNOWN>(year): fully_operational=n_a by DIGITAL STERLING PREMIER LLC
Dulles 2000 Redevelopment,Sterling,VA,Loudoun,38.975124,-77.42687,Proposed,,BCG JV Sterling LLC; Phil Tager,1,<UNKNOWN>,<UNKNOWN>,rezoning_applied,<UNKNOWN>(year): rezoning_applied=filed by BCG JV Sterling LLC / Phil Tager
Dulles 28 Technology Park,Sterling,VA,Loudoun,39.0084,-77.44291,Proposed,,BlackChamber Group,5,2022,2022-04-05,public_hearing_held|rezoning_applied|rezoning_council_decision|rezoning_planning_commission_recommendation,2022(year): rezoning_applied=filed by Long Drive Land Company LLC; 2022(year): rezoning_planning_commission_recommendation=recommended_denial by Loudoun County Planning Commission; 2022-03-15(day): rezoning_council_decision=approved by Loudoun County Board of Supervisors; 2022-04(month): rezoning_council_decision=approved by Loudoun County Board of Supervisors; 2022-04-05(day): public_hearing_held=n_a by Loudoun County Board of Supervisors
Dulles Commerce,Sterling,VA,Loudoun,38.961967,-77.49829,Expanding,,PROLOGIS-EXCHANGE 43461 OLD OX ROAD LLC,1,2025,2025,other,2025(year): other=in_progress by PROLOGIS-EXCHANGE 43461 OLD OX ROAD LLC
DULLES DISTRIBUTION Landbay A,STERLING,VA,Loudoun,38.980274,-77.441475,Proposed,,,1,<UNKNOWN>,<UNKNOWN>,project_announced,<UNKNOWN>(year): project_announced=planned by unknown
DULLES DISTRIBUTION Landbay B,STERLING,VA,Loudoun,38.978138,-77.4419,Proposed,,,0,,,,
Dulles Electric Data Centers,STERLING,VA,Loudoun,38.99133,-77.42659,Proposed,,,1,2025,2025,other,2025(year): other=n_a by FracTracker
DULLES NCP LLC,Sterling,VA,Loudoun,38.9824,-77.42485,Operating,,DULLES NCP LLC,1,2024,2024,other,2024(year): other=n_a by Dulles NCP LLC
DULLES NORTH CORPORATE PARK 8,Sterling,VA,Loudoun,38.995342,-77.432556,Proposed,,John Collich/BF SAUL REAL ESTATE INVESTMENT,1,2023-01,2023-01,project_announced,2023-01(month): project_announced=planned by BF Saul Real Estate Investment / John Collich
Dulles Trade Center West,Sterling,VA,Loudoun,38.95402,-77.52864,Proposed,,10 Trade West Drive LLC/Charles S Kuhn Manager,0,,,,
FR SUMMIT AWS,Sterling,VA,Loudoun,38.98871,-77.44765,Operating,,FR SUMMIT LLC,2,2024,2024,fully_operational|other,2024(year): other=n_a by Loudoun County Assessor; 2024(year): fully_operational=n_a by FR Summit LLC
GI TC 45360 SEVERN WAY LLC,Sterling,VA,Loudoun,39.021675,-77.432915,Operating,,GI TC 45360 SEVERN WAY LLC,1,2024,2024,fully_operational,2024(year): fully_operational=n_a by GI TC 45360 Severn Way LLC
GLENN DRIVE NORTH & SOUTH,STERLING,VA,Loudoun,38.988274,-77.416306,Proposed,,,1,2025,2025,other,2025(year): other=n_a by FracTracker
HORSESHOE DRIVE,Sterling,VA,Loudoun,39.026024,-77.411606,Proposed,,,0,,,,
IAD03,Sterling,VA,Loudoun,38.993076,-77.43411,Operating,,Aligned Data Centers,2,2023,2023,fully_operational|other,2023(year): fully_operational=n_a by Aligned Data Centers; 2023(year): other=n_a by Aligned Data Centers
IAD2 Evoque Cyxtera,Sterling,VA,Loudoun,38.984196,-77.42402,Operating,,22810-22860 INTERNATIONAL DRIVE LLC,1,2024,2024,fully_operational,2024(year): fully_operational=n_a by Cyxtera
IAD214,Sterling,VA,Loudoun,38.986732,-77.43558,Operating,,,0,,,,
IAD3 Evoque Cyxtera,Sterling,VA,Loudoun,38.98106,-77.444336,Operating,,22995 WILDER COURT LLC,1,2024,2024,fully_operational,2024(year): fully_operational=n_a by 22995 WILDER COURT LLC
IAD76,Sterling,VA,Loudoun,38.994057,-77.45023,Operating,,FR RANDOLPH DRIVE LLC,1,2024,2024,other,2024(year): other=n_a by FR Randolph Drive LLC
JK TECHNOLOGY PARK #3,Sterling,VA,Loudoun,38.945557,-77.54126,Proposed,,,1,<UNKNOWN>,<UNKNOWN>,site_plan_applied,<UNKNOWN>(year): site_plan_applied=filed by Loudoun County
Loudoun Commerce Center,Sterling,VA,Loudoun,39.0224,-77.41007,Proposed,,Amazon,4,2022-02,2023-05-23,land_purchased|project_announced|site_plan_applied,2022-02(month): land_purchased=n_a by Amazon Data Services; 2022-07(month): land_purchased=n_a by Amazon Data Services; 2023-05(month): site_plan_applied=filed by Amazon Data Services; 2023-05-23(day): project_announced=n_a by Amazon Data Services
Manekin Plaza,Sterling,VA,Loudoun,39.023773,-77.40789,Proposed,,Amazon,3,2022-02,2023-05-23,land_purchased|project_announced|site_plan_applied,2022-02(month): land_purchased=n_a by Amazon Data Services; 2023-05(month): site_plan_applied=filed by Amazon Data Services; 2023-05-23(day): project_announced=n_a by Amazon Data Services
MARIES TECH PARK LLC,Sterling,VA,Loudoun,39.024,-77.4195,Operating,,Amazon,1,<UNKNOWN>,<UNKNOWN>,fully_operational,<UNKNOWN>(year): fully_operational=n_a by Amazon
ME-DC Pacific,Sterling,VA,Loudoun,38.999855,-77.445175,Proposed,,,0,,,,
MECP 1 ASHBURN 2 LLC,Sterling,VA,Loudoun,39.02199,-77.415115,Proposed,,EdgeCore Digital/Partners Group,3,2023,2023-04-03,land_purchased|project_announced|site_plan_applied,2023(year): land_purchased=n_a by Penzance; 2023(year): site_plan_applied=in_progress by EdgeCore Digital Infrastructure; 2023-04-03(day): project_announced=n_a by EdgeCore Digital Infrastructure
MECP1 ASHBURN 1 LLC,Sterling,VA,Loudoun,39.028484,-77.42769,Operating,,,1,<UNKNOWN>,<UNKNOWN>,other,<UNKNOWN>(year): other=n_a by MECP1 Ashburn 1 LLC
MECP2 ASHBURN 2 LLC,Sterling,VA,Loudoun,39.03041,-77.429016,Operating,,,1,<UNKNOWN>,<UNKNOWN>,other,<UNKNOWN>(year): other=n_a by Loudoun County
MECP3 ASHBURN 3 LLC,Sterling,VA,Loudoun,39.03235,-77.42991,Operating,,,1,2024,2024,fully_operational,2024(year): fully_operational=n_a by MECP3 Ashburn 3 LLC
MERCURE BUSINESS PARK LOT 22,STERLING,VA,Loudoun,38.98593,-77.478325,Proposed,,,1,2022,2022,other,2022(year): other=n_a by unknown
MERCURE BUSINESS PARK LOT 4A1B,STERLING,VA,Loudoun,38.98479,-77.48216,Proposed,,,1,2025,2025,project_announced,2025(year): project_announced=planned by unknown
MERCURE BUSINESS PARK LOTS 19 AND 20,STERLING,VA,Loudoun,38.985,-77.47932,Proposed,,,1,2025,2025,other,2025(year): other=planned by unknown
NV-4 CYRUSONE LLC,Sterling,VA,Loudoun,38.984684,-77.42581,Operating,13,C1 NORTHERN VIRGINIA - STERLING IV LLC,1,<UNKNOWN>,<UNKNOWN>,fully_operational,<UNKNOWN>(year): fully_operational=n_a by C1 Northern Virginia - Sterling IV LLC
NV-8 CYRUSONE,Sterling,VA,Loudoun,39.021248,-77.41337,Operating,,C1 NORTHERN VIRGINIA - STERLING VIII LLC,1,<UNKNOWN>,<UNKNOWN>,fully_operational,<UNKNOWN>(year): fully_operational=n_a by C1 Northern Virginia - Sterling VIII LLC
NV-9 CYRUSONE,Sterling,VA,Loudoun,38.958664,-77.50507,Expanding,135,C1 NORTHERN VIRGINIA - STERLING IX LLC,1,2024,2024,other,2024(year): other=filed by C1 Northern Virginia - Sterling IX LLC
NVA01 STACK INFRASTRUCTURE,Sterling,VA,Loudoun,39.004543,-77.44198,Operating,,"SI NVA01, LLC",1,2024,2024,other,"2024(year): other=n_a by SI NVA01, LLC"
Paragon Park Lot 3B,Sterling,VA,Loudoun,39.01517,-77.43475,Proposed,,BlackChamber Group,0,,,,
Prologis NOVA 1,Sterling,VA,Loudoun,38.98944,-77.44955,Expanding,,Prologis,7,2018-08,2022,land_purchased|other|project_announced|public_hearing_held|rezoning_applied|special_use_permit_applied|variance_applied,2018-08(month): land_purchased=approved by Prologis; 2022(year): project_announced=n_a by Prologis / DCT Dulles Phase I LLC; 2022(year): rezoning_applied=filed by Prologis / DCT Dulles Phase I LLC; 2022(year): special_use_permit_applied=filed by Prologis / DCT Dulles Phase I LLC; 2022(year): variance_applied=filed by Prologis / DCT Dulles Phase I LLC; 2022(year): public_hearing_held=n_a by Loudoun County Planning Commission; 2022(year): other=planned by Prologis / Skybox Datacenters
PROLOGIS PARK GATEWAY II,Sterling,VA,Loudoun,38.98795,-77.43817,Proposed,,Prologis,2,2023-10,2023-10-26,project_announced|rezoning_applied,2023-10(month): rezoning_applied=filed by Loudoun County; 2023-10-26(day): project_announced=n_a by Prologis
PROLOGIS-EXCHANGE 43461 OLD OX ROAD,Sterling,VA,Loudoun,38.95745,-77.49768,Expanding,,PROLOGIS-EXCHANGE 43461 OLD OX ROAD LLC,0,,,,
PROLOGIS-EXCHANGE 43461 OLD OX ROAD,Sterling,VA,Loudoun,38.95321,-77.49552,Expanding,,,0,,,,
QTS Ashburn-Moran,Sterling,VA,Loudoun,38.99446,-77.44814,Operating,,QTS DULLES LLC,1,2024,2024,fully_operational,2024(year): fully_operational=n_a by QTS DULLES LLC
QTS BRODERICK ACQUISITION CO LLC,Sterling,VA,Loudoun,38.999104,-77.44982,Operating,,QTS INVESTMENT PROPERTIES ASHBURN LLC,1,<UNKNOWN>,<UNKNOWN>,fully_operational,<UNKNOWN>(year): fully_operational=n_a by QTS Investment Properties Ashburn LLC
QTS Lockridge ASH2 Quality Tech Lane DC1,Sterling,VA,Loudoun,38.995537,-77.455315,Operating,,ASHBURN ACQUISITION CO II LLC,1,<UNKNOWN>,<UNKNOWN>,other,<UNKNOWN>(year): other=n_a by ASHBURN ACQUISITION CO II LLC
QTS Lockridge ASH2 Quality Tech Lane DC2,Sterling,VA,Loudoun,38.995434,-77.456924,Operating,,QTS Data Centers,1,<UNKNOWN>,<UNKNOWN>,fully_operational,<UNKNOWN>(year): fully_operational=n_a by QTS Data Centers
RIDGETOP CENTER,Sterling,VA,Loudoun,39.024727,-77.409904,Proposed,,,0,,,,
SHAW ROAD BUSINESS PARK,Sterling,VA,Loudoun,38.98132,-77.42225,Proposed,,,1,2025,2025,other,2025(year): other=n_a by unknown
"STERLING VI, V",Sterling,VA,Loudoun,39.02435,-77.434105,Operating,,,0,,,,
Thayer Road,Sterling,VA,Loudoun,39.026966,-77.42448,Proposed,,,0,,,,
VA 16,STERLING,VA,Loudoun,38.99909,-77.44114,Operating,,,0,,,,
VANTAGE DATA CENTERS VA11,Sterling,VA,Loudoun,39.002132,-77.43738,Operating,,VANTAGE DATA CENTERS VA11 LLC,2,2019,2019,fully_operational|other,2019(year): fully_operational=n_a by Vantage Data Centers; 2019(year): other=n_a by Vantage Data Centers
VANTAGE DATA CENTERS VA12,Sterling,VA,Loudoun,39.003056,-77.4401,Operating,,VANTAGE DATA CENTERS VA12 LLC,1,2024,2024,fully_operational,2024(year): fully_operational=n_a by Vantage Data Centers VA12 LLC
Vantage V2 Campus 22318 Glenn Drive,Sterling,VA,Loudoun,38.997974,-77.43019,Operating,,VANTAGE DATA CENTERS VA2 LLC,5,2021-10,2025,construction_started|fully_operational|land_purchased|project_announced|site_plan_applied,2021-10(month): land_purchased=n_a by Vantage Data Centers VA2 LLC; 2022-08(month): site_plan_applied=filed by Vantage Data Centers VA2 LLC; 2022-08-31(day): project_announced=n_a by Vantage Data Centers VA2 LLC; 2023(year): construction_started=planned by Vantage Data Centers VA2 LLC; 2025(year): fully_operational=n_a by Vantage Data Centers VA2 LLC
VERISIGN INC,Sterling,VA,Loudoun,38.997738,-77.44368,Operating,,VERISIGN INC,1,2024,2024,fully_operational,2024(year): fully_operational=n_a by VeriSign Inc
Western Lands,Sterling,VA,Loudoun,38.954502,-77.48892,Proposed,,Digital Realty,1,2024-02-27,2024-02-27,project_announced,2024-02-27(day): project_announced=planned by Digital Realty
Marvell Developments,Stevensburg,VA,Culpeper,38.435802,-77.87576,Proposed,,Amazon,0,,,,
42139 REEDS FARM LN,Stone Ridge,VA,Loudoun,38.944927,-77.549866,Proposed,,Amazon,1,2024,2024,project_announced,2024(year): project_announced=planned by Amazon
IAD11,Stone Ridge,VA,Loudoun,38.948166,-77.55538,Operating,,Microsoft,1,<UNKNOWN>,<UNKNOWN>,fully_operational,<UNKNOWN>(year): fully_operational=n_a by Microsoft
Quail Ridge C - D,Stone Ridge,VA,Loudoun,38.94839,-77.55884,Operating,,,3,2020,2022-02-15,fully_operational|land_purchased|lawsuit_filed,2020(year): lawsuit_filed=filed by Amazon Web Services; 2021-12(month): land_purchased=approved by Amazon Data Services (AWS); 2022-02-15(day): fully_operational=n_a by Amazon Web Services
Google Data Center,Troutville (Botetourt County),VA,Botetourt,37.44555,-79.9223,Proposed,,Google,8,2024-11,2026-03-11,USACE_404_applied|land_purchased|other|power_purchase_agreement_signed|project_announced|rezoning_council_decision,"2024-11(month): rezoning_council_decision=approved by Botetourt County; 2024-12(month): power_purchase_agreement_signed=n_a by Google; 2025-06-20(day): land_purchased=n_a by Google; 2025-06-24(day): project_announced=n_a by Botetourt County; 2025-06-24(day): other=approved by Botetourt County Board of Supervisors; 2025-09-12(day): other=approved by Western Virginia Water Authority; 2025-09-12(day): other=approved by Western Virginia Water Authority; 2026-03-11(day): USACE_404_applied=filed by US Army Corps of Engineers, Norfolk District"
ELIAS DC ASSETS,Tysons,VA,Fairfax,38.91998,-77.21348,Operating,,ELIAS DC ASSETS LLC,0,,,,
Tysons Enterprise West,Vienna,VA,Fairfax,38.909004,-77.2205,Expanding,,Equinix,3,2026-01,2026-02,land_purchased|rezoning_applied|special_use_permit_applied,2026-01(month): land_purchased=n_a by Serverfarm; 2026-02(month): rezoning_applied=filed by Serverfarm; 2026-02(month): special_use_permit_applied=filed by Serverfarm
Globalinx Virginia Beach,Virginia Beach,VA,Virginia Beach,36.783707,-76.00894,Operating,,LANDING 888 LLC,0,,,,
Telxius Cable Landing Station Virginia Beach,Virginia Beach,VA,Virginia Beach,36.777546,-76.00713,Expanding,,Telxius,3,2017,2017,fully_operational|other,2017(year): fully_operational=n_a by Telxius; 2017(year): other=planned by Telxius; 2017(year): other=planned by Telxius
DATA CENTER VINT HILL,Warrenton,VA,Fauquier,38.747417,-77.674255,Expanding,,DATA CENTER VINT HILL LLC,1,2024-07,2024-07,other,2024-07(month): other=in_progress by Data Center Vint Hill LLC
Maple Tree Farm,Warrenton,VA,Fauquier,38.691586,-77.77973,Proposed,,,3,2023-02,2023-02-14,project_announced|public_hearing_held|rezoning_applied,2023-02(month): project_announced=n_a by Dick and Leonard families (farm owners); 2023-02(month): rezoning_applied=filed by Dick and Leonard families (farm owners); 2023-02-14(day): public_hearing_held=n_a by Warrenton Town Council
Vint Hill Corners,WARRENTON,VA,Fauquier,38.744583,-77.68534,Proposed,,Vint Hill Corners LLC,1,<UNKNOWN>,<UNKNOWN>,project_announced,<UNKNOWN>(year): project_announced=planned by Vint Hill Corners LLC
Vint Hill Technology Campus (CyrusOne),Warrenton,VA,Fauquier,38.75228,-77.67349,Proposed,,C1 Vint Hill LLC,2,2021-10,2022-12-01,land_purchased|project_announced,2021-10(month): land_purchased=n_a by C1 Vint Hill LLC; 2022-12-01(day): project_announced=n_a by C1 Vint Hill LLC
DP Facilities: Mineral Gap,Wise,VA,Wise,36.978065,-82.52703,Expanding,,DP FACILITIES INC SOUTH LLC,2,2020,2020,other|project_announced,2020(year): project_announced=planned by DP Facilities Inc South LLC; 2020(year): other=planned by DP Facilities Inc South LLC
Amazon Data Service: Orrock Rd,Woodford,VA,Spotsylvania,38.121346,-77.50528,Proposed,,Amazon,2,2023-06-01,2023-06-01,project_announced|rezoning_applied,"2023-06-01(month): rezoning_applied=filed by Amazon Data Services, Inc.; 2023-06-01(month): project_announced=n_a by Amazon Data Services, Inc."
Mattameade Tech Campus,Woodford,VA,Caroline,38.114647,-77.49115,Proposed,,Amazon,3,2023-05,2023-05,other|public_hearing_held|rezoning_applied,2023-05(month): rezoning_applied=filed by Amazon; 2023-05(month): other=planned by Amazon; 2023-05(month): public_hearing_held=planned by Spotsylvania County Planning Commission and Board of Supervisors
Mattameade Tech Campus,Woodford,VA,Spotsylvania,38.12168,-77.504196,Proposed,,Amazon,3,2023-05,2023-05,other|public_hearing_held|rezoning_applied,2023-05(month): rezoning_applied=filed by Amazon; 2023-05(month): other=planned by Amazon; 2023-05(month): public_hearing_held=planned by Spotsylvania County Planning Commission and Board of Supervisors
Sabey Data Centers - Columbia,East Wenatchee,WA,Douglas,47.4067,-120.187,Operating,,,0,,,,
Equinix Data Center,Kent,WA,King,47.42195,-122.247,Operating,,,0,,,,
TierPoint - Spokane Data Center (SPO03),Liberty Lake,WA,Spokane,47.67205,-117.096,Operating,,,0,,,,
Centersquare Seattle Data Center (Lynnwood),Lynnwood,WA,Snohomish,47.84165,-122.302,Operating,,,0,,,,
Digital Fortress Data Center,Lynnwood,WA,Snohomish,47.82266,-122.289,Operating,,,0,,,,
Microsoft,Malaga,WA,Chelan,47.3591,-120.159,Operating,,Microsoft,7,2022-04,2025-06-16,construction_started|land_purchased|other|project_announced|site_plan_applied,2022-04(month): project_announced=n_a by Microsoft; 2022-04-28(day): land_purchased=approved by Chelan Douglas Regional Port Authority; 2023(year): site_plan_applied=filed by Microsoft; 2024(year): land_purchased=approved by Microsoft; 2025(year): construction_started=planned by Microsoft; 2025-06(month): other=n_a by Microsoft; 2025-06-16(day): other=approved by Chelan PUD
Bitfarm Bitcoin Washington,Moses Lake,WA,Grant,47.19689,-119.293205,Operating,18,,4,2025,2026-12,fully_operational|other|power_purchase_agreement_signed|project_announced,2025(year): fully_operational=n_a by Bitfarms; 2025-11-19(day): project_announced=planned by Bitfarms; 2025-11-19(day): power_purchase_agreement_signed=approved by Bitfarms; 2026-12(month): other=planned by Bitfarms
State Data Center,Olympia,WA,Thurston,47.03483,-122.895,Operating,,,0,,,,
North Olympic Peninsula Data Centers,Port Hadlock-Irondale,WA,Jefferson,48.04007,-122.785,Operating,,,0,,,,
CyrusOne Quincy,Quincy,WA,Grant,47.24391,-119.87,Operating,,,0,,,,
H5 Data Center,Quincy,WA,Grant,47.247917,-119.82491,Operating,82,H5 Data Centers,2,2024-12,2025-01,fully_operational|land_purchased,2024-12(month): land_purchased=approved by H5 Data Centers; 2025-01(month): fully_operational=n_a by H5 Data Centers
Vantage Data Center,Quincy,WA,Grant,47.24988,-119.814,Operating,,,0,,,,
Atlas Agro,Richland,WA,Benton,46.355118,-119.3108,Proposed,,,4,2025-10-20,2027,construction_started|land_purchased|other|project_announced,2025-10-20(day): project_announced=planned by Atlas Agro; 2025-10-20(day): land_purchased=planned by Atlas Agro; 2025-10-20(day): other=recommended_approval by City of Richland; 2027(year): construction_started=planned by Atlas Agro
Digital Fortress Seattle Data Center,Seattle,WA,King,47.49397,-122.294,Operating,,,0,,,,
H5 Data Centers,Seattle,WA,King,47.61901,-122.337,Operating,,,0,,,,
Seattle EdgeConneX Edge Data Center® (EDC),Seattle,WA,King,47.49822,-122.29,Operating,4.5,,1,2025,2025,fully_operational,2025(year): fully_operational=n_a by EdgeConneX
TierPoint - Seattle Data Center,Seattle,WA,King,47.61893,-122.349,Operating,,,0,,,,
Centersquare Seattle Data Center (Tukwila 2),Tukwila,WA,King,47.44046,-122.256,Operating,,,0,,,,
Beaver Dam Meta Data Center,Beaver Dam,WI,Dodge,43.51469,-88.8214,Approved/Permitted/Under construction,,Meta,10,2024-11,2027,construction_started|fully_operational|interconnection_request_filed|lawsuit_filed|other|project_announced|public_hearing_held,2024-11(month): interconnection_request_filed=filed by Wisconsin Power & Light Co (WPL) / American Transmission Co.; 2025-02-05(day): project_announced=n_a by Degas LLC / unnamed developer; 2025-02-05(day): other=approved by City of Beaver Dam; 2025-10(month): other=filed by Midwest Environmental Advocates; 2025-11(month): public_hearing_held=n_a by City of Beaver Dam; 2025-11-12(day): project_announced=n_a by Meta / Wisconsin Governor Tony Evers / WEDC; 2025-11-12(day): construction_started=n_a by Meta; 2025-12(month): other=denied by Public Service Commission of Wisconsin; 2025-12-09(day): lawsuit_filed=filed by Midwest Environmental Advocates; 2027(year): fully_operational=planned by Meta
DeForest QTS Data Center,DeForest,WI,Dane,43.23184,-89.33042,Cancelled,,,9,2025-07,2026-02-03,other|project_announced|project_withdrawn|public_hearing_held|rezoning_council_decision,2025-07(month): public_hearing_held=n_a by QTS Data Centers; 2025-07-14(day): project_announced=n_a by QTS Data Centers; 2025-07-31(day): public_hearing_held=n_a by QTS Data Centers; 2025-10-29(day): project_announced=n_a by QTS Data Centers; 2025-10-29(day): other=filed by QTS Data Centers; 2025-10-29(day): other=n_a by Vienna community residents; 2026-01-29(day): other=denied by Village of DeForest; 2026-01-29(day): project_withdrawn=withdrawn by QTS Data Centers; 2026-02-03(day): rezoning_council_decision=denied by Village of DeForest Village Board
MKE1,Franklin,WI,Milwaukee,42.86316,-87.9779,Operating,1.6,,1,2025,2025,fully_operational,2025(year): fully_operational=n_a by Expedient
Fredonia Data Center,Fredonia,WI,Ozaukee,43.45566,-87.9353,Proposed,,,3,2025-04-08,2025-08,construction_started|other|public_hearing_held,2025-04-08(day): other=in_progress by Port Washington Common Council; 2025-04-15(day): public_hearing_held=planned by Port Washington Common Council; 2025-08(month): construction_started=planned by unknown
Cloverleaf Data Center,Greenleaf,WI,Brown,44.32815,-88.110405,Cancelled,,,4,2026,2026-01-13,land_purchased|project_announced|project_withdrawn|public_hearing_held,2026(year): land_purchased=n_a by Cloverleaf Infrastructure; 2026-01(month): project_announced=n_a by Cloverleaf Infrastructure; 2026-01-13(day): public_hearing_held=n_a by Moms Clean Air Force / Community Residents; 2026-01-13(day): project_withdrawn=withdrawn by Cloverleaf Infrastructure
Janesville Data Center,Janesville,WI,Rock,42.65851,-89.0211,Proposed,25-200,,4,2025-07,2025-11-04,other|project_announced|public_hearing_held,2025-07(month): other=approved by Janesville City Council; 2025-07-14(month): project_announced=n_a by Janesville City Council / Janesville Economic Development; 2025-11(month): other=filed by unknown developer; 2025-11-04(day): public_hearing_held=n_a by City of Janesville
Kenosha Microsoft Data Center,Kenosha,WI,Kenosha,42.62348,-87.9679,Proposed,,Microsoft,5,2024-12,2025-01-27,land_purchased|other|project_announced|rezoning_council_decision|site_plan_applied,2024-12(month): rezoning_council_decision=approved by City of Kenosha; 2025(year): other=approved by Public Service Commission of Wisconsin; 2025-01-27(day): land_purchased=n_a by Microsoft; 2025-01-27(day): project_announced=n_a by Microsoft; 2025-01-27(day): site_plan_applied=filed by Microsoft
Microsoft Fairwater Data Center,Mount Pleasant,WI,Racine,42.68015,-87.90021,Approved/Permitted/Under construction,"450-3,300",Microsoft,13,2023,2026,building_permit_issued|conditional_use_permit_decision|construction_started|land_purchased|lawsuit_filed|other|partial_operational|project_announced|project_suspended|rezoning_council_decision|water_permit_issued,2023(year): land_purchased=n_a by Microsoft; 2023-03(month): project_announced=n_a by Microsoft; 2023-06(month): conditional_use_permit_decision=approved by Village of Mount Pleasant; 2023-07(month): water_permit_issued=approved by Wisconsin Department of Natural Resources; 2023-09(month): construction_started=n_a by Microsoft; 2023-11-10(day): rezoning_council_decision=approved by Racine County Board; 2023-12(month): building_permit_issued=approved by Village of Mount Pleasant; 2024-08(month): land_purchased=n_a by Microsoft; 2025-01(month): other=halted by Microsoft; 2025-01-03(day): project_suspended=halted by Microsoft; 2025-09-15(day): lawsuit_filed=filed by Midwest Environmental Advocates / Milwaukee Riverkeeper; 2025-09-18(day): project_announced=n_a by Microsoft; 2026(year): partial_operational=in_progress by Microsoft
Project Lighthouse,Port Washington,WI,Ozaukee,43.44933,-87.8525,Approved/Permitted/Under construction,"1,300-3,599",Vantage Data Centers,2,2025-11-18,2025-11-18,other,2025-11-18(day): other=approved by Port Washington Joint Review Board; 2025-11-18(day): other=approved by Port Washington Joint Review Board
Caledonia Data Center,Racine/ Caledonia,WI,Racine,42.83487,-87.8458,Suspended,,Microsoft,8,2025,2025-10,other|project_announced|project_withdrawn|public_hearing_held|rezoning_applied|rezoning_planning_commission_recommendation,2025(year): other=halted by Microsoft; 2025-08(month): project_announced=n_a by Microsoft / Dewberry Engineers; 2025-08(month): rezoning_applied=filed by Dewberry Engineers; 2025-08(month): public_hearing_held=n_a by Village of Caledonia Planning Commission; 2025-08-01(day): rezoning_planning_commission_recommendation=in_progress by Village of Caledonia Planning Commission; 2025-09(month): public_hearing_held=n_a by Village of Caledonia Plan Commission; 2025-09(month): rezoning_planning_commission_recommendation=approved by Village of Caledonia Plan Commission; 2025-10(month): project_withdrawn=withdrawn by Microsoft
Menomonie Data Center,Red Cedar/ Elk Mound,WI,Dunn County,44.92341,-91.8447,Suspended,,,7,2025-07,2025-09-22,other|project_announced|project_suspended|public_hearing_held|rezoning_applied|rezoning_council_decision|rezoning_planning_commission_recommendation,2025-07(month): project_announced=n_a by Balloonist LLC; 2025-07-07(day): rezoning_applied=filed by Balloonist LLC / landowners; 2025-07-28(day): rezoning_planning_commission_recommendation=n_a by Menomonie Plan Commission; 2025-08-04(day): public_hearing_held=n_a by Menomonie City Council; 2025-08-19(day): rezoning_council_decision=approved by Menomonie City Council; 2025-08-24(day): other=n_a by Stop the Menomonie Data Center (community group); 2025-09-22(day): project_suspended=halted by Mayor Randy Knaack / Menomonie City
Microsoft Data Center,Sturtevant,WI,Racine,42.68763,-87.9269,Proposed,,Microsoft,9,2023,2024-09-13,construction_started|land_purchased|other,2023(year): construction_started=n_a by Microsoft; 2023-12(month): land_purchased=n_a by Microsoft; 2024(year): other=approved by Village of Mount Pleasant; 2024-05(month): land_purchased=n_a by Microsoft; 2024-07(month): land_purchased=n_a by Microsoft; 2024-08-15(day): land_purchased=n_a by Microsoft; 2024-08-16(day): land_purchased=n_a by Microsoft; 2024-09(month): land_purchased=n_a by Microsoft; 2024-09-13(day): land_purchased=n_a by Microsoft
Microsoft Data Center,Sturtevant,WI,Racine,42.70384,-87.9382,Proposed,,Microsoft,9,2023,2024-09-13,construction_started|land_purchased|other,2023(year): construction_started=n_a by Microsoft; 2023-12(month): land_purchased=n_a by Microsoft; 2024(year): other=approved by Village of Mount Pleasant; 2024-05(month): land_purchased=n_a by Microsoft; 2024-07(month): land_purchased=n_a by Microsoft; 2024-08-15(day): land_purchased=n_a by Microsoft; 2024-08-16(day): land_purchased=n_a by Microsoft; 2024-09(month): land_purchased=n_a by Microsoft; 2024-09-13(day): land_purchased=n_a by Microsoft
Digital Power Optimization,Wisconsin Rapids,WI,Wood,44.41945,-89.8253,Cancelled,20,,6,2025,2025-07,building_permit_applied|construction_started|interconnection_agreement_executed|land_purchased|project_announced|project_cancelled,2025(year): construction_started=planned by Digital Power Optimization (DPO); 2025-01(month): building_permit_applied=in_progress by Digital Power Optimization (DPO); 2025-01-24(day): project_announced=n_a by Digital Power Optimization (DPO); 2025-01-24(day): land_purchased=approved by Digital Power Optimization (DPO) / Consolidated Water Power Company; 2025-01-24(day): interconnection_agreement_executed=approved by Consolidated Water Power Company (CWPCo); 2025-07(month): project_cancelled=withdrawn by Digital Power Optimization (DPO)
Ridgeline Microgrid,Davis,WV,Tucker,39.13851,-79.4867,Approved/Permitted/Under construction,"1,656",Fundamental Data LLC,8,2025,2025-11-05,air_permit_applied|air_permit_issued|lawsuit_filed|other|project_announced|public_hearing_held,"2025(year): air_permit_issued=approved by WV Department of Environmental Protection; 2025(year): other=approved by West Virginia Legislature; 2025-03(month): project_announced=n_a by Fundamental Data LLC; 2025-03(month): air_permit_applied=filed by Fundamental Data LLC; 2025-06(month): public_hearing_held=n_a by WV Department of Environmental Protection, Office of Air Quality; 2025-07(month): other=in_progress by Fundamental Data LLC; 2025-09(month): lawsuit_filed=filed by Appalachian Mountain Advocates / Sierra Club WV / WV Highlands Conservancy / Tucker United; 2025-11-05(day): public_hearing_held=planned by WV Air Quality Board"
Adams Fork Harless Data Center,Holden,WV,Mingo,37.75417,-82.1179,Proposed,2398.5,"TransGas Development, LLC",3,2023,2025-10,air_permit_issued|other|project_announced,"2023(year): project_announced=n_a by TransGas Development, LLC; 2025-05(month): other=planned by TransGas Development Systems, LLC; 2025-10(month): air_permit_issued=approved by WV Department of Environmental Protection – Division of Air Quality"
Alpha Technologies Data Center,Huntington,WV,Cabell,38.41845,-82.4386,Approved/Permitted/Under construction,,,3,2024-11-01,2025-03,construction_started|partial_operational|project_announced,2024-11-01(day): project_announced=n_a by Alpha Technologies; 2024-12(month): construction_started=n_a by Alpha Technologies; 2025-03(month): partial_operational=planned by Alpha Technologies
QTS Kearneysville Data Center,Kearneysville,WV,Jefferson,39.33659,-77.85235,Proposed,,QTS Data Centers,3,2024-07,2025-04-07,land_purchased|project_announced|site_plan_approved,2024-07(month): land_purchased=n_a by IB10 Martinsburg LLC; 2025-03(month): site_plan_approved=approved by Berkeley County Planning Commission; 2025-04-07(day): project_announced=n_a by QTS Data Centers
NETL’s Computational Science & Engineering Center,Morgantown,WV,Monongalia,39.67102,-79.975006,Approved/Permitted/Under construction,,National Energy Technology Laboratory,4,2025-04-03,2025-05-22,construction_started|other|project_announced,2025-04-03(day): project_announced=n_a by U.S. Department of Energy; 2025-04-03(day): other=n_a by U.S. Department of Energy; 2025-05-22(day): construction_started=n_a by National Energy Technology Laboratory; 2025-05-22(day): other=planned by National Energy Technology Laboratory
Mountaineer Gigasystem/ Monarch Cloud Campus,Point Pleasant,WV,Mason,38.9132,-82.1103,Proposed,2000-8000,Fidelis,0,,,,
Adams Fork Wharncliffe Data Center,Wharncliffe,WV,Mingo,37.59904,-81.9545,Proposed,2398.5,"TransGas Development, LLC",3,2023,2025-10,air_permit_issued|other|project_announced,"2023(year): project_announced=n_a by TransGas Development Systems, LLC; 2025-05(month): other=planned by TransGas Development Systems, LLC; 2025-10(month): air_permit_issued=approved by West Virginia Department of Environmental Protection"
Meta Data Center,Cheyenne,WY,Laramie,41.08515,-104.833,Proposed,,Meta,4,2023-11,2024-07,construction_started|other|project_announced|rezoning_council_decision,"2023-11(month): rezoning_council_decision=approved by Cheyenne City Council; 2024(year): construction_started=planned by Meta; 2024-05-10(day): project_announced=n_a by Meta (via Goat Systems, LLC); 2024-07(month): other=planned by Cheyenne Mayor Patrick Collins"
Microsoft Azure Data Center,Cheyenne,WY,Laramie,41.12372,-104.901,Approved/Permitted/Under construction,,Microsoft,0,,,,
Related Digital,Cheyenne,WY,Laramie,41.137573,-104.71874,Proposed,250,Related Digital,5,2025,2026,construction_started|partial_operational|power_purchase_agreement_signed|project_announced|public_hearing_held,2025(year): project_announced=n_a by Related Digital; 2025-10-07(day): construction_started=n_a by Related Digital; 2025-10-07(day): power_purchase_agreement_signed=approved by CoreWeave; 2025-10-07(day): public_hearing_held=n_a by City of Cheyenne; 2026(year): partial_operational=planned by Related Digital
Project Jade,Cheyenne,WY,Laramie,41.031693,-104.7964,Approved/Permitted/Under construction,"10,000",Crusoe,7,2025-07-24,2027,construction_started|partial_operational|project_announced|public_hearing_held|rezoning_council_decision|site_plan_approved,2025-07-24(day): project_announced=n_a by Crusoe / Tallgrass; 2025-10-07(month): rezoning_council_decision=approved by Laramie County Board of Commissioners; 2025-10-07(month): public_hearing_held=n_a by Laramie County Board of Commissioners; 2026-01(month): construction_started=planned by Crusoe / Tallgrass; 2026-01-05(month): site_plan_approved=approved by Laramie County Board of Commissioners; 2026-01-05(month): public_hearing_held=n_a by Laramie County Board of Commissioners; 2027(year): partial_operational=planned by Crusoe
Skybox Round Rock Data Center,Round Rock,TX,Williamson,30.5489,-97.6441,Approved/Permitted/Under construction,40,Skybox Datacenters,8,2025,2026-02-12,other|public_hearing_held|rezoning_applied|rezoning_council_decision|rezoning_planning_commission_recommendation,2025(year): rezoning_applied=filed by Skybox Datacenters; 2025-11-05(day): rezoning_planning_commission_recommendation=recommended_approval by Round Rock Planning & Zoning Commission; 2025-12-04(day): public_hearing_held=n_a by Round Rock City Council; 2025-12-04(day): rezoning_council_decision=approved by Round Rock City Council; 2026-01-08(day): other=n_a by Skybox Datacenters; 2026-02-12(day): public_hearing_held=n_a by Round Rock City Council; 2026-02-12(day): rezoning_council_decision=approved by Round Rock City Council; 2026-02-12(day): rezoning_council_decision=approved by Round Rock City Council
Project LufKin: Amp Z Data Center,Lufkin,TX,Angelina,31.3579,-94.677475,Proposed,175-1100,,6,2026,2029,land_purchased|other|project_announced,2026(year): other=planned by Amp Z Champion Data Center Holdings LLC; 2026-02-05(day): project_announced=n_a by Amp Z Champion Data Center Holdings LLC; 2026-02-05(day): land_purchased=in_progress by Amp Z Champion Data Center Holdings LLC; 2026-02-05(day): other=in_progress by Oncor Electric Delivery; 2028(year): other=planned by Amp Z Champion Data Center Holdings LLC; 2029(year): other=planned by Amp Z Champion Data Center Holdings LLC
Eneus Energy,Harlingen,TX,Cameron,26.226423,-97.63307,Proposed,"2,000",,3,2025-07,2026-02-05,interconnection_request_filed|land_purchased|project_announced,2025-07(month): land_purchased=filed by RGV Property Group (Eneus subsidiary); 2025-10(month): interconnection_request_filed=filed by Eneus Energy; 2026-02-05(day): project_announced=planned by Eneus Energy
Black Mountain Power Data Center,Van Ormy/ San Antonio,TX,Bexar,29.270124,-98.57086,Proposed,,Black Mountain Power,3,2025-11,2026-02-05,land_purchased|other|project_announced,2025-11(month): other=n_a by Black Mountain Power LLC; 2026-01(month): land_purchased=n_a by Black Mountain Power LLC; 2026-02-05(day): project_announced=n_a by Black Mountain Power LLC
Qumulus AI,Denton,TX,Denton,33.20929,-97.180824,Proposed,20,Qumulus AI,5,2022,2026-02-03,other|project_announced,2022(year): other=n_a by City of Denton; 2024-08(month): other=approved by City of Denton; 2025-10(month): other=n_a by Qumulus AI; 2026-01(month): other=approved by City of Denton; 2026-02-03(day): project_announced=n_a by Qumulus AI
American Tower/ ATC Watertown LLC/ Edge Data Center,Indianapolis,IN,Marion,39.894096,-86.20275,Suspended,4,,4,2025-11,2026-02,moratorium_enacted|other|project_suspended|rezoning_applied,2025-11(month): rezoning_applied=filed by American Tower / ATC Watertown LLC; 2026-02(month): project_suspended=withdrawn by American Tower / ATC Watertown LLC; 2026-02(month): moratorium_enacted=denied by Pike Township Council; 2026-02(month): other=in_progress by City of Indianapolis
Carlton Cloverleaf Data Center,Carlton,WI,Kewaunee,44.42317,-87.53463,Cancelled,100,Cloverleaf,2,2025,2025-10,project_announced|project_cancelled,2025(year): project_cancelled=withdrawn by Cloverleaf Infrastructure; 2025-10(month): project_announced=n_a by Cloverleaf Infrastructure
North East Data Center LLC,Lytle,TX,Medina,29.219524,-98.82438,Proposed,300,Rowan,5,2025-08,2027,construction_started|fully_operational|other|partial_operational|project_announced,2025-08(month): construction_started=n_a by Rowan Digital Infrastructure; 2026(year): partial_operational=planned by Rowan Digital Infrastructure; 2026-02-12(day): project_announced=n_a by Rowan Digital Infrastructure; 2026-02-12(day): other=approved by Rowan Digital Infrastructure; 2027(year): fully_operational=planned by Rowan Digital Infrastructure
Maricopa Data Center,Buckeye,AZ,Maricopa,33.192265,-112.67318,Proposed,,Fortescue,4,2025,2026-02-12,project_announced|project_cancelled|rezoning_council_decision|rezoning_planning_commission_recommendation,2025(year): project_cancelled=withdrawn by Fortescue / Phoenix Hydrogen Hub LLC; 2026-02(month): rezoning_council_decision=planned by Buckeye City Council; 2026-02-10(day): rezoning_planning_commission_recommendation=recommended_approval by Buckeye Area Planning and Zoning Commission; 2026-02-12(day): project_announced=n_a by Fortescue / Phoenix Hydrogen Hub LLC
Menlo Equities Data Centere,Sunnyvale,CA,Santa Clara,37.400707,-122.03299,Proposed,49,,3,2022,2026-02-12,land_purchased|other|project_announced,2022(year): land_purchased=n_a by Menlo Equities; 2025-02(month): other=n_a by NRG Energy; 2026-02-12(day): project_announced=planned by Menlo Equities
Barrington Hills Data Center,Barrington Hills,IL,Cook,42.102898,-88.228096,Cancelled,,,3,2026-01,2026-02-02,project_announced|project_withdrawn|public_hearing_held,2026-01(month): project_announced=n_a by Brennan Investment Group; 2026-01-28(day): project_withdrawn=withdrawn by Brennan Investment Group; 2026-02-02(day): public_hearing_held=planned by Village of Barrington Hills Plan Commission
EdgeConneX Ashville Data Center,Ashville,OH,Pickaway,39.733818,-82.97449,Proposed,200,EdgeConneX,7,2025-11,2026-02-02,land_purchased|other|project_announced|public_hearing_held,2025-11(month): project_announced=n_a by EdgeConneX; 2025-11(month): other=n_a by EdgeConneX; 2025-12(month): public_hearing_held=n_a by Village of Ashville; 2026(year): land_purchased=n_a by EdgeConneX; 2026-02(month): other=filed by EdgeConneX; 2026-02-02(day): other=denied by Village of Ashville Council; 2026-02-02(day): other=denied by Ashville Village Council
"""Treetop Development Project""",Hopewell Junction,NY,Dutchess,41.5234,-73.81024,Proposed,1000,onovan Drive Holdings LLC,0,,,,
"New York State Artificial Intelligence Data Center/ ZeroC Data Centers, LLC",Massena,NY,St. Lawrence,44.95557,-74.853615,Cancelled,300,,2,2024,2024-09-18,interconnection_request_filed|project_withdrawn,"2024(year): project_withdrawn=withdrawn by ZeroC Data Centers, LLC; 2024-09-18(day): interconnection_request_filed=filed by ZeroC Data Centers, LLC"
Kingsboro Data Center Project,Edgecombe County,NC,Edgecombe,35.924713,-77.65831,Proposed,900,Energy Storage Solutions,8,2025-09,2026,construction_started|lawsuit_filed|other|project_announced|public_hearing_held|rezoning_council_decision,2025-09(month): other=denied by Tarboro Town Council; 2025-11(month): lawsuit_filed=filed by Energy Storage Solutions; 2025-11-03(month): rezoning_council_decision=approved by Edgecombe County Board of Commissioners; 2025-11-05(day): project_announced=n_a by Energy Storage Solutions; 2025-11-20(day): other=planned by Edgecombe County Board of Commissioners; 2025-11-25(day): other=n_a by Edgecombe Neighbors for Data Center Accountability; 2025-12-01(day): public_hearing_held=n_a by Edgecombe County Board of Commissioners; 2026(year): construction_started=planned by Energy Storage Solutions
Project Sharka: Google Data Center,Midlothian,TX,Ellis,32.444714,-97.05485,Approved/Permitted/Under construction,,,4,2025-12-08,2027-02-24,construction_started|fully_operational|other|project_announced,2025-12-08(day): project_announced=n_a by Google (Sharka LLC); 2025-12-08(day): other=filed by Texas Department of Licensing and Regulation; 2026-01(month): construction_started=n_a by Google (Sharka LLC); 2027-02-24(day): fully_operational=planned by Google (Sharka LLC)
Mawson Midland Data Center,Midland,PA,Beaver,40.632298,-80.45189,Expanding,100,Mawson Infrastructure Group,4,2022,2026-02-08,construction_started|other|power_purchase_agreement_signed|project_announced,2022(year): power_purchase_agreement_signed=n_a by Energy Harbor Corporation; 2022-02-03(day): project_announced=n_a by Mawson Infrastructure Group; 2022-06(month): construction_started=n_a by Mawson Infrastructure Group; 2026-02-08(day): other=in_progress by Mawson Infrastructure Group
Walsh Bowers Technology Center: CoreSite,Santa Clara,CA,Santa Clara,37.37316,-121.976166,Expanding,72,CoreSite,5,2021,2028,fully_operational|land_purchased|other|project_announced,2021(year): land_purchased=n_a by GI Partners; 2024(year): other=approved by City of Santa Clara; 2026-02-12(day): land_purchased=n_a by CoreSite; 2026-02-12(day): project_announced=n_a by CoreSite; 2028(year): fully_operational=planned by CoreSite
Stack Infrastructure POR01A,Hillsboro,OR,Washington,45.54944,-122.92765,Expanding,4,Stack,5,2020-10,2027,construction_started|fully_operational|other|project_announced,2020-10(month): construction_started=n_a by Stack Infrastructure; 2022-01(month): fully_operational=n_a by Stack Infrastructure; 2022-07(month): project_announced=n_a by Stack Infrastructure; 2026-02-11(day): project_announced=planned by Stack Infrastructure; 2027(year): other=planned by Stack Infrastructure
"Stack Infrastructure, POR03A, 3B, 3C, 3D",Hillsboro,OR,Washington,45.5502,-122.941696,Expanding,25,Stack,4,2020-10,2027,construction_started|other|partial_operational|project_announced,2020-10(month): construction_started=n_a by Stack Infrastructure; 2022-01(month): partial_operational=n_a by Stack Infrastructure; 2022-07(month): project_announced=n_a by Stack Infrastructure; 2027(year): other=planned by Stack Infrastructure
BHM01 Nebius Data Center,Birmingham,AL,Jefferson,33.42746,-86.88143,Proposed,300,Nebius,5,2025,2026-02-10,land_purchased|moratorium_enacted|other|project_announced|public_hearing_held,2025(year): land_purchased=n_a by Alabama ADC Holdings LLC (Nebius affiliate); 2025-12-16(day): moratorium_enacted=planned by City of Birmingham; 2026-01-13(day): public_hearing_held=planned by Birmingham City Council; 2026-02-10(day): project_announced=n_a by Nebius; 2026-02-10(day): other=filed by Nebius
Mililani Technology Park,Mililani,HI,Honolulu,21.480452,-158.02138,Expanding,,,4,2021-09,2026-02,construction_started|partial_operational|project_announced,2021-09(month): partial_operational=n_a by Servpac; 2023(year): partial_operational=n_a by Servpac; 2026-01(month): project_announced=planned by Servpac; 2026-02(month): construction_started=n_a by Servpac
Adobe Data Center,Hillsboro,OR,Washington,45.550182,-122.93266,Operating,,,0,,,,
CyrusOne,Fairfield,TX,Freestone,31.893915,-96.11786,Proposed,380,CyrusOne,3,2026-02-09,2026-02-09,other|power_purchase_agreement_signed|project_announced,2026-02-09(day): project_announced=n_a by CyrusOne; 2026-02-09(day): power_purchase_agreement_signed=approved by Calpine LLC / Constellation; 2026-02-09(day): other=n_a by Calpine LLC / Constellation
CyrusOne: DFW10,Whitney,TX,Bosque,31.860664,-97.35856,Approved/Permitted/Under construction,400,CyrusOne,8,2024,2026-10,construction_started|other|partial_operational|power_purchase_agreement_signed|project_announced,2024(year): other=filed by CyrusOne; 2024-11(month): other=filed by CyrusOne; 2025-07(month): power_purchase_agreement_signed=approved by CyrusOne / Calpine Corporation; 2025-07(month): project_announced=n_a by CyrusOne; 2025-11(month): construction_started=in_progress by CyrusOne; 2025-11-05(month): power_purchase_agreement_signed=approved by CyrusOne / Calpine Corporation; 2026-03-09(month): other=n_a by CyrusOne; 2026-10(month): partial_operational=planned by CyrusOne
Project Pumpkin,Harlem,GA,Columbia,33.48528,-82.318,Approved/Permitted/Under construction,,,1,2026-02,2026-02,other,2026-02(month): other=approved by Columbia County
Monterey Park Data Center,Monterey Park,CA,Los Angeles,34.04039,-118.11365,Suspended,,HMC StratCorp and subsidiary DigiCo REIT,14,2024,2026-04-01,land_purchased|moratorium_enacted|other|project_announced|project_withdrawn|public_hearing_held|state_environmental_review_initiated,2024(year): land_purchased=n_a by HMC Capital; 2025-10(month): state_environmental_review_initiated=filed by HMC Capital / DigiCo REIT; 2025-11-19(day): public_hearing_held=n_a by Monterey Park City Council; 2025-12(month): project_announced=n_a by HMC Capital / DigiCo REIT; 2025-12-03(day): public_hearing_held=n_a by Monterey Park City Council; 2025-12-03(day): other=in_progress by Monterey Park City Council; 2026-01-21(day): public_hearing_held=n_a by Monterey Park City Council; 2026-01-22(day): moratorium_enacted=approved by Monterey Park City Council; 2026-02-04(day): public_hearing_held=n_a by Monterey Park City Council; 2026-02-05(day): other=in_progress by Monterey Park City Council; 2026-03-04(day): public_hearing_held=n_a by Monterey Park City Council; 2026-03-05(day): moratorium_enacted=approved by Monterey Park City Council; 2026-03-05(day): other=planned by Monterey Park City Council; 2026-04-01(day): project_withdrawn=withdrawn by HMC StratCap
Proposed Data Center,New Brunswick,NJ,Middlesex,40.48662,-74.45843,Cancelled,,,2,2026-02-18,2026-02-18,project_cancelled|rezoning_council_decision,2026-02-18(day): rezoning_council_decision=denied by New Brunswick City Council; 2026-02-18(day): project_cancelled=denied by New Brunswick City Council
Pacifico Data Center,Muhlenburg,OH,Pickaway,39.697655,-83.11986,Proposed,,,4,2026,2027-02-03,moratorium_enacted|moratorium_expired|public_hearing_held|rezoning_applied,2026(year): rezoning_applied=filed by Pacifico Energy; 2026-02(month): public_hearing_held=n_a by Muhlenberg Township Trustees; 2026-02(month): moratorium_enacted=approved by Muhlenberg Township Trustees; 2027-02-03(day): moratorium_expired=planned by Muhlenberg Township Trustees
Red Oak Data Center 2,Red Oak,TX,Ellis,32.53665,-96.79767,Operating,,Google,3,2018-07,2024,fully_operational|other|project_announced,2018-07(month): other=approved by Ellis County Commissioners; 2023(year): project_announced=n_a by Google; 2024(year): fully_operational=n_a by Google
Mercer County Data Center,Harrodsburg,KY,Mercer,37.769886,-84.77884,Proposed,645,Jones Lang Sallee,6,2025,2026-03-25,other|project_announced|public_hearing_held,2025(year): project_announced=n_a by Jones Lang LaSalle (JLL); 2025(year): project_announced=n_a by Jones Lang LaSalle (JLL); 2026-02(month): other=filed by Diane Floyd / We Are Mercer County; 2026-02-18(day): public_hearing_held=n_a by Harrodsburg-Mercer County Joint Planning and Zoning Commission; 2026-02-18(day): other=n_a by Attorney Hank Graddy / We Are Mercer County; 2026-03-25(day): public_hearing_held=planned by Harrodsburg-Mercer County Joint Planning and Zoning Commission
Canton Data Center,Canton,OH,Stark,40.8489,-81.4408,Operating,1.5,Ark Data Centers,2,2018-10-29,2021-05-06,land_purchased|other,2018-10-29(day): land_purchased=approved by Carter Validus Mission Critical REIT II; 2021-05-06(day): other=approved by Involta
Dickerson Data Centers,Dickerson,MD,Montgomery,39.209373,-77.46454,Proposed,300,,6,2025-12-12,2026-03-09,other|project_announced|public_hearing_held|site_plan_applied,2025-12-12(day): site_plan_applied=filed by Atmosphere Data Centers; 2025-12-16(day): project_announced=n_a by Terra Innovations / Atmosphere Data Centers; 2025-12-16(day): other=n_a by Terra Innovations; 2026-02-24(day): public_hearing_held=n_a by Montgomery County Council; 2026-02-24(day): other=in_progress by Montgomery County Council; 2026-03-09(day): other=planned by Montgomery County Council
Project Ruby,Box Springs,GA,Muscogee,32.581497,-84.71003,Proposed,,,6,2026-02-25,2026-03-06,other|project_announced|public_hearing_held|rezoning_applied|state_environmental_review_initiated,2026-02-25(day): project_announced=n_a by Choose Columbus / Atlas Development; 2026-02-25(day): public_hearing_held=n_a by Columbus City Council; 2026-02-25(day): other=planned by Columbus City Council; 2026-02-25(day): rezoning_applied=planned by Atlas Development; 2026-02-25(day): state_environmental_review_initiated=planned by Georgia Department of Community Affairs; 2026-03-06(day): public_hearing_held=planned by Choose Columbus / Missy Kendrick
Monitcello Data Center,Monticello,MN,Wright,45.275093,-93.81535,Proposed,,"Monticello Tech, LLC,",2,2025-10,2025-10-27,project_announced|state_environmental_review_initiated,"2025-10(month): state_environmental_review_initiated=in_progress by City of Monticello; 2025-10-27(day): project_announced=n_a by Monticello Tech, LLC / Frattalone Companies"
Viridien Data Center,Brenham,TX,Washington,30.140465,-96.40983,Proposed,45,Viridien,4,2022,2026-01,land_purchased|other|project_announced|public_hearing_held,2022(year): project_announced=n_a by Viridien; 2025(year): land_purchased=n_a by Viridien; 2026-01(month): other=denied by Brenham City Council; 2026-01(month): public_hearing_held=n_a by Brenham City Council
Morgantown Data Center,Newburg,MD,Charles,38.3596,-76.9757,Proposed,210-500,"TeraWulf, Inc. ",4,2026-02-02,2026-02-02,land_purchased|other|project_announced,"2026-02-02(day): project_announced=n_a by TeraWulf, Inc.; 2026-02-02(day): land_purchased=in_progress by TeraWulf, Inc.; 2026-02-02(day): other=in_progress by Federal Energy Regulatory Commission (FERC); 2026-02-02(day): other=in_progress by Charles County Planning Commission"
75 South Data Center Campus ,Griffin,GA,Spalding,33.256115,-84.14383,Proposed,,,5,2026,2026-01-30,other|project_announced|rezoning_applied|state_environmental_review_initiated|water_permit_applied,"2026(year): other=n_a by Georgia Power; 2026-01(month): state_environmental_review_initiated=filed by Georgia Department of Community Affairs; 2026-01(month): rezoning_applied=filed by Industrial VI Enterprises, LLC / Spalding County; 2026-01(month): water_permit_applied=filed by Spalding County Water Authority; 2026-01-30(day): project_announced=n_a by Industrial VI Enterprises, LLC (Hillwood affiliate)"
Project Pumpkin 2A,Miami,TX,Roberts,35.691273,-100.6382,Proposed,,Google,3,2026-02-06,2026-02-09,construction_started|other|project_announced,2026-02-06(day): construction_started=in_progress by IP Meitner Land LLC; 2026-02-08(day): other=filed by Texas Department of Licensing and Regulation; 2026-02-09(day): project_announced=n_a by Intersect Power / IP Meitner Land LLC
Summit Ridge Data Center,Santaquin,UT,Utah,39.946636,-111.80722,Proposed,20,Data Center Power Company,3,2024,2026-01-30,project_announced|public_hearing_held|site_plan_approved,2024(year): site_plan_approved=approved by City of Santaquin; 2026-01(month): public_hearing_held=n_a by City of Santaquin; 2026-01-30(day): project_announced=n_a by Data Center Power Company
Bitfarms,Sharon,PA,Mercer,41.24472,-80.50655,Operating,30,,3,2025-11-19,2026,fully_operational|other|project_announced,2025-11-19(day): project_announced=planned by Bitfarms; 2025-11-19(day): fully_operational=n_a by Bitfarms; 2026(year): other=planned by Bitfarms
US Signal Data Center,Aurora,IL,Kane,41.772236,-88.21706,Operating,1.35,,4,2026-02,2026-02-02,fully_operational|land_purchased|other|project_announced,2026-02(month): land_purchased=approved by US Signal; 2026-02(month): fully_operational=n_a by US Signal; 2026-02(month): other=planned by US Signal; 2026-02-02(day): project_announced=n_a by US Signal
350 Main Street (H5 Data Centers BU1),Buffalo,NY,Erie,42.88409,-78.875725,Operating,1,,3,2026-02-03,2026-02-03,fully_operational|land_purchased|project_announced,2026-02-03(day): fully_operational=n_a by H5 Data Centers; 2026-02-03(day): land_purchased=approved by H5 Data Centers / HyscaleIX Data Centers; 2026-02-03(day): project_announced=n_a by H5 Data Centers / Novacap
IBM Data Center,Poughkeepsie,NY,Dutchess,41.660404,-73.93994,Approved/Permitted/Under construction,100,,3,2024-09-26,2024-09-26,fully_operational|other|project_announced,2024-09-26(day): project_announced=n_a by IBM; 2024-09-26(day): fully_operational=n_a by IBM; 2024-09-26(day): other=planned by IBM
Edge Data Center,Beaver Dam,WI,Dodge,43.502884,-88.8095,Proposed,,,2,2026-02,2026-02-02,project_announced|public_hearing_held,2026-02(month): public_hearing_held=planned by Beaver Dam Common Council; 2026-02-02(day): project_announced=planned by Oppidan Investment Company
Global AI,Windsor,CO,Weld,40.458607,-104.87199,Proposed,18,,3,2025-11,2026-02-09,land_purchased|other|project_announced,2025-11(month): land_purchased=approved by Global AI; 2026(year): other=planned by Global AI; 2026-02-09(day): project_announced=n_a by Global AI
H5 Data Center ,Tampa,FL,Hillsborough,27.949581,-82.45849,Proposed,,,2,2026-02-03,2026-02-03,land_purchased|project_announced,2026-02-03(day): land_purchased=approved by HyscaleIX Data Centers (H5 Data Centers / Novacap JV); 2026-02-03(day): project_announced=n_a by H5 Data Centers / Novacap (HyscaleIX Data Centers)
Global AI,Endicott,NY,Broome,42.104294,-76.04444,Operating,32,,1,2026-02-09,2026-02-09,fully_operational,2026-02-09(day): fully_operational=n_a by Global AI
H5 Data Center,Nashville,TN,Davidson,36.1628,-86.77863,Proposed,,,2,2026-02-03,2026-02-03,other|project_announced,2026-02-03(day): other=approved by H5 Data Centers / Novacap (HyscaleIX Data Centers); 2026-02-03(day): project_announced=n_a by H5 Data Centers / Novacap
Data center,Provo,UT,Utah,40.214104,-111.65521,Suspended,5,,6,2026-02,2026-03-16,project_announced|project_suspended|public_hearing_held|rezoning_applied|rezoning_council_decision|rezoning_planning_commission_recommendation,2026-02(month): public_hearing_held=n_a by Provo Planning Commission; 2026-02-06(day): project_announced=n_a by B+F Timpanogos; 2026-02-06(day): rezoning_applied=filed by B+F Timpanogos; 2026-02-06(day): rezoning_planning_commission_recommendation=recommended_approval by Provo Planning Commission; 2026-03-16(day): rezoning_council_decision=denied by Provo City Council; 2026-03-16(day): project_suspended=halted by Provo City Council
Sequitor Edge Data Center,Kearney,NE,Buffalo,40.726894,-99.042984,Proposed,,,3,2025-09-22,2027,fully_operational|land_purchased|project_announced,2025-09-22(day): project_announced=n_a by Sequitor Edge; 2025-09-22(day): land_purchased=approved by Kearney City Council; 2027(year): fully_operational=planned by Sequitor Edge
Sequitor Edge Data Center,Rapid City,SD,Pennington,44.03367,-103.18849,Proposed,2,,1,2026-02-12,2026-02-12,project_announced,2026-02-12(day): project_announced=planned by Sequitor Edge / Elevate Rapid City
SCG Global Holdings LLC Data Center,Chantilly,VA,Fairfax,38.91267,-77.451675,Proposed,,,3,2025,2026-03-17,land_purchased|project_announced|public_hearing_held,2025(year): project_announced=n_a by SCG Global Holdings LLC / Starwood; 2026-02(month): land_purchased=planned by SCG Global Holdings LLC / Starwood; 2026-03-17(day): public_hearing_held=planned by Fairfax County Board of Supervisors
Alcove Development Data Center,Osawatomie,KS,Miami,38.516045,-94.931076,Proposed,50,,2,2026-02-21,2026-02-21,other|project_announced,2026-02-21(day): project_announced=n_a by City of Osawatomie; 2026-02-21(day): other=in_progress by City of Osawatomie / Alcove Development
DeepGreen Western Passage SPV LLC  Data Center,Eastport,ME,Washington,44.94704,-67.01703,Proposed,51,DeepGreen Western Passage SPV LLC ,2,2026-03-13,2026-03-13,other|project_announced,2026-03-13(day): project_announced=n_a by DeepGreen Western Passage SPV LLC; 2026-03-13(day): other=filed by Federal Energy Regulatory Commission (FERC)
QTS,Atlanta,GA,Fulton,33.77595,-84.421074,Operating,275,,2,2006,2026-03-13,fully_operational|other,2006(year): fully_operational=n_a by QTS; 2026-03-13(day): other=n_a by QTS
QTS Suwanee,Suwanee,GA,Gwinnett,34.03671,-84.06008,Operating,,,1,2005,2005,fully_operational,2005(year): fully_operational=n_a by QTS
Aberdeen Data Center,Aberdeen,OH,Adams,38.638145,-83.69277,Proposed,400-1100,,6,2026-02,2028,USACE_404_issued|construction_started|other|project_announced,2026-02(month): project_announced=n_a by AES Ohio; 2026-03(month): other=filed by AES Ohio; 2026-03(month): USACE_404_issued=approved by US Army Corps of Engineers; 2026-03(month): other=n_a by Adams County residents; 2026-03(month): other=n_a by WCPO-TV; 2028(year): construction_started=planned by unknown
Smithfield Gateway Data Center,East Stroudsburg,PA,Monroe,41.00482,-75.14695,Proposed,,Gateway Development,2,2026-02,2026-03-12,project_announced|public_hearing_held,2026-02(month): public_hearing_held=in_progress by Smithfield Township Planning Commission; 2026-03-12(day): project_announced=n_a by Gateway Development / Legend Properties
PowerHouse Data Centers,Jackson Twp/ Joliet,IL,Will,41.465225,-88.06284,Proposed,1800,,5,2025-10,2026-03-16,project_announced|public_hearing_held|rezoning_applied|rezoning_council_decision|rezoning_planning_commission_recommendation,2025-10(month): project_announced=n_a by PowerHouse Data Centers / PowerHouse Hillwood Holding; 2025-10(month): rezoning_applied=filed by PowerHouse Hillwood Holding; 2026-03(month): public_hearing_held=n_a by Joliet Planning Commission; 2026-03-06(day): rezoning_planning_commission_recommendation=recommended_approval by Joliet Planning Commission; 2026-03-16(day): rezoning_council_decision=planned by Joliet City Council
Colossus Data Center,Spring Hill,KS,Johnson,38.781784,-94.77902,Cancelled,,,3,2026,2026-03-25,project_withdrawn|public_hearing_held|rezoning_applied,2026(year): rezoning_applied=filed by Colossus Data Center Advisors; 2026-03-06(day): project_withdrawn=withdrawn by Colossus Data Center Advisors; 2026-03-25(day): public_hearing_held=planned by City of Spring Hill Planning Commission
Amazon Clinton Data Center,Clinton,MS,Hinds,32.34915,-90.36636,Proposed,,,6,2026-01-15,2026-03-06,construction_started|land_purchased|other|project_announced|public_hearing_held,2026-01-15(day): other=approved by Clinton Board of Aldermen; 2026-01-15(day): public_hearing_held=n_a by Clinton Board of Aldermen; 2026-02-13(day): land_purchased=n_a by Amazon Web Services; 2026-03-03(day): construction_started=in_progress by Amazon Web Services; 2026-03-06(day): project_announced=n_a by Amazon Web Services; 2026-03-06(day): other=in_progress by Mississippi Development Authority
Vintage Partners data center,"Laveen, Phoenix",AZ,Maricopa,33.421955,-112.19218,Cancelled,,,6,2025-07-02,2026-03-05,construction_started|moratorium_enacted|other|project_cancelled,2025-07-02(day): moratorium_enacted=approved by City of Phoenix; 2026-03-05(day): construction_started=in_progress by Vintage Partners; 2026-03-05(day): other=approved by City of Phoenix; 2026-03-05(day): other=filed by Vintage Partners; 2026-03-05(day): project_cancelled=withdrawn by Vintage Partners; 2026-03-05(day): other=n_a by Vintage Partners
TenKey LandCo data center,Franklin,KY,Simpson,36.66604,-86.57219,Approved/Permitted/Under construction,,,7,2026,2026-03-06,lawsuit_filed|project_announced|public_hearing_held|site_plan_applied|site_plan_approved,2026(year): lawsuit_filed=filed by Citizens group; 2026-02-05(day): site_plan_applied=filed by TenKey LandCo; 2026-03(month): site_plan_applied=filed by TenKey LandCo; 2026-03(month): public_hearing_held=n_a by Franklin Planning & Zoning Commission; 2026-03-06(day): project_announced=n_a by TenKey LandCo; 2026-03-06(day): site_plan_approved=approved by Franklin Planning & Zoning Commission; 2026-03-06(day): lawsuit_filed=filed by TenKey LandCo
"Natelli Investments LLC ""New Hill Digital Campus""",New Hill,NC,Wake,35.667305,-78.95606,Cancelled,250,,4,2025-03,2026-03-10,moratorium_enacted|other|project_announced|project_withdrawn,2025-03(month): other=n_a by Wake County; 2026-03-06(day): project_announced=n_a by Natelli Investments LLC; 2026-03-06(day): project_withdrawn=withdrawn by Natelli Investments LLC; 2026-03-10(day): moratorium_enacted=planned by Town of Apex
Edged data center,Fort Worth,TX,Tarrant,32.689224,-97.4945,Proposed,,,3,2025-07,2026-03-31,land_purchased|other|project_announced,2025-07(month): land_purchased=n_a by Edged; 2026-03-05(day): project_announced=planned by Edged; 2026-03-31(day): other=planned by Fort Worth City Council
Edged data center (DFW01-1),Irving,TX,Dallas,32.817696,-96.91813,Operating,24,,3,2023-09,2026-01,fully_operational|other|project_announced,2023-09(month): project_announced=n_a by Edged; 2025-01(month): fully_operational=n_a by Edged; 2026-01(month): other=approved by Edged
Meta Data Center,Beloit,WI,Rock,42.57651,-88.99512,Proposed,,Meta,3,2024-05,2026,construction_started|fully_operational|project_announced,2024-05(month): project_announced=n_a by Meta; 2024-05(month): construction_started=in_progress by Meta; 2026(year): fully_operational=planned by Meta
Penzance Management data center,Martinsburg,WV,Berkeley,39.526875,-77.89455,Proposed,600,,2,2026-02,2026-02,other|project_announced,2026-02(month): project_announced=n_a by Governor Patrick Morrisey / Penzance Management; 2026-02(month): other=approved by State of West Virginia
AWS,Pasadena,CA,Los Angeles,34.166836,-118.08752,Proposed,,,4,2025-12,2026-03-06,land_purchased|other|project_announced|public_hearing_held,2025-12(month): land_purchased=approved by Amazon Web Services; 2026-03(month): public_hearing_held=n_a by Pasadena City Council; 2026-03-06(day): project_announced=n_a by Amazon Web Services; 2026-03-06(day): other=in_progress by Amazon Web Services
Harrison Street Asset Management data center,Laurel,MD,Prince George's,39.13352,-76.85197,Proposed,,,4,2020,2026-03-02,construction_started|fully_operational|land_purchased,2020(year): construction_started=n_a by Harrison Street Asset Management; 2020(year): land_purchased=n_a by Harrison Street Asset Management; 2026-03-02(day): fully_operational=n_a by Harrison Street Asset Management; 2026-03-02(day): land_purchased=n_a by GI Partners
Harrison Street Asset Management data center,Severn,MD,Anne Arundel,39.14969,-76.679955,Proposed,,,4,2020,2026-03-02,construction_started|fully_operational|land_purchased|other,2020(year): land_purchased=approved by Harrison Street Asset Management; 2020(year): construction_started=n_a by Harrison Street Asset Management; 2026-03-02(day): fully_operational=n_a by Harrison Street Asset Management; 2026-03-02(day): other=approved by GI Partners
Person County Mega Site,Roxboro,NC,Person,36.479218,-78.9898,Proposed,,Microsoft,3,2024-11,2026-02-25,land_purchased|other|project_announced,2024-11(month): land_purchased=n_a by Microsoft; 2026(year): other=planned by Microsoft; 2026-02-25(day): project_announced=planned by Person County
Tower Gate Project,Mansfield Twp,NJ,Burlington,40.118675,-74.751205,Cancelled,,,0,,,,
NTT Data Center,Gainesville,VA,Prince William,38.800114,-77.60961,Proposed,96,,3,2026-03-04,2027,fully_operational|power_purchase_agreement_signed|project_announced,2026-03-04(day): power_purchase_agreement_signed=approved by NTT Global Data Centers; 2026-03-04(day): project_announced=n_a by NTT Global Data Centers; 2027(year): fully_operational=planned by NTT Global Data Centers
Aligned IAD-06 data center,Frederick,MD,Frederick,39.33511,-77.46484,Approved/Permitted/Under construction,72,,7,2021,2026-03-12,air_permit_applied|construction_started|other|project_announced|project_suspended,2021(year): project_announced=n_a by Aligned Data Centers; 2023(year): project_suspended=halted by Aligned Data Centers; 2023(year): air_permit_applied=granted by Maryland (air quality regulators); 2024-05(month): other=approved by Maryland; 2024-05(month): project_announced=planned by Aligned Data Centers; 2025-10(month): construction_started=n_a by Turner Construction Company; 2026-03-12(day): other=n_a by Turner Construction Company / Aligned Data Centers
BLE Landholdings data center,Pacific,MO,Franklin,38.434536,-90.75512,Proposed,,,3,2026-03,2026-03-17,public_hearing_held|rezoning_applied|rezoning_planning_commission_recommendation,2026-03(month): rezoning_applied=filed by BLE Landholdings (Beltline); 2026-03-17(day): public_hearing_held=n_a by Franklin County Planning and Zoning Commission; 2026-03-17(day): rezoning_planning_commission_recommendation=in_progress by Franklin County Planning and Zoning Commission
Provident Data Center/ Gateway Digital Campus,Villa Ridge,MO,Franklin,38.480186,-90.8453,Proposed,,,3,2026,2026-03-17,public_hearing_held|rezoning_applied|rezoning_planning_commission_recommendation,2026(year): rezoning_applied=filed by Provident Data Centers; 2026-03-17(day): public_hearing_held=n_a by Franklin County Planning and Zoning Commission; 2026-03-17(day): rezoning_planning_commission_recommendation=in_progress by Franklin County Planning and Zoning Commission
First Light Data Center,Bedford,NH,Hillsborough,42.928246,-71.46393,Operating,,,3,2006,2026-03-10,other|project_announced,2006(year): other=n_a by ColoSpace; 2019(year): other=n_a by FirstLight; 2026-03-10(day): project_announced=n_a by FirstLight
"AWS (Bitter Blue) (also ""Rockfish""?)",Elmendorf,TX,Bexar,29.292835,-98.38842,Proposed,,,5,2020-10,2029-02,building_permit_applied|construction_started|fully_operational|land_purchased|project_announced,2020-10(month): land_purchased=approved by Amazon (Rockfish); 2026-03(month): building_permit_applied=filed by Amazon Data Services; 2026-03(month): construction_started=planned by Amazon Data Services; 2026-03-18(day): project_announced=n_a by Amazon Data Services; 2029-02(month): fully_operational=planned by Amazon Data Services
Core Scientific,Quinlan,TX,Hunt,32.988132,-96.08421,Proposed,285,,5,2026-03-04,2029,fully_operational|land_purchased|other|partial_operational|project_announced,2026-03-04(day): project_announced=n_a by Core Scientific; 2026-03-04(day): land_purchased=n_a by Core Scientific; 2026-03-04(day): other=planned by Core Scientific; 2027(year): partial_operational=planned by Core Scientific; 2029(year): fully_operational=planned by Core Scientific
AWS data center (COPT Potranco),San Antonio,TX,Bexar,29.450628,-98.637535,Proposed,,,3,2026-03,2027-11,construction_started|fully_operational|other,2026-03(month): other=filed by COPT (applicant) / AWS (likely tenant); 2026-10(month): construction_started=planned by COPT / AWS; 2027-11(month): fully_operational=planned by COPT / AWS
 LS Power data center,Ashland,VA,Hanover,37.810474,-77.4485,Proposed,,,3,2025,2026-03-13,other|project_announced|site_plan_applied,2025(year): other=filed by LS Power / FERC; 2026-03-13(day): project_announced=planned by LS Power; 2026-03-13(day): site_plan_applied=filed by LS Power
Project West ,Norwalk,IA,Warren,41.458225,-93.70044,Proposed,,Tract Data Centers,3,2026-03,2026-03-05,other|project_announced|public_hearing_held,2026-03(month): project_announced=n_a by Tract Data Centers; 2026-03-05(day): other=approved by Norwalk City Council; 2026-03-05(day): public_hearing_held=n_a by Norwalk City Council
Data center,Clarksville,MS,Coahoma,34.148582,-90.541466,Proposed,,,3,2026-03-10,2026-03-17,project_announced|public_hearing_held|rezoning_council_decision,2026-03-10(day): rezoning_council_decision=in_progress by City of Clarksdale Board of Commissioners; 2026-03-17(day): public_hearing_held=n_a by City of Clarksdale; 2026-03-17(day): project_announced=n_a by City of Clarksdale
Project BOSC,Lima,OH,Allen,40.80032,-84.11909,Proposed,,Google,7,2024-12,2030,air_permit_applied|construction_started|fully_operational|other|project_announced|water_permit_issued,2024-12(month): project_announced=planned by Google; 2025-09(month): water_permit_issued=approved by American Township / Allen County; 2026(year): construction_started=planned by Google; 2026-03-17(day): other=n_a by Google; 2026-03-17(day): air_permit_applied=in_progress by Ohio Environmental Protection Agency; 2026-03-17(day): other=approved by Elida Local Schools / Allen County; 2030(year): fully_operational=planned by Google
Iron Mountain Data Center,Hutto,TX,Williamson,30.512888,-97.489456,Proposed,,,5,2026-03,2030,other|partial_operational|project_announced|public_hearing_held|water_permit_applied,2026-03(month): public_hearing_held=n_a by Hutto City Council; 2026-03(month): water_permit_applied=filed by Iron Mountain; 2026-03-18(day): project_announced=n_a by Iron Mountain; 2026-03-18(day): other=planned by Iron Mountain; 2030(year): partial_operational=planned by Iron Mountain
Project North,Archbald,PA,Lackawanna,41.524982,-75.554184,Proposed,,,2,2026-01,2026-03,project_announced|public_hearing_held,2026-01(month): public_hearing_held=n_a by Archbald Borough; 2026-03(month): project_announced=n_a by unknown developer
Dickson City Development LLC data centers,Scranton/ Dickson City,PA,Lackawanna,41.47686,-75.638275,Proposed,,,5,2025-11-16,2026-01-20,other|project_announced|public_hearing_held,2025-11-16(day): other=in_progress by Dickson City Borough; 2025-11-26(day): other=filed by Dickson City Development LLC; 2025-11-27(day): project_announced=filed by Dickson City Development LLC; 2025-12-09(day): public_hearing_held=n_a by Dickson City Borough Council; 2026-01-20(day): public_hearing_held=planned by Dickson City Borough Council
Archbald I Data Center Campuses (Project Scott),Archbald,PA,Lackawanna,41.516857,-75.564445,Proposed,,,2,2026-01,2026-01,project_announced|public_hearing_held,2026-01(month): project_announced=n_a by Provident Real Estate Advisors; 2026-01(month): public_hearing_held=n_a by Archbald Borough
Project Green Mountain Data Center,Archbald,PA,Lackawanna,41.51297,-75.52613,Proposed,,,4,2025-11,2026-03-19,conditional_use_permit_applied|other|public_hearing_held,2025-11(month): other=approved by Archbald Borough Council; 2026-01-26(day): conditional_use_permit_applied=filed by Project Green Mountain (Western Hospitality Partners / nondescript LLC); 2026-03-19(day): public_hearing_held=n_a by Archbald Borough Council; 2026-03-19(day): other=n_a by Project Green Mountain
Viking Data Centers,Akron ,OH,Summit,41.050426,-81.4743,Operating,150-400,,4,2025,2025,fully_operational|other|project_announced,2025(year): project_announced=n_a by Viking Data Centers; 2025(year): fully_operational=n_a by Viking Data Centers; 2025(year): other=n_a by Viking Data Centers; 2025(year): other=planned by Viking Data Centers
Sarcoxie Data Center,Sarcoxie,MO,Jasper,37.13561,-94.09406,Proposed,,,4,2025-03,2025-03-03,other|project_announced|public_hearing_held,2025-03(month): public_hearing_held=n_a by Jasper County Commission; 2025-03(month): other=n_a by Jasper County Residents; 2025-03-03(day): project_announced=n_a by Geronimo Power; 2025-03-03(day): public_hearing_held=n_a by Sarcoxie City Council
Fortune 500 data center (company not disclosed),Maysville,KY,Mason,38.663574,-83.86959,Proposed,400,,9,2025-04,2026-04-22,land_purchased|other|project_announced|public_hearing_held|rezoning_applied|rezoning_planning_commission_recommendation,2025-04(month): land_purchased=in_progress by Fortune 50 company (undisclosed); 2026-02-17(day): other=approved by Mason County Fiscal Court; 2026-02-27(day): other=approved by Mason County Fiscal Court; 2026-03-18(day): rezoning_applied=filed by City-County Industrial Development Authority / FBT Gibbons (applicant attorney); 2026-03-25(day): project_announced=n_a by Fortune 50 company (undisclosed) / City-County Industrial Development Authority; 2026-03-25(day): public_hearing_held=n_a by Mason County Joint Planning Commission; 2026-03-26(day): public_hearing_held=n_a by Mason County Joint Planning Commission; 2026-04-01(day): rezoning_planning_commission_recommendation=n_a by Mason County Joint Planning Commission; 2026-04-22(day): other=planned by Mason County Joint Planning Commission
Google Buffalo Data Center,Buffalo,WV,Putnam,38.635235,-81.96641,Proposed,,Google,6,2026-03,2027,construction_started|land_purchased|other|project_announced|public_hearing_held,2026-03(month): public_hearing_held=n_a by Putnam County; 2026-03-27(day): project_announced=n_a by Google / Governor Patrick Morrisey; 2026-03-27(day): land_purchased=n_a by Google; 2026-03-27(day): other=approved by State of West Virginia / Governor Patrick Morrisey; 2026-03-27(day): other=n_a by West Virginia Economic Development Authority; 2027(year): construction_started=planned by Google
TECfusions Keystone Connect Data Center,New Kensington / Upper Burrell,PA,,40.5694,-79.7663,Proposed,3000,TECfusions,3,2025-01-14,2025-01-14,land_purchased|other|project_announced,2025-01-14(day): project_announced=n_a by TECfusions; 2025-01-14(day): land_purchased=approved by TECfusions; 2025-01-14(day): other=approved by Pennsylvania Redevelopment Assistance Capital Program (RACP)
QTS,East Windsor,NJ,Mercer,40.275524,-74.5491,Operating,14,,6,2024-11-19,2025-04,construction_started|fully_operational|other|partial_operational,2024-11-19(day): other=n_a by QTS Data Centers / East Windsor Township; 2024-11-19(day): construction_started=in_progress by QTS Data Centers; 2025(year): other=n_a by QTS Data Centers; 2025(year): other=n_a by QTS Data Centers; 2025-02(month): partial_operational=planned by QTS Data Centers; 2025-04(month): fully_operational=planned by QTS Data Centers
LFF Industrial data center,Rochelle,KS,Ogle,41.899555,-89.04816,Suspended,48,,3,2026-03,2026-03,project_announced|project_suspended|public_hearing_held,2026-03(month): project_announced=filed by LFF Industrial / Midwest Power Investors LLC; 2026-03(month): project_suspended=halted by Rochelle City Council; 2026-03(month): public_hearing_held=n_a by Rochelle City Council
AWS,Lusby,MD,Calvert,38.389736,-76.43956,Proposed,,Amazon,3,2026-03,2026-04-06,moratorium_enacted|project_announced|public_hearing_held,2026-03(month): moratorium_enacted=in_progress by Calvert County Planning Commission; 2026-04-01(day): project_announced=planned by Amazon Web Services; 2026-04-06(day): public_hearing_held=n_a by Calvert County
Amazon Lusby Data Center,Lusby,MD,Calvert,38.42979,-76.45836,Proposed,,Amazon,3,2026-03,2026-04-06,moratorium_enacted|project_announced|public_hearing_held,2026-03(month): moratorium_enacted=in_progress by Calvert County Planning Commission; 2026-04-01(day): project_announced=n_a by Amazon Web Services; 2026-04-06(day): public_hearing_held=n_a by Calvert County
Blueprint Projects data center,Taylor,TX,Williamson,30.56745,-97.38766,Approved/Permitted/Under construction,30,Blueprint Project,6,2024-08,2025-07-24,other|power_purchase_agreement_signed|public_hearing_held|rezoning_council_decision|state_environmental_review_decision,2024-08(month): other=approved by Taylor City Council; 2025-04(month): other=n_a by Northampton Capital Partners; 2025-07(month): state_environmental_review_decision=approved by external environmental review company (hired by City of Taylor); 2025-07(month): power_purchase_agreement_signed=approved by Oncor; 2025-07-24(day): public_hearing_held=n_a by Taylor City Council; 2025-07-24(day): rezoning_council_decision=approved by Taylor City Council
Project Comal,Taylor,TX,Williamson,30.546633,-97.4439,Approved/Permitted/Under construction,360,,6,2026,2026-04-01,construction_started|other|project_announced|rezoning_council_decision|site_plan_approved,2026(year): construction_started=planned by KDC Real Estate; 2026-03-26(day): rezoning_council_decision=approved by Taylor City Council; 2026-03-26(day): other=approved by Taylor City Council; 2026-03-26(day): site_plan_approved=approved by Taylor City Council; 2026-04-01(day): project_announced=n_a by KDC Real Estate; 2026-04-01(day): other=n_a by Oncor
Oppidan data center,Apple Valley,MI,Dakota,44.72743,-93.18794,Cancelled,250-300,,7,2025-02,2026-03-26,conditional_use_permit_decision|other|project_announced|project_cancelled|rezoning_applied|rezoning_planning_commission_recommendation|site_plan_applied,2025-02(month): project_announced=n_a by Oppidan / Rockport LLC; 2026-01(month): other=denied by City of Apple Valley; 2026-03(month): rezoning_applied=withdrawn by Oppidan; 2026-03(month): rezoning_planning_commission_recommendation=recommended_denial by Apple Valley Planning Commission; 2026-03-26(day): site_plan_applied=denied by City of Apple Valley City Council; 2026-03-26(day): conditional_use_permit_decision=denied by City of Apple Valley City Council; 2026-03-26(day): project_cancelled=denied by City of Apple Valley City Council
Townsite Solar 2 LLC data center,Boulder City,NV,Clark,35.94159,-114.913795,Proposed,170,Townsite Solar 2 LLC,5,2023-09,2027,construction_started|other|partial_operational|project_announced,2023-09(month): other=approved by Boulder City; 2026(year): construction_started=planned by Townsite Solar 2 LLC; 2026-03-30(day): project_announced=planned by Townsite Solar 2 LLC / Skylar Capital / Overwatch Capital; 2026-03-30(day): other=approved by Boulder City; 2027(year): partial_operational=planned by Townsite Solar 2 LLC
Amazon Boardman Data Center,Boardman,OR,Morrow,45.836727,-119.689735,Proposed,,Amazon,2,2026,2026,land_purchased|project_announced,2026(year): land_purchased=n_a by Amazon; 2026(year): project_announced=planned by Amazon
AWS,Lexington/ Boardman,OR,Morrow,45.612293,-119.507706,Proposed,1000,Amazon,4,2025,2026-03-31,land_purchased|lawsuit_filed|site_plan_applied,2025(year): site_plan_applied=filed by Amazon Web Services (AWS); 2025-11(month): lawsuit_filed=filed by Amazon Web Services (AWS); 2026-01(month): land_purchased=n_a by Amazon Web Services (AWS); 2026-03-31(day): land_purchased=n_a by Amazon Web Services (AWS)
Simple Mining,Cascade,IA,Dubuque,42.2922,-91.0185,Proposed,,,6,2026-03-27,2026-03-27,building_permit_applied|other|project_announced|public_hearing_held|site_plan_applied,2026-03-27(day): project_announced=n_a by Simple Mining; 2026-03-27(day): site_plan_applied=in_progress by Simple Mining; 2026-03-27(day): building_permit_applied=in_progress by Simple Mining; 2026-03-27(day): public_hearing_held=planned by City of Cascade; 2026-03-27(day): other=n_a by Cascade Economic Development Corporation; 2026-03-27(day): other=n_a by Simple Mining
Simple Mining,Cedar Falls,IA,Black Hawk,42.480602,-92.48979,Proposed,,,3,2026-03,2026-04-22,public_hearing_held|rezoning_applied,2026-03(month): rezoning_applied=filed by Simple Mining / City of Cedar Falls; 2026-03-27(day): public_hearing_held=in_progress by City of Cedar Falls; 2026-04-22(day): public_hearing_held=planned by City of Cedar Falls
Sabey Data Center,Decatur,IN,Marion,39.666195,-86.30182,Proposed,250,,6,2025-11,2030,construction_started|fully_operational|other|partial_operational|project_announced|rezoning_council_decision,2025-11(month): project_announced=n_a by Sabey Data Centers; 2026(year): construction_started=planned by Sabey Data Centers; 2026-03-18(day): rezoning_council_decision=approved by Indianapolis Metropolitan Development Commission; 2026-03-27(day): other=planned by Sabey Data Centers; 2028(year): partial_operational=planned by Sabey Data Centers; 2030(year): fully_operational=planned by Sabey Data Centers
Drox Group data center,Rural Hall,NC,Forsyth ,36.24073,-80.30469,Proposed,,,5,2026,2026-04-09,project_announced|public_hearing_held|rezoning_applied|rezoning_council_decision|rezoning_planning_commission_recommendation,"2026(year): rezoning_council_decision=planned by Board of County Commissioners, Forsyth County; 2026-03-25(day): project_announced=n_a by Drox Group LLC; 2026-03-25(month): rezoning_applied=filed by Drox Group LLC; 2026-04-01(day): public_hearing_held=planned by Town of Rural Hall; 2026-04-09(day): rezoning_planning_commission_recommendation=planned by Planning Board of Forsyth County"
Crow Holdings Development data center,Fayetteville,GA,Fayette,33.484707,-84.43693,Cancelled,,,3,2026-01,2026-03-20,project_withdrawn|rezoning_planning_commission_recommendation|site_plan_applied,2026-01(month): rezoning_planning_commission_recommendation=recommended_denial by Fayetteville Planning and Zoning Commission; 2026-01(month): site_plan_applied=denied by Fayetteville Planning and Zoning Commission; 2026-03-20(day): project_withdrawn=withdrawn by Crow Holdings Development / CHI/Acquisitions
PowerHouse Hillwood Holding data center,Joliet,IL,Will,41.46266,-88.05086,Approved/Permitted/Under construction,1800,PowerHouse Hillwood Holding,4,2025-10,2026-03-19,project_announced|public_hearing_held|rezoning_council_decision|rezoning_planning_commission_recommendation,2025-10(month): project_announced=n_a by PowerHouse Hillwood Holding; 2026-03(month): rezoning_planning_commission_recommendation=recommended_approval by Joliet Planning and Zoning Commission; 2026-03-16(day): public_hearing_held=n_a by Joliet City Council; 2026-03-19(day): rezoning_council_decision=approved by Joliet City Council
Microsoft data center,Caledonia,MI,Kent,42.839203,-85.56194,Proposed,,Microsoft,6,2024,2026-04-15,land_purchased|project_announced|public_hearing_held|rezoning_applied,2024(year): land_purchased=approved by Microsoft; 2024-10(month): land_purchased=approved by Microsoft; 2024-12(month): rezoning_applied=filed by Microsoft; 2024-12(month): project_announced=n_a by Microsoft; 2026-03-23(day): land_purchased=planned by Microsoft; 2026-04-15(day): public_hearing_held=planned by Gaines Township Planning Commission
Microsoft data center,Dorr,MI,Allegan,42.737343,-85.68578,Proposed,,Microsoft,5,2024,2026-01-08,land_purchased|other|project_announced|public_hearing_held|site_plan_applied,2024(year): land_purchased=n_a by Microsoft; 2025-12-18(day): public_hearing_held=n_a by Dorr Township Board; 2025-12-18(day): other=n_a by Dorr Township; 2026-01-08(day): project_announced=n_a by Microsoft; 2026-01-08(day): site_plan_applied=planned by Microsoft
Metrobloks data center,Liberty,MO,Clay,39.207073,-94.45517,Proposed,,,4,2025-12,2026-03-24,conditional_use_permit_decision|other|project_announced,2025-12(month): conditional_use_permit_decision=approved by City of Liberty; 2026-03(month): other=approved by City of Liberty; 2026-03-24(day): project_announced=n_a by Metrobloks; 2026-03-24(day): other=granted by State of Missouri
Krambu data center,Missoula,MT,Missoula,46.872646,-113.86772,Proposed,10,,4,2026-03,2026-05,project_announced|public_hearing_held|special_use_permit_applied|special_use_permit_decision,"2026-03(month): special_use_permit_applied=filed by Missoula County Planning, Development and Sustainability; 2026-03-20(day): public_hearing_held=n_a by Friends of Two Rivers; 2026-03-24(day): project_announced=n_a by Krambu; 2026-05(month): special_use_permit_decision=planned by Missoula County Consolidated Land Use Board"
Revitalization Unlimited data center,Kansas City,MO,Jackson,39.102562,-94.58718,Proposed,30,,4,2026-01,2026-03-20,land_purchased|project_announced|public_hearing_held|special_use_permit_applied,2026-01(month): land_purchased=n_a by Revitalization Unlimited; 2026-01(month): project_announced=planned by Revitalization Unlimited; 2026-03(month): public_hearing_held=n_a by Kansas City Downtown Neighborhood Association; 2026-03-20(day): special_use_permit_applied=planned by Revitalization Unlimited
Shenandoah Computing data center,Kansas City,MO,Clay,39.17474,-94.46181,Proposed,,Google,4,2025-11,2026-03-20,construction_started|land_purchased|other|project_announced,2025-11(month): other=approved by Clay County / local government; 2026(year): construction_started=n_a by Shenandoah Computing LLC; 2026-03-20(day): land_purchased=n_a by Shenandoah Computing LLC; 2026-03-20(day): project_announced=n_a by Shenandoah Computing LLC
SoftBank Data Center/PORTS Technology Campus,Piketon,OH,Pike,39.01315,-83.00055,Proposed,9200,Softbank,7,2025,2026-03,construction_started|interconnection_agreement_executed|other|power_purchase_agreement_signed|project_announced,2025(year): other=approved by US Department of Energy; 2026-01(month): project_announced=planned by SoftBank / SB Energy; 2026-02(month): power_purchase_agreement_signed=approved by US Department of Energy / SoftBank / AEP Ohio; 2026-02(month): other=approved by US Department of Commerce; 2026-03(month): other=approved by US Department of Energy / Department of Commerce / SoftBank / AEP Ohio; 2026-03(month): interconnection_agreement_executed=approved by AEP Ohio / SB Energy; 2026-03(month): construction_started=in_progress by SB Energy / SoftBank
QTS Salem,Berwick,PA,Luzerne,41.092793,-76.16732,Proposed,,,3,2026,2026-03-19,construction_started|land_purchased|project_announced,2026(year): construction_started=planned by QTS; 2026-03-19(day): land_purchased=n_a by QTS (Salem Township Holdings LLC); 2026-03-19(day): project_announced=n_a by QTS
Regency HOA area data center,Ashburn,VA,Loudon,39.011425,-77.485016,Proposed,432,,4,2026,2026-03-20,other|project_announced|rezoning_applied,"2026(year): rezoning_applied=planned by Community Works, LLC (Regency HOA affiliate); 2026-03-20(day): project_announced=planned by Community Works, LLC (Regency HOA affiliate); 2026-03-20(day): other=in_progress by Community Works, LLC (Regency HOA affiliate); 2026-03-20(day): other=in_progress by Community Works, LLC (Regency HOA affiliate)"
xAI data center,Southaven,MS,DeSoto,34.992947,-90.03358,Proposed,,,0,,,,
Blueprint Project data center,Georgetown,TX,Williamson,30.584257,-97.672676,Approved/Permitted/Under construction,35,Blueprint Project,5,2024-09,2027,fully_operational|other|partial_operational|rezoning_council_decision,2024-09(month): other=approved by Georgetown City Council; 2024-09(month): rezoning_council_decision=approved by Georgetown City Council; 2025-04(month): other=n_a by Northampton Capital Partners; 2026(year): partial_operational=planned by Blueprint Projects; 2027(year): fully_operational=planned by Blueprint Projects
AREP PowerHouse Grand Prairie,Midlothian,TX,Ellis,32.47629,-97.0691,Approved/Permitted/Under construction,1800,PowerHouse Data Centers,4,2026-04-01,2027-01,building_permit_applied|construction_started|other|project_announced,2026-04-01(day): construction_started=in_progress by Prairie Ridge Phase 1 Owner LP; 2026-04-02(day): other=filed by Texas Department of Licensing and Regulation; 2026-04-02(day): building_permit_applied=filed by Prairie Ridge Phase 1 Owner LP; 2027-01(month): project_announced=n_a by PowerHouse Data Centers / American Real Estate Partners
"""Project Liberty"" Stream Data Center",Marion,SC,Marion,34.197998,-79.352036,Proposed,,,9,2025,2026-02-26,construction_started|other|project_announced|public_hearing_held|water_permit_applied,2025(year): project_announced=n_a by Stream Data Centers; 2026(year): construction_started=planned by Stream Data Centers; 2026-01(month): other=approved by Marion County Council; 2026-01-22(day): other=approved by Marion County Council; 2026-01-22(day): public_hearing_held=n_a by Marion County Council; 2026-02-25(day): public_hearing_held=n_a by Marion County Council / Stream Data Centers; 2026-02-25(day): water_permit_applied=in_progress by MarCo Rural Water Co. Inc.; 2026-02-25(day): other=approved by Stream Data Centers; 2026-02-26(day): public_hearing_held=n_a by Marion County Council / Stream Data Centers
Starpointe Industrial Park Data Center,Burgettstown,PA,Washington,40.431973,-80.42476,Unknown,,,3,2024,2024-11-26,land_purchased|other|project_announced,2024(year): project_announced=planned by ALTIAN Development LLC; 2024(year): other=approved by Hanover Township; 2024-11-26(day): land_purchased=approved by ALTIAN Development LLC
Joule Power AI Data Center Campus,Millard County,UT,Millard,39.199276,-112.37303,Proposed,"455-12,000",Joule Power,7,2024-08,2032,conditional_use_permit_decision|construction_started|fully_operational|land_purchased|other|partial_operational|public_hearing_held,2024-08(month): conditional_use_permit_decision=approved by Millard County Commission; 2024-08(month): public_hearing_held=n_a by Millard County Commission; 2024-11(month): construction_started=n_a by Joule Power; 2025(year): land_purchased=n_a by Joule Power; 2026(year): partial_operational=planned by Joule Power; 2026-03(month): other=n_a by Joule Power; 2032(year): fully_operational=planned by Joule Power
MS Solar Grid Data,New Orleans East,LA,Orleans,30.037401,-89.97886,Suspended,,,7,2025-11,2026-01-28,moratorium_enacted|other|project_announced|project_suspended|public_hearing_held|rezoning_applied,2025-11(month): project_announced=filed by MS Solar Grid Data; 2025-12(month): public_hearing_held=n_a by MS Solar Grid Data; 2025-12(month): rezoning_applied=filed by MS Solar Grid Data; 2026-01-28(day): moratorium_enacted=approved by New Orleans City Council; 2026-01-28(day): project_suspended=halted by New Orleans City Council; 2026-01-28(day): other=in_progress by New Orleans City Council; 2026-01-28(day): other=n_a by Mayor Moreno
Quantica LLC Big Sky Campus,Broadview,MT,Yellowstone,45.89389,-108.88078,Proposed,1000,"Meta, Google, Amazon",6,2025-08-04,2031,construction_started|fully_operational|land_purchased|other|partial_operational|project_announced,2025-08-04(day): project_announced=n_a by Quantica Infrastructure / Big Sky Digital Infrastructure; 2025-08-04(day): land_purchased=n_a by Big Sky Digital Infrastructure; 2025-08-04(day): other=n_a by NorthWestern Energy; 2026(year): construction_started=planned by Big Sky Digital Infrastructure; 2028(year): partial_operational=planned by Big Sky Digital Infrastructure; 2031(year): fully_operational=planned by Big Sky Digital Infrastructure
Adair Park / West End Data Center,Atlanta,GA,Fulton,33.739025,-84.41105,Proposed,,Digital Realty,5,2024,2025-03,other|public_hearing_held|rezoning_applied|rezoning_council_decision,2024(year): other=approved by Atlanta City Council; 2024(year): rezoning_applied=filed by Digital Realty; 2024(year): rezoning_council_decision=denied by Atlanta City Council; 2024-12(month): public_hearing_held=n_a by Pittsburgh Neighborhood Association; 2025-03(month): rezoning_applied=filed by Digital Realty
"""Project Taurus""",Colorado Springs,CO,El Paso,38.893997,-104.85778,Proposed,50,Raeden,2,2026-04-07,2026-04-07,project_announced|public_hearing_held,2026-04-07(day): project_announced=n_a by Raeden; 2026-04-07(day): public_hearing_held=planned by Raeden
PowerBridge/ LandBridge data centers,Between Odessa and Pecos,TX,Reeves,31.316566,-103.10906,Proposed,2000,,6,2026-04-02,2028,fully_operational|interconnection_request_filed|land_purchased|other|partial_operational|project_announced,2026-04-02(day): project_announced=n_a by LandBridge / PowerBridge; 2026-04-02(day): land_purchased=approved by LandBridge / PowerBridge; 2026-04-02(day): interconnection_request_filed=filed by PowerBridge; 2026-04-02(day): other=n_a by PowerBridge; 2027(year): partial_operational=planned by PowerBridge; 2028(year): fully_operational=planned by PowerBridge
Festus Data Center,Festus,MO,Jefferson,38.19273,-90.41881,Proposed,,CRG,8,2025-11,2026-04-10,lawsuit_filed|other|public_hearing_held|rezoning_council_decision,2025-11(month): other=approved by Festus City Council; 2026-02(month): lawsuit_filed=filed by Festus residents; 2026-02-27(day): other=approved by Festus City Council; 2026-02-27(day): public_hearing_held=n_a by Festus City Council; 2026-04(month): rezoning_council_decision=approved by Festus City Council; 2026-04(month): other=approved by Festus City Council; 2026-04-08(day): other=n_a by Festus voters; 2026-04-10(day): lawsuit_filed=filed by Wake Up JeffCo / property owners
Antelope Data Center,Cedar City,UT,Iron,37.795376,-113.37061,Proposed,1500,,2,2026-04-02,2026-04-07,project_announced|public_hearing_held,"2026-04-02(day): public_hearing_held=n_a by Iron County Planning Commission; 2026-04-07(day): project_announced=n_a by Pronghorn Development, LLC"
Microsoft Cheyenne Data Center,Cheyenne,WY,Laramie,41.06447,-104.77278,Proposed,,Microsoft,3,2026-04-15,2026-08,construction_started|land_purchased|project_announced,2026-04-15(day): project_announced=planned by Microsoft; 2026-04-15(day): land_purchased=planned by Microsoft; 2026-08(month): construction_started=n_a by Microsoft
Edged Mesa Data Center,Mesa,AZ,Maricopa,33.335514,-111.64406,Operating,36,Edged,4,2023,2026-04,construction_started|fully_operational|other|project_announced,2023(year): project_announced=n_a by Edged; 2024-08(month): construction_started=n_a by Edged; 2025-04(month): other=n_a by Edged; 2026-04(month): fully_operational=n_a by Edged
DMK Projects data center,Coachella,CA,Riverside,33.6714,-116.129,Proposed,600,,2,2026-02-11,2026-04-10,project_announced|public_hearing_held,2026-02-11(day): public_hearing_held=n_a by City of Coachella City Council; 2026-04-10(day): project_announced=n_a by DMK Projects
Thunderbird Commerce Center Project,Indianapolis,IN,Marion,39.76848,-86.05339,Proposed,,DC Blox,5,2021,2026-05,construction_started|land_purchased|project_announced|public_hearing_held|variance_applied,"2021(year): land_purchased=n_a by Lauth Group, Inc. and Covington Group; 2026(year): construction_started=planned by DC Blox; 2026-04-08(day): project_announced=n_a by DC Blox; 2026-04-08(day): variance_applied=filed by DC Blox; 2026-05(month): public_hearing_held=planned by Indianapolis City-County Council"
Green Data Center,Socorro,NM,Socorro,34.077454,-107.02448,Proposed,2000,,5,2026,2026-04-14,construction_started|other|project_announced|public_hearing_held,2026(year): construction_started=planned by Green Data; 2026-03-25(day): project_announced=planned by Green Data; 2026-03-25(day): public_hearing_held=n_a by Socorro Electric Cooperative; 2026-04-14(day): other=n_a by local residents; 2026-04-14(day): other=planned by Green Data
Project Caprock (LBB-01),Abernathy,TX,Hale,33.86355,-101.85285,Approved/Permitted/Under construction,540,Aligned,3,2026-02,2027-01,construction_started|partial_operational|project_announced,2026-02(month): project_announced=n_a by Aligned; 2026-04-10(day): construction_started=n_a by Aligned; 2027-01(month): partial_operational=planned by Aligned
Project Hutto,Hutto,TX,Williamson,30.556295,-97.55823,Cancelled,70,,7,2026-04-07,2026-04-20,lawsuit_filed|other|project_announced|project_withdrawn|public_hearing_held|rezoning_applied|rezoning_planning_commission_recommendation,2026-04-07(day): public_hearing_held=n_a by Hutto Planning and Zoning Commission; 2026-04-08(day): project_announced=filed by Zydeco Development Corporation; 2026-04-08(day): rezoning_applied=filed by Zydeco Development Corporation; 2026-04-16(day): other=recommended_denial by Hutto City Planning Staff; 2026-04-16(day): lawsuit_filed=filed by Stop the Hutto Data Center (residents group); 2026-04-20(day): rezoning_planning_commission_recommendation=n_a by Hutto Planning and Zoning Commission; 2026-04-20(day): project_withdrawn=withdrawn by Zydeco Development Corporation
QTS Wilmer data center (DFW2 and DC1),Lancaster,TX,Dallas,32.580692,-96.70294,Expanding,,,6,2024-09,2027-12,building_permit_applied|construction_started|fully_operational,2024-09(month): building_permit_applied=filed by QTS / Texas Department of Licensing and Regulation; 2024-11(month): construction_started=planned by QTS; 2025-12(month): fully_operational=planned by QTS; 2026-04-10(day): building_permit_applied=filed by QTS / Texas Department of Licensing and Regulation; 2026-09(month): construction_started=planned by QTS; 2027-12(month): fully_operational=planned by QTS
Project Alpaca,Union,SC,Union,34.709877,-81.664665,Proposed,49,Volt Edge Energy,4,2026,2027,construction_started|fully_operational|project_announced|public_hearing_held,2026(year): construction_started=planned by Volt Edge Energy; 2026-04-15(day): project_announced=n_a by Volt Edge Energy; 2026-05-12(day): public_hearing_held=planned by Union County Council; 2027(year): fully_operational=planned by Volt Edge Energy
Steve Poe's Campground data center,Louisville,KY,Jefferson,38.196014,-85.859985,Approved/Permitted/Under construction,400,PowerHouse Data Centers,7,2025,2026-10,construction_started|other|partial_operational|project_announced|public_hearing_held|site_plan_approved,2025(year): construction_started=in_progress by PowerHouse Data Centers / Poe Companies; 2025(year): other=approved by Louisville Planning Commission; 2025-01(month): other=approved by Louisville Metro Government; 2025-01-16(day): project_announced=n_a by PowerHouse Data Centers / Poe Companies; 2026-03-05(day): public_hearing_held=n_a by Louisville Planning Commission; 2026-03-05(day): site_plan_approved=approved by Louisville Planning Commission; 2026-10(month): partial_operational=planned by PowerHouse Data Centers / Poe Companies
Former Remington gun factory,Ilion,NY,Herkimer,43.01354,-75.033745,Proposed,200,,4,2025,2026-04-20,land_purchased|other|project_announced|state_environmental_review_initiated,2025(year): land_purchased=approved by Turin Hoefler Avenue LLC; 2026-04-20(day): project_announced=filed by Turin Hoefler Avenue LLC; 2026-04-20(day): state_environmental_review_initiated=filed by New York Department of Environmental Conservation; 2026-04-20(day): other=n_a by Local community members
Project Arrowhead,Ocilla,GA,Irwin,31.59873,-83.37431,Proposed,1250,,6,2026-02-04,2026-05-20,other|project_announced|state_environmental_review_decision|state_environmental_review_initiated,"2026-02-04(day): project_announced=n_a by Premier Data Center Development, LLC; 2026-04-10(day): state_environmental_review_initiated=filed by Irwin County / Premier Data Center Development, LLC; 2026-04-10(day): other=filed by Irwin County / Premier Data Center Development, LLC; 2026-04-14(day): state_environmental_review_decision=in_progress by Georgia Department of Community Affairs; 2026-04-20(day): other=approved by Georgia Department of Community Affairs; 2026-05-20(day): other=planned by Georgia Department of Community Affairs"
SAT 93 and SAT94,Medina/ Castroville,TX,Medina,29.424786,-98.81255,Proposed,,Microsoft,7,2025-02,2029-05,construction_started|fully_operational|other|project_announced,2025-02(month): other=filed by Microsoft; 2026-03-17(day): project_announced=planned by Microsoft; 2026-03-17(day): other=filed by Microsoft; 2027-03(month): construction_started=planned by Microsoft; 2027-04(month): construction_started=planned by Microsoft; 2029-04(month): fully_operational=planned by Microsoft; 2029-05(month): fully_operational=planned by Microsoft
Natelli Investments data center,Henderson,NC,Vance,36.30721,-78.47415,Proposed,,,6,2026,2026-04-06,moratorium_enacted|project_withdrawn|public_hearing_held|rezoning_applied|rezoning_council_decision|rezoning_planning_commission_recommendation,2026(year): rezoning_applied=filed by Natelli Investments; 2026-03(month): rezoning_planning_commission_recommendation=recommended_approval by Vance County Planning Board; 2026-03(month): project_withdrawn=withdrawn by Natelli Investments; 2026-04(month): rezoning_council_decision=approved by Vance County Board of Commissioners; 2026-04(month): moratorium_enacted=planned by Vance County residents / petition signatories; 2026-04-06(day): public_hearing_held=n_a by Vance County Board of Commissioners
ReLoad data center,Maryville,MO,Nodaway,40.255207,-94.97283,Proposed,,ReLoad,5,2025-12-16,2026-03-11,other|project_announced|public_hearing_held,2025-12-16(day): project_announced=n_a by ReLoad / Scale Microgrids; 2025-12-16(day): public_hearing_held=n_a by Nodaway County Commissioners; 2026-02(month): other=n_a by Scale Microgrids; 2026-03-11(day): other=in_progress by ReLoad / Scale Microgrids; 2026-03-11(day): other=planned by Scale Microgrids
Project Delta,Walnut Cove,NC,Stokes,36.324413,-80.09938,Suspended,,Engineered Land Solutions,10,2024,2026-04,lawsuit_filed|other|project_suspended|public_hearing_held|rezoning_applied|rezoning_council_decision|rezoning_planning_commission_recommendation,2024(year): rezoning_applied=filed by Engineered Land Solutions; 2024-12-04(day): rezoning_planning_commission_recommendation=recommended_denial by Stokes County Planning Board; 2025-01-12(day): public_hearing_held=n_a by Stokes County Board of Commissioners; 2025-01-12(day): rezoning_council_decision=approved by Stokes County Board of Commissioners; 2025-01-12(day): other=approved by Stokes County Board of Commissioners; 2025-03(month): lawsuit_filed=filed by Southern Coalition for Social Justice / Southern Environmental Law Center; 2026-04(month): rezoning_council_decision=vacated by Stokes County Board of Commissioners; 2026-04(month): other=vacated by Stokes County Board of Commissioners; 2026-04(month): project_suspended=halted by Stokes County Board of Commissioners; 2026-04(month): rezoning_applied=planned by Engineered Land Solutions
Data center,South Annville Twp,PA,Lebanon,40.32169,-76.52822,Proposed,,,2,2026-04-20,2026-04-20,project_announced|public_hearing_held,2026-04-20(day): project_announced=planned by Inch & Company; 2026-04-20(day): public_hearing_held=n_a by Lebanon County Commissioners
Data center,Clarks Summit,PA,Lackawanna,41.450073,-75.7125,Proposed,,,4,2025-04,2025-05-02,other|project_announced,2025-04(month): other=approved by State of Arkansas; 2025-05(month): other=approved by Little Rock Board of Directors; 2025-05(month): other=approved by Little Rock Board of Directors; 2025-05-02(day): project_announced=n_a by Willowbend Capital LLC
Sentinel data center,Exton,PA,Chester,40.039886,-75.5847,Proposed,,Sentinel,6,2022,2026-04-14,other|project_announced|public_hearing_held|site_plan_applied,"2022(year): project_announced=n_a by 1547 Critical Systems Realty / Green Fig Land Company; 2024(year): project_announced=n_a by Sentinel Data Centers; 2026(year): other=n_a by other_info; 2026-04(month): site_plan_applied=filed by Sentinel Green Fig, LLC; 2026-04-14(day): public_hearing_held=in_progress by East Whiteland Board of Supervisors; 2026-04-14(day): other=n_a by Sentinel Data Centers"
Project Seafox,El Paso,TX,El Paso,31.98718,-106.369095,Proposed,1000,Meta,7,2023,2029-02,construction_started|fully_operational|other|project_announced,2023(year): project_announced=n_a by Meta / Wurldwide LLC; 2025-10(month): construction_started=n_a by Meta / Wurldwide LLC; 2025-11(month): other=in_progress by Meta / Wurldwide LLC; 2026-03(month): other=n_a by Meta; 2026-04-21(day): other=filed by Meta / Wurldwide LLC; 2027(year): other=planned by Meta; 2029-02(month): fully_operational=planned by Meta / Wurldwide LLC
